evidence_id,topic_key,research_round,label,confidence,claim,verification_verdict,verification_correction,confidence_note,conflict_note,source_title,source_org,source_date,source_ref,relevance,access_date,validation_status
EV-RONINS20-01,ronins-2026,,TO_VERIFY,Low,"The blog 'Global Space Power Dynamics in 2026' (Ronin's Grips, 5 Feb 2026) ranks 20 military space powers with the US first (~247+ military satellites claimed), China second (~157+), Russia third (~110), and Australia 12th, characterising Australia's role as Space Domain Awareness and resilient communications for dispersed forces.",,,,,Global Space Power Dynamics in 2026,Ronin's Grips Analytics Blog,2026-02,https://blog.roninsgrips.com/global-space-power-dynamics-in-2026/,Partner capability — external benchmark of relative space power; ranking methodology and satellite counts unverified,2026-07-18,Custodian validation pending
EV-RONINS20-02,ronins-2026,,ASSESSMENT,Medium,"The blog's central thesis is that the unipolar moment of US space dominance has ended and that grey-zone counterspace activity (jamming, laser dazzling, cyber intrusion, co-orbital manoeuvre) is the normalised form of orbital competition, with proliferated 'anti-fragile' LEO architectures as the emerging resilience strategy for the US, China and Europe.",,,,,Global Space Power Dynamics in 2026,Ronin's Grips Analytics Blog,2026-02,https://blog.roninsgrips.com/global-space-power-dynamics-in-2026/,"Constraint — threat environment shaping any Australian partnership; consistent with corroborated events (Cosmos 1408, SJ-21, Ukraine EW)",2026-07-18,Custodian validation pending
EV-RONINS20-03,ronins-2026,,FACT,High,"Seven nations — Australia, Canada, France, Germany, New Zealand, the United Kingdom and the United States — jointly released the Combined Space Operations (CSpO) Vision 2031 statement on 23 February 2022, committing to information sharing, aligned policy development and combined national-security space capability.",CORRECTED,"Seven nations — Australia, Canada, France, Germany, New Zealand, the UK and the US — jointly released the CSpO Vision 2031 statement on 22 February 2022 (Australia's Department of Defence announcement was dated 23 February due to Australian local time).",,Date conflict resolved: US DoD announced CSpO Vision 2031 on 22 Feb 2022 (US time); Australian Department of Defence release is dated 23 Feb 2022 (AEDT). Same event — record the date per the source cited.,Release of the Combined Space Operations Vision 2031 statement,Australian Department of Defence / US DoD / UK MoD / NZ MoD (consistent official releases),2022-02,https://www.defence.gov.au/news-events/releases/2022-02-23/release-combined-space-operations-vision-2031-statement,Forum — CSpO is an existing multilateral vehicle in which Australia is a founding participant,2026-07-18,Custodian validation pending
EV-RONINS20-04,ronins-2026,,TO_VERIFY,Medium,"The blog states that Japan participates in CSpO alongside Australia; the founding-membership sources accessed this session confirm only the original seven nations, so post-2022 CSpO enlargement (e.g., Japan) needs authoritative confirmation.",,,,,Global Space Power Dynamics in 2026 / CSpO Vision 2031 releases,Ronin's Grips blog vs official CSpO releases,2026-02,https://blog.roninsgrips.com/global-space-power-dynamics-in-2026/,Forum — current CSpO membership determines the multilateral partner set available to Australia,2026-07-18,Custodian validation pending
EV-RONINS20-05,ronins-2026,,FACT,High,"On 4 November 2024 the Australian Department of Defence cancelled JP9102 (the multi-billion-dollar GEO military SATCOM project contracted to Lockheed Martin), stating that 'a single orbit GEO-based satellite communications system would not meet strategic priorities' and pivoting to a multi-orbit approach for security and resilience.",CORRECTED,"On 4 November 2024 the Australian Department of Defence cancelled JP9102, the multi-billion-dollar (~A$7B) GEO military SATCOM project for which Lockheed Martin Australia had been named preferred bidder in April 2023 — no acquisition contract had been signed; Defence 'ceased its procurement activity' — stating that 'a single orbit GEO-based satellite communications system would not meet strategic priorities' and pivoting to a multi-orbit approach.",,,Australia abandons geostationary satellite program to explore multi-orbit options,SpaceNews (quoting Australian Department of Defence statement),2024-11,https://spacenews.com/australia-abandons-7-billion-geostationary-satellite-program-to-explore-multi-orbit-options/,"Australian input / dependency — Australia's deliberate shift toward multi-orbit, partner- and commercially-augmented SATCOM architectures",2026-07-18,Custodian validation pending
EV-RONINS20-06,ronins-2026,,TO_VERIFY,Medium,"Reported valuations of the cancelled JP9102 program differ across sources (approximately US$5 billion in SpaceNews, ~A$7 billion in Australian trade press, '$5.3B' in the blog); the exact program value should be taken from Australian Government budget documents rather than secondary reporting.",,,,,Australia abandons geostationary satellite program / Defence axes JP9102,SpaceNews / Australian Defence Magazine / CriticalComms,2024-11,https://spacenews.com/australia-abandons-7-billion-geostationary-satellite-program-to-explore-multi-orbit-options/,Australian input — scale of resource reallocation available to alternative partnership instruments,2026-07-18,Custodian validation pending
EV-RONINS20-07,ronins-2026,,FACT,High,"On 15 November 2021 Russia conducted a direct-ascent anti-satellite missile test that destroyed the defunct satellite Cosmos 1408, generating more than 1,500 pieces of trackable orbital debris; USSPACECOM Commander Gen. James Dickinson stated the debris 'will continue to pose a threat to activities in outer space for years to come'.",CONFIRMED,,,,"Russian direct-ascent anti-satellite missile test creates significant, long-lasting space debris",United States Space Command,2021-11,https://www.spacecom.mil/Newsroom/News/Article-Display/Article/2842957/russian-direct-ascent-anti-satellite-missile-test-creates-significant-long-last/,Constraint — demonstrated kinetic ASAT threat and debris risk to any orbit regime Australia depends on,2026-07-18,Custodian validation pending
EV-RONINS20-08,ronins-2026,,FACT,High,"On 27 March 2019 India conducted the Mission Shakti kinetic ASAT test against a low-Earth-orbit satellite, becoming the fourth nation (after the US, Russia and China) to demonstrate the capability; India's Ministry of External Affairs stated the test was conducted at low altitude so debris would decay within weeks and that India opposes weaponisation of outer space.",CONFIRMED,,,,"Frequently Asked Questions on Mission Shakti, India's Anti-Satellite Missile test conducted on 27 March, 2019","Ministry of External Affairs, Government of India",2019-03,https://www.mea.gov.in/press-releases.htm?dtl%2F31179%2FFrequently_Asked_Questions_on_Mission_Shakti_Indias_AntiSatellite_Missile_test_conducted_on_27_March_2019=,"Partner capability — India's demonstrated counterspace capability and declared restraint posture, relevant to Indo-Pacific partner selection",2026-07-18,Custodian validation pending
EV-RONINS20-09,ronins-2026,,FACT,High,"On 11 January 2007 China destroyed its defunct Fengyun-1C weather satellite at ~865 km altitude with a kinetic kill vehicle, creating the largest debris event in spaceflight history (over 3,000 trackable fragments, thousands still on orbit).",CONFIRMED,,,,"2007 Chinese anti-satellite missile test (multiple consistent accounts incl. SpaceNews, NASA-linked debris tracking)",Wikipedia / SpaceNews / Orbital Radar (consistent multi-source record),2007,https://en.wikipedia.org/wiki/2007_Chinese_anti-satellite_missile_test,Constraint — enduring debris environment and Chinese kinetic ASAT precedent shaping partnership risk calculus,2026-07-18,Custodian validation pending
EV-RONINS20-10,ronins-2026,,FACT,High,"In January 2022 China's Shijian-21 (SJ-21) spacecraft docked with the defunct Beidou-2 G2 navigation satellite and towed it roughly 3,000 km above the GEO belt (well beyond the standard graveyard orbit) before undocking and returning to GEO, demonstrating dual-use rendezvous-and-proximity/on-orbit-servicing capability, as tracked by commercial SSA provider ExoAnalytic Solutions.",CONFIRMED,,,,China's Shijian-21 towed dead satellite to a high graveyard orbit,SpaceNews / ExoAnalytic Solutions,2022-01,https://spacenews.com/chinas-shijian-21-spacecraft-docked-with-and-towed-a-dead-satellite/,Partner capability / constraint — Chinese co-orbital capability the blog cites as evidence of near-parity in counterspace vectors,2026-07-18,Custodian validation pending
EV-RONINS20-11,ronins-2026,,FACT,Medium,"The blog's claim that the US Space Force budget 'exceeds $53 billion for 2024' is contradicted by contemporaneous reporting: Congress enacted approximately $29 billion for the Space Force in FY2024 (up from $26.3 billion in FY2023, below the ~$30 billion request).",,,,,Space Force budget inches upward in tight fiscal year,SpaceNews,2024,https://spacenews.com/space-force-budget-inches-upward-in-tight-fiscal-year/,Partner capability — corrects blog figure on US resourcing; also flags blog's numerical reliability as a source,2026-07-18,Custodian validation pending
EV-RONINS20-12,ronins-2026,,FACT,Medium,"France is pursuing an 'active defence' space doctrine including the YODA program — small 'bodyguard' demonstrator satellites for close-proximity operations in GEO built on Hemeria platforms — with a follow-on (~100 kg patrol satellite, ARES program, potentially laser-armed) envisaged around 2030.",,,,,The Evolution of French Space Security / Our Military Space Operations,CSIS Aerospace Security Project / French Ministère des Armées,2024-03,http://aerospace.csis.org/wp-content/uploads/2024/04/240314_Young_French_Space.pdf,Partner capability — France (CSpO member) developing on-orbit protection capabilities relevant to allied burden-sharing,2026-07-18,Custodian validation pending
EV-RONINS20-13,ronins-2026,,TO_VERIFY,Low,"The blog names a French laser-dazzling program 'BLOOMLASE'; this program name could not be corroborated in any official or think-tank source accessed this session (French sources reference YODA, ARES and ground-based laser concepts instead).",,,,,Global Space Power Dynamics in 2026,Ronin's Grips Analytics Blog,2026-02,https://blog.roninsgrips.com/global-space-power-dynamics-in-2026/,Partner capability — possible blog error or obscure program name; do not cite without French official confirmation,2026-07-18,Custodian validation pending
EV-RONINS20-14,ronins-2026,,FACT,High,"Australia hosts and operates (via RAAF, under 2010 AUSMIN Statement of Principles and a 2012 MoU with the US) the relocated US C-Band space surveillance radar at Naval Communication Station Harold E. Holt, Exmouth WA — the first low-Earth-orbit Space Surveillance Network sensor in the Southern Hemisphere — which reached Full Operational Capability in March 2017.",,,,,Australia's Space Surveillance Radar reaches Full Operational Capability,Australian Defence Ministers (media release),2017-03,https://www.minister.defence.gov.au/media-releases/2017-03-07/australias-space-surveillance-radar-reaches-full-operational-capability,Australian value proposition — unique Southern Hemisphere geography contributed to allied space domain awareness,2026-07-18,Custodian validation pending
EV-RONINS20-15,ronins-2026,,FACT,Medium,"The US Space Surveillance Telescope was relocated from White Sands, New Mexico to Exmouth, Western Australia under 2012–2013 US-Australia agreements, achieved first light in March 2020 and was operationally accepted in September 2022; a Deep-Space Advanced Radar Capability (DARC) site at Exmouth was scheduled to be the first of three (Australia, US, UK) operating by 2026.",,,,,"Space Surveillance Telescope facilities (parliamentary record) / Seeing through the DARC, deep into space",Parliament of Australia / ASPI The Strategist,2024,https://www.aspistrategist.org.au/seeing-through-the-darc-deep-into-space/,Australian value proposition / instrument — bilateral hosting agreements as concrete partnership instruments; DARC status as of mid-2026 needs confirmation,2026-07-18,Custodian validation pending
EV-RONINS20-16,ronins-2026,,ASSESSMENT,High,"The blog assesses that 'Australia's geography makes it indispensable for Southern Hemisphere space tracking'; this is analytically supported by the corroborated concentration of allied SDA sensors at Exmouth (C-band radar, Space Surveillance Telescope, planned DARC first site).",,,,,Global Space Power Dynamics in 2026 (corroborated by official Australian releases),Ronin's Grips blog / Australian Defence,2026-02,https://blog.roninsgrips.com/global-space-power-dynamics-in-2026/,Australian value proposition — geography and ground segment as Australia's principal contribution to space partnerships,2026-07-18,Custodian validation pending
EV-RONINS20-17,ronins-2026,,ASSESSMENT,Medium,"The blog asserts Starlink proved resilient against Russian electronic warfare in Ukraine, using it as evidence that commercial proliferated constellations are strategically significant; this is consistent with widely reported experience but was not corroborated against a government source this session.",,,,,Global Space Power Dynamics in 2026,Ronin's Grips Analytics Blog,2026-02,https://blog.roninsgrips.com/global-space-power-dynamics-in-2026/,Dependency — commercial mega-constellations as a resilience option and dependency risk in Australian SATCOM architecture,2026-07-18,Custodian validation pending
EV-RONINS20-18,ronins-2026,,TO_VERIFY,Low,"Blog claims not corroborated this session and needing verification against authoritative tracking data: China launched 43 military satellites in 2024; Russia's Cosmos 2542/2543 shadowed a US KH-11 satellite; the US Counter Communications System Block 10.2 provides reversible denial of adversary SATCOM; specific military satellite fleet counts (US ~247+, China ~157+, Russia ~110).",,,,,Global Space Power Dynamics in 2026,Ronin's Grips Analytics Blog,2026-02,https://blog.roninsgrips.com/global-space-power-dynamics-in-2026/,Partner capability / constraint — quantitative counterspace and fleet claims requiring corroboration from CSIS/SWF threat assessments or official sources,2026-07-18,Custodian validation pending
EV-RONINS20-19,ronins-2026,,ASSESSMENT,Medium,"Taken together, the corroborated evidence (founding CSpO membership, hosting of US SDA sensors at Exmouth, cancellation of sovereign GEO SATCOM in favour of multi-orbit architectures) indicates Australia has chosen deep integration with US-led allied space architectures over autonomous large-satellite programs, implying a partnership framework should weight interoperability, ground-segment geography and commercial augmentation as Australia's primary bargaining assets.",,,,,"Synthesis of sources accessed this session (SpaceNews JP9102, CSpO releases, Australian Defence Ministers, ASPI)",Analyst synthesis,2026-07,https://spacenews.com/australia-abandons-7-billion-geostationary-satellite-program-to-explore-multi-orbit-options/,Australian value proposition / dependency — core analytical judgement for the partnership framework,2026-07-18,Custodian validation pending
EV-STRATEGI-01,strategic-art,,FACT,High,"ASFF stands for the Australian Strategy Formulation Framework, as stated on the cover and title page of 'On Strategic Art - A Guide to Strategic Thinking & The Australian Strategy Formulation Framework' and throughout Chapter 5.",CONFIRMED,,,,"On Strategic Art - A Guide to Strategic Thinking & The Australian Strategy Formulation Framework (Edition 1, Electronic Version 1-1)","Australian War College / Australian Defence College, Department of Defence",2024,https://theforge.defence.gov.au/sites/default/files/2024-11/On%20Strategic%20Art%20-%20A%20Guide%20to%20Strategic%20Thinking%20and%20the%20ASFF%20%28Electronic%20Version%201-1%29.pdf,Instrument - authoritative naming of the strategy-formulation method the partnership framework can adopt,2026-07-18,Custodian validation pending
EV-STRATEGI-02,strategic-art,,FACT,High,"The handbook was published by the Australian Department of Defence, Canberra, in 2024; authored by Colonel Nick Bosio CSC PhD (2023-2024 Strategic Art Program Convenor) for the Defence and Strategic Studies Centre, Australian War College; with a foreword by Air Commodore Ruth Elsley CSC, Commandant Australian War College; and is approved for public release.",CONFIRMED,,,,"On Strategic Art (copyright page, foreword, acknowledgements)",Australian War College / Department of Defence,2024,https://theforge.defence.gov.au/sites/default/files/2024-11/On%20Strategic%20Art%20-%20A%20Guide%20to%20Strategic%20Thinking%20and%20the%20ASFF%20%28Electronic%20Version%201-1%29.pdf,Australian input - provenance and citation authority of the doctrine-adjacent source,2026-07-18,Custodian validation pending
EV-STRATEGI-03,strategic-art,,FACT,High,"The handbook's disclaimer states the views expressed are the author's own and do not necessarily reflect the views or policies of the Australian Government or the Department of Defence; it is an educational handbook complementing the Australian War College Strategic Art Program, not formal ADF doctrine.",CONFIRMED,,,,On Strategic Art (copyright page disclaimer; acknowledgements),Australian War College / Department of Defence,2024,https://theforge.defence.gov.au/sites/default/files/2024-11/On%20Strategic%20Art%20-%20A%20Guide%20to%20Strategic%20Thinking%20and%20the%20ASFF%20%28Electronic%20Version%201-1%29.pdf,"Constraint - limits on the evidentiary weight of the source; frames method, not Government policy commitment",2026-07-18,Custodian validation pending
EV-STRATEGI-04,strategic-art,,FACT,High,"The foreword states that, as Australia's National Defence Strategy highlights, Australia's strategic environment is the most challenging since the Second World War, and that Government has directed Defence to focus its efforts on a Strategy of Denial requiring investment in hard capabilities and intellectual capital.",CONFIRMED,,,,"On Strategic Art (Foreword, p. 2)",Australian War College / Department of Defence,2024,https://theforge.defence.gov.au/sites/default/files/2024-11/On%20Strategic%20Art%20-%20A%20Guide%20to%20Strategic%20Thinking%20and%20the%20ASFF%20%28Electronic%20Version%201-1%29.pdf,Australian value proposition - anchors partnership strategy to declared national strategic guidance (Strategy of Denial),2026-07-18,Custodian validation pending
EV-STRATEGI-05,strategic-art,,FACT,High,"The ASFF consists of six iterative, non-linear steps: (1) Understanding Current Context, (2) Assess Future Context, (3) Determine Challenges, (4) Capacity, Risk, and Ethical Considerations, (5) Develop Approach Options, (6) Challenge the Approach; Steps 1-2 frame the environment, Steps 3-4 frame the problems, Steps 5-6 develop and test the strategic approach.",CONFIRMED,,,,"On Strategic Art (Chapter 5, sections 5.1-5.1.1, pp. 63-65; Figure 5.1)",Australian War College / Department of Defence,2024,https://theforge.defence.gov.au/sites/default/files/2024-11/On%20Strategic%20Art%20-%20A%20Guide%20to%20Strategic%20Thinking%20and%20the%20ASFF%20%28Electronic%20Version%201-1%29.pdf,Instrument - the six-step architecture the space partnership analysis framework can mirror,2026-07-18,Custodian validation pending
EV-STRATEGI-06,strategic-art,,FACT,High,"The handbook defines strategy as 'The intellectual framework guiding how a political community develops and applies diverse forms of power in order to achieve its political ends', synthesised from Brands, Gray, Freedman, Heuser, Murray and Milevski.",CONFIRMED,,,,"On Strategic Art (section 3.1.2, p. 28)",Australian War College / Department of Defence,2024,https://theforge.defence.gov.au/sites/default/files/2024-11/On%20Strategic%20Art%20-%20A%20Guide%20to%20Strategic%20Thinking%20and%20the%20ASFF%20%28Electronic%20Version%201-1%29.pdf,Australian input - canonical definition for framing the partnership strategy document,2026-07-18,Custodian validation pending
EV-STRATEGI-07,strategic-art,,FACT,High,"The handbook defines strategic art as 'The capacity and ability to frame problems within an unbounded environment (not bound by geography, time, and/or current policy), thereby bounding the problem space for operational thinking', and identifies five themes of strategic art including 'National Power is More Than its Tools (Orchestration)' and 'Managing National Action (Synchronisation)'.",,,,,"On Strategic Art (section 3.2.2, p. 32; Key Take Away box 'The Themes of Strategic Art')",Australian War College / Department of Defence,2024,https://theforge.defence.gov.au/sites/default/files/2024-11/On%20Strategic%20Art%20-%20A%20Guide%20to%20Strategic%20Thinking%20and%20the%20ASFF%20%28Electronic%20Version%201-1%29.pdf,Instrument - problem-framing discipline for scoping the space partnership problem space,2026-07-18,Custodian validation pending
EV-STRATEGI-08,strategic-art,,FACT,High,"The handbook adopts the ADF doctrinal definition of national power - 'The total capability of a country to achieve its national objectives, devoid of external constraints and without being subject to coercion' - and the DIME construct (Diplomatic, Information, Military, Economic instruments) from ADF capstone doctrine ADF-C-0 Australian Military Power, while noting DIME is useful at tactical/operational level but can stifle analysis at the national-strategic level.",,,,,"On Strategic Art (sections 3.4.2, pp. 39-40; scope table p. 10 citing ADF-C-0 pp. 13-19)",Australian War College / Department of Defence,2024,https://theforge.defence.gov.au/sites/default/files/2024-11/On%20Strategic%20Art%20-%20A%20Guide%20to%20Strategic%20Thinking%20and%20the%20ASFF%20%28Electronic%20Version%201-1%29.pdf,"Instrument - doctrine language for classifying partnership instruments (diplomatic, information, military, economic)",2026-07-18,Custodian validation pending
EV-STRATEGI-09,strategic-art,,FACT,High,"The handbook presents the 'Foundations of National Power' (developed by Associate Professor Andrew Phillips, University of Queensland) as three mutually reinforcing concepts - Political Control (state-building), Ideological Cohesion (nation-building), and Leverage Economic Potential (economy-building) - forming a reinforcing loop where weakening one aspect can cascade through national power.",,,,,"On Strategic Art (sections 3.5-3.5.2, pp. 40-43; acknowledgements p. 3)",Australian War College / Department of Defence,2024,https://theforge.defence.gov.au/sites/default/files/2024-11/On%20Strategic%20Art%20-%20A%20Guide%20to%20Strategic%20Thinking%20and%20the%20ASFF%20%28Electronic%20Version%201-1%29.pdf,Australian value proposition - space industrial base and sovereign capability arguments map to economy-building and political control foundations,2026-07-18,Custodian validation pending
EV-STRATEGI-10,strategic-art,,FACT,High,"The handbook traces the ends-ways-means concept to Arthur Lykke (1989), notes it appears in almost all approaches to strategy, and distinguishes three approaches - strategy as process, strategy as problem-solving, and strategy as framework - grounding the ASFF in 'strategy as a framework' (a theory-of-success hypothesis that bounds and guides departmental and agency planning); ADF-P-5 Planning pp. 39-40 is cited for the broad ends-ways-means planning concept.",,,,,"On Strategic Art (section 3.3, pp. 33-38; scope table p. 10)",Australian War College / Department of Defence,2024,https://theforge.defence.gov.au/sites/default/files/2024-11/On%20Strategic%20Art%20-%20A%20Guide%20to%20Strategic%20Thinking%20and%20the%20ASFF%20%28Electronic%20Version%201-1%29.pdf,"Instrument - ends/ways/means and strategy-as-framework logic for structuring partnership objectives, mechanisms and resources",2026-07-18,Custodian validation pending
EV-STRATEGI-11,strategic-art,,FACT,High,"The handbook defines a theory of success as 'A theory (idea) on how and why (causal logic) a given set of actions will cause the desired outcome in the environment, or within a specific crisis or conflict', complemented by a theory of challenge (causal logic of root causes, proximate causes and negative effects) and a theory of failure (causal logic of intended and unintended consequences, described as 'a structured approach for performing a pre-mortem' used to test a strategy).",,,,,"On Strategic Art (sections 4.2.3-4.2.5, pp. 50-54)",Australian War College / Department of Defence,2024,https://theforge.defence.gov.au/sites/default/files/2024-11/On%20Strategic%20Art%20-%20A%20Guide%20to%20Strategic%20Thinking%20and%20the%20ASFF%20%28Electronic%20Version%201-1%29.pdf,Instrument - causal hypothesis and pre-mortem discipline for testing why a space partnership will deliver claimed outcomes,2026-07-18,Custodian validation pending
EV-STRATEGI-12,strategic-art,,FACT,High,"ASFF Step 4 defines strategic risk as caused by national and geopolitical trends that may affect Government decisions on capability, policy and strategy and that 'limit a nation's sovereign decision-making and freedom of action'; the resulting policy, capability and national preparedness issues are termed strategic implications, with significant ones affecting the foundations of national power.",,,,,"On Strategic Art (section 7.2, p. 79)",Australian War College / Department of Defence,2024,https://theforge.defence.gov.au/sites/default/files/2024-11/On%20Strategic%20Art%20-%20A%20Guide%20to%20Strategic%20Thinking%20and%20the%20ASFF%20%28Electronic%20Version%201-1%29.pdf,Constraint - authoritative strategic-risk and sovereignty language for assessing space dependencies on partners,2026-07-18,Custodian validation pending
EV-STRATEGI-13,strategic-art,,FACT,High,"ASFF Step 4 explicitly requires analysis of 'the need for partners and allies, and how integrated such coalitions should be', asking how much of the strategy can or should be done alone, what challenges require partner support, and how integrated the coalition should be; its key outcomes include defining 'what can be achieved as a nation, and what requires partner or allied assistance' and the nation's risk threshold for independent action.",,,,,"On Strategic Art (sections 7.2-7.2.2, pp. 79-82; Step 4 Key Outcomes box)",Australian War College / Department of Defence,2024,https://theforge.defence.gov.au/sites/default/files/2024-11/On%20Strategic%20Art%20-%20A%20Guide%20to%20Strategic%20Thinking%20and%20the%20ASFF%20%28Electronic%20Version%201-1%29.pdf,Alliance leverage / dependency - doctrine-consistent questions for the partner-reliance dimension of the space framework,2026-07-18,Custodian validation pending
EV-STRATEGI-14,strategic-art,,FACT,High,"The handbook advises that within coalitions, full integration under a single system can limit complementary overlaps between nations with different political and governmental systems, that 'recognising how integrated the strategy must be across partners is as important as across the nation', and that balancing integration with independent flexibility must occur throughout strategy development and execution.",,,,,"On Strategic Art (Additional Information box 'Balancing Integration with Common Alignment', p. 83)",Australian War College / Department of Defence,2024,https://theforge.defence.gov.au/sites/default/files/2024-11/On%20Strategic%20Art%20-%20A%20Guide%20to%20Strategic%20Thinking%20and%20the%20ASFF%20%28Electronic%20Version%201-1%29.pdf,Alliance leverage - integration-versus-sovereign-flexibility trade-off language for space partnership design,2026-07-18,Custodian validation pending
EV-STRATEGI-15,strategic-art,,FACT,High,"ASFF Step 6 (Challenge the Approach) embeds an assumptions discipline: 'Each remaining assumption is a form of risk... All policy and strategy require assumptions'; the step requires identifying biases and implicit assumptions, developing theories of failure, testing via professional consultation and strategic wargaming (tabletop/matrix/seminar games), mitigating or accepting risk, and producing a recommended strategic option for Government with supporting evidence.",,,,,"On Strategic Art (section 8.3, pp. 91-94)",Australian War College / Department of Defence,2024,https://theforge.defence.gov.au/sites/default/files/2024-11/On%20Strategic%20Art%20-%20A%20Guide%20to%20Strategic%20Thinking%20and%20the%20ASFF%20%28Electronic%20Version%201-1%29.pdf,Instrument - strategy-testing and assumptions-audit method for red-teaming the partnership framework before submission,2026-07-18,Custodian validation pending
EV-STRATEGI-16,strategic-art,,FACT,High,"The handbook distinguishes strategy au milieu (enduring, framework-based strategy to shape the international environment, including 'building the infrastructure of international cooperation... and establishing partnerships, allies, and client states that reinforce stability') from positional strategy (time-bound strategy to counter, undercut, contain and limit a specific challenger, threat or crisis), and notes the two can be nested.",,,,,"On Strategic Art (sections 4.3-4.3.3, pp. 54-56)",Australian War College / Department of Defence,2024,https://theforge.defence.gov.au/sites/default/files/2024-11/On%20Strategic%20Art%20-%20A%20Guide%20to%20Strategic%20Thinking%20and%20the%20ASFF%20%28Electronic%20Version%201-1%29.pdf,Australian value proposition - a defence space partnership is naturally framed as strategy au milieu (enduring environmental shaping via partnerships),2026-07-18,Custodian validation pending
EV-STRATEGI-17,strategic-art,,FACT,High,"The handbook frames geo-strategic context as where a nation must act (national), should act (regional), or may act (global), stating a nation like Australia may have a national context extending to its Economic Zone, a regional context 'as large as the Indo-Pacific because of security and economic ties', and a global context due to trade, alliance and economic interests; section 4.4.2 states that for non-physical domains such as space and cyber, the location of the effect/outcome typically matters more than the originator when determining the requirement to act.",,,,,"On Strategic Art (sections 4.4-4.4.2, pp. 56-58)",Australian War College / Department of Defence,2024,https://theforge.defence.gov.au/sites/default/files/2024-11/On%20Strategic%20Art%20-%20A%20Guide%20to%20Strategic%20Thinking%20and%20the%20ASFF%20%28Electronic%20Version%201-1%29.pdf,Forum / partner interest - doctrine framing that places the space domain inside Australia's must/should/may-act calculus,2026-07-18,Custodian validation pending
EV-STRATEGI-18,strategic-art,,FACT,High,"The UK Royal College of Defence Studies' 'Making Strategy Better' (RCDS, ed. Phil Lester, 2022) and the UK strategy formulation framework were the early inspiration for the ASFF, per the acknowledgements and Chapter 5 footnote 3.",,,,,"On Strategic Art (Acknowledgements p. 3; Chapter 5 footnote 3, p. 68)",Australian War College / Department of Defence,2024,https://theforge.defence.gov.au/sites/default/files/2024-11/On%20Strategic%20Art%20-%20A%20Guide%20to%20Strategic%20Thinking%20and%20the%20ASFF%20%28Electronic%20Version%201-1%29.pdf,Partner interest / forum - methodological interoperability with UK (AUKUS-relevant) strategy formulation practice,2026-07-18,Custodian validation pending
EV-STRATEGI-19,strategic-art,,FACT,High,"The handbook defines strategic empathy as the capacity to put oneself 'into the minds of others... essential to understanding the interests of, the motivations of, and the constraints on adversaries' (citing Abbe, Parameters, 2023), requiring inductive analysis and willingness to see the world from another group's historical and cultural identity.",,,,,"On Strategic Art (Chapter 5 introduction, p. 62)",Australian War College / Department of Defence,2024,https://theforge.defence.gov.au/sites/default/files/2024-11/On%20Strategic%20Art%20-%20A%20Guide%20to%20Strategic%20Thinking%20and%20the%20ASFF%20%28Electronic%20Version%201-1%29.pdf,"Partner interest - method for evidencing partner interests, motivations and constraints in the framework",2026-07-18,Custodian validation pending
EV-STRATEGI-20,strategic-art,,ASSESSMENT,High,"The ASFF's structure transfers directly to a Defence space partnership analysis framework: Steps 1-2 map to the space environment and partner scan, Steps 3-4 to challenge, dependency, capacity and risk-appetite analysis (including what requires partner assistance), and Steps 5-6 to partnership option design (Ends-Ways-Means-Risk matrix, schemes of action) and adversarial testing via theories of failure before recommendation to Government.",,,,,"On Strategic Art (Chapters 5-8, analysed this session)",Australian War College / Department of Defence (analysis by this research task),2024,https://theforge.defence.gov.au/sites/default/files/2024-11/On%20Strategic%20Art%20-%20A%20Guide%20to%20Strategic%20Thinking%20and%20the%20ASFF%20%28Electronic%20Version%201-1%29.pdf,Instrument - analytical judgement mapping ASFF steps onto the partnership framework architecture,2026-07-18,Custodian validation pending
EV-STRATEGI-21,strategic-art,,ASSESSMENT,Medium,"The handbook's coalition and risk language supplies doctrine-consistent vocabulary for space partnership trade-offs: partner-delivered capability is a strategic risk to 'sovereign decision-making and freedom of action' when it constrains choices, and the integration-versus-flexibility balance frames choices such as hosted payloads or shared constellations versus sovereign-controlled systems.",,,,,"On Strategic Art (sections 7.2 and 8.1-8.3, analysed this session)",Australian War College / Department of Defence (analysis by this research task),2024,https://theforge.defence.gov.au/sites/default/files/2024-11/On%20Strategic%20Art%20-%20A%20Guide%20to%20Strategic%20Thinking%20and%20the%20ASFF%20%28Electronic%20Version%201-1%29.pdf,Dependency / constraint - applying handbook risk language to space-specific dependency assessment,2026-07-18,Custodian validation pending
EV-STRATEGI-22,strategic-art,,TO_VERIFY,Medium,"The National Defence Strategy referenced in the handbook's foreword (Strategy of Denial direction) is presumed to be the 2024 National Defence Strategy, but the handbook does not state the year; the NDS document itself was not accessed this session.",,,,,"On Strategic Art (Foreword, p. 2)",Australian War College / Department of Defence,2024,https://theforge.defence.gov.au/sites/default/files/2024-11/On%20Strategic%20Art%20-%20A%20Guide%20to%20Strategic%20Thinking%20and%20the%20ASFF%20%28Electronic%20Version%201-1%29.pdf,Australian input - needs confirmation against the National Defence Strategy 2024 before citing NDS language in the framework,2026-07-18,Custodian validation pending
EV-STRATEGI-23,strategic-art,,TO_VERIFY,Medium,"The Forge hosts a dedicated 'On Strategic Art' page (theforge.defence.gov.au/strategic-art) presenting the handbook as complementing the Australian War College Strategic Art Program; the page was identified via web search this session but not separately fetched, and any additional context on adoption or updates it may carry is unconfirmed.",,,,,On Strategic Art | Future Forge (search result),The Forge / Australian Defence College,2024,https://theforge.defence.gov.au/strategic-art,Forum - secondary corroborating location and potential source for edition updates,2026-07-18,Custodian validation pending
EV-TOTALDEF-01,total-defence,,FACT,High,"The Australian Army Research Centre published 'Towards Total Defence: A Literature Review and Feasibility Assessment for Australia' by Matthew LM Jones and Andrew Maher as Australian Army Occasional Paper No. 39, copyright Commonwealth of Australia 2026, DOI 10.61451/2675160, with an explicit disclaimer that views are the authors' own and not necessarily official Army, Defence or Australian Government policy.",CONFIRMED,,,,Towards Total Defence: A Literature Review and Feasibility Assessment for Australia (Australian Army Occasional Paper No. 39),Australian Army Research Centre (Commonwealth of Australia),2026,https://researchcentre.army.gov.au/sites/default/files/Occasional-Paper-39.pdf,Australian input — provenance and evidentiary weight of an Army-sponsored (non-policy) source on national resilience,2026-07-18,Custodian validation pending
EV-TOTALDEF-02,total-defence,,FACT,High,"The paper's core argument is that Australia's strategic environment is increasingly defined by grey-zone threats, cyber disruption and domestic vulnerabilities that 'transcend conventional military responses', and that a Department of Defence 'bias towards an expeditionary or offshore, conventional mindset' reveals significant limitations against hybrid threats that blur civilian/military distinctions.",CONFIRMED,,,,"Towards Total Defence (AARC Occasional Paper No. 39), Abstract and Introduction",Australian Army Research Centre,2026,https://researchcentre.army.gov.au/sites/default/files/Occasional-Paper-39.pdf,Constraint — identifies the threat framing driving whole-of-nation resilience and partnership requirements,2026-07-18,Custodian validation pending
EV-TOTALDEF-03,total-defence,,FACT,High,"The paper defines total defence as 'a whole-of-society approach to national security, intended to deter a potential enemy by raising the cost of aggression and lowering the chances of its success', in which 'infrastructure and societal resilience jointly constitute national resilience, a cornerstone of TD', and frames contemporary TD as deterrence by denial, resilience and societal resistance.",CONFIRMED,,,,"Towards Total Defence (AARC Occasional Paper No. 39), Chapter 2",Australian Army Research Centre,2026,https://researchcentre.army.gov.au/sites/default/files/Occasional-Paper-39.pdf,Instrument — working definition of the total/national defence concept for the framework,2026-07-18,Custodian validation pending
EV-TOTALDEF-04,total-defence,,FACT,High,"The paper anchors TD to endorsed Australian strategy: it states the 2023 Defence Strategic Review 'indicated a need for a more integrated and whole-of-nation approach to national security', the 2024 National Defence Strategy 'widened the scope of national defence... to an approach that seeks to protect our way of life', and that TD's deterrence-by-denial framing 'aligns with Australia's endorsed strategy of denial' and the DSR direction to 'maximise the deterrence, denial and response options' of an integrated force.",CONFIRMED,,,,"Towards Total Defence (AARC Occasional Paper No. 39), Chapters 1-2",Australian Army Research Centre,2026,https://researchcentre.army.gov.au/sites/default/files/Occasional-Paper-39.pdf,"Australian value proposition — links resilience concepts to authoritative strategy documents (DSR 2023, NDS 2024)",2026-07-18,Custodian validation pending
EV-TOTALDEF-05,total-defence,,FACT,High,"On alliance leverage, the paper argues small and middle powers shape great-power choices most effectively when 'resilient, politically coherent and militarily useful—able to hold out, to host and to help', and that 'Australia's credibility with allies rises if we can keep society functioning under pressure, secure critical bases and corridors', with national stamina strengthening 'alliance bargaining power during crisis decision cycles'.",CONFIRMED,,,,"Towards Total Defence (AARC Occasional Paper No. 39), Section 4.2 'Alliance Leverage and Time Buying'",Australian Army Research Centre,2026,https://researchcentre.army.gov.au/sites/default/files/Occasional-Paper-39.pdf,Partner interest / Australian value proposition — resilience framed as currency in alliance and partnership bargaining,2026-07-18,Custodian validation pending
EV-TOTALDEF-06,total-defence,,FACT,High,"The paper states the Australian Army 'needs to understand the adoption of TD models if it is to support partners who have adopted them in part or comprehensively (such as Singapore)', and Chapter 5 frames Army adaptation as needed 'to support regional partners who may have elements of TD ingrained in their national defence strategies'.",CONFIRMED,,,,"Towards Total Defence (AARC Occasional Paper No. 39), Chapter 1 and Chapter 5",Australian Army Research Centre,2026,https://researchcentre.army.gov.au/sites/default/files/Occasional-Paper-39.pdf,Partner capability — interoperability rationale: Australia must understand partners' total-defence systems to work with them,2026-07-18,Custodian validation pending
EV-TOTALDEF-07,total-defence,,FACT,High,"The paper's comparative finding is that total defence complements rather than substitutes for alliances: Sweden (32nd NATO member, 2024) treats alliance support as augmenting 'a robust national defence foundation' rather than outsourcing TD to NATO; Estonia fuses NATO-backed deterrence with home-front 'porcupine' capacity in case allied assistance is delayed; and Lithuania runs a 'three layers' approach — national armed defence, TD by society, and allied support — while spending over 2 per cent of GDP on defence 'heading towards 3 per cent'.",,,,,"Towards Total Defence (AARC Occasional Paper No. 39), Sections 3.2-3.4",Australian Army Research Centre,2026,https://researchcentre.army.gov.au/sites/default/files/Occasional-Paper-39.pdf,"Partner interest / forum — evidence that partner nations pair national resilience with alliance frameworks, not instead of them",2026-07-18,Custodian validation pending
EV-TOTALDEF-08,total-defence,,FACT,High,"The paper identifies Australia's 'front line' as extra-territorial — 'sea lanes, cables, satellites, ports, fuel chains, financial rails and data platforms' — and lists 'subsea cables, landing stations, space links and the private networks that run them' among vital functions Australia should harden against hybrid disruption (cyber, sabotage, sanctions, lawfare, grey-zone harassment) with planned national workarounds if they fail.",,,,,"Towards Total Defence (AARC Occasional Paper No. 39), Sections 4.1-4.2",Australian Army Research Centre,2026,https://researchcentre.army.gov.au/sites/default/files/Occasional-Paper-39.pdf,"Dependency — explicitly names space links and satellites as national-resilience critical infrastructure, bridging total defence to defence-space partnership analysis",2026-07-18,Custodian validation pending
EV-TOTALDEF-09,total-defence,,FACT,Medium,"The paper states that 'around 99 per cent of Australia's trade by volume moves by sea' (citing its endnote 145), and argues that reducing single-point dependencies in energy and food distribution and designing standalone continuity of essential services 'directly lowers coercion risk if shipping lanes are disrupted'.",,,,,"Towards Total Defence (AARC Occasional Paper No. 39), Section 4.3",Australian Army Research Centre,2026,https://researchcentre.army.gov.au/sites/default/files/Occasional-Paper-39.pdf,"Dependency — sea-line dependency as the central coercion vulnerability; statistic is the paper's cited claim, not independently verified this session",2026-07-18,Custodian validation pending
EV-TOTALDEF-10,total-defence,,FACT,High,"The paper finds Australia's critical infrastructure — telecommunications, energy grids and transport networks — 'is highly privatised and often subject to significant foreign ownership', that 'Nordic and Baltic models assume compellable civilian capacity and stockpiles; Australia's regulatory settings and contract architectures are thinner', and that without coordination/compulsion mechanisms 'national logistics and utilities may not be sufficiently responsive in a protracted or multidimensional crisis'.",,,,,"Towards Total Defence (AARC Occasional Paper No. 39), Section 4.3 'Ownership, Regulation and Compellable Capacity'",Australian Army Research Centre,2026,https://researchcentre.army.gov.au/sites/default/files/Occasional-Paper-39.pdf,"Constraint / dependency — privatised, foreign-owned infrastructure limits Australia's compellable industrial capacity relative to partner models",2026-07-18,Custodian validation pending
EV-TOTALDEF-11,total-defence,,FACT,High,"The paper states Australia 'does not yet have a statutory, whole-of-government security-of-supply mechanism' binding the Commonwealth, states, market bodies, network operators, fuel importers/refiners, Defence and Home Affairs to common priorities, and proposes that a dedicated 'National Security of Supply and Resilience Council' (as part of a National Security Strategy) could set reserve and reconstitution targets (fuel, black-start, spares), standardise islandable microgrids, compel information-sharing and protected exercises, and pre-agree industry call-out, compensation and liability arrangements.",,,,,"Towards Total Defence (AARC Occasional Paper No. 39), Section 4.3",Australian Army Research Centre,2026,https://researchcentre.army.gov.au/sites/default/files/Occasional-Paper-39.pdf,Instrument — proposed governance mechanism for industrial-base assurance and dependency reduction,2026-07-18,Custodian validation pending
EV-TOTALDEF-12,total-defence,,FACT,Medium,The paper cites the Commonwealth's 2021 Fuel Security Package — which kept the two remaining refineries (Viva Geelong and Ampol Lytton) operating and introduced a minimum stockholding obligation and refinery production payments — as 'an example of preserving sovereign capacity without outright ownership'.,,,,,"Towards Total Defence (AARC Occasional Paper No. 39), Section 4.3 'Sovereign Industrial Baselines and Distributed Critical Utilities'",Australian Army Research Centre,2026,https://researchcentre.army.gov.au/sites/default/files/Occasional-Paper-39.pdf,Instrument / dependency — precedent for sovereign-capability retention via regulation and payments rather than ownership; details should be re-verified against Commonwealth sources,2026-07-18,Custodian validation pending
EV-TOTALDEF-13,total-defence,,FACT,High,"The paper asserts Australia's 'just-in-time' logistics model proved fragile during COVID-19 disruption, that strategic reserves of fuel, medical supplies and food are limited 'leaving the country susceptible to coercion or disruption in times of geopolitical tension', and that addressing this would require significant investment in domestic manufacturing capacity and stockpiling systems, potentially drawing on Singapore's economic defence pillar; it also recommends risk-based resilience mapping of energy, health, communications and transport supply chains modelled on Estonia's 'vital service' doctrine.",,,,,"Towards Total Defence (AARC Occasional Paper No. 39), Section 4.3",Australian Army Research Centre,2026,https://researchcentre.army.gov.au/sites/default/files/Occasional-Paper-39.pdf,"Dependency — supply-chain fragility diagnosis and partner-modelled remediation (Singapore, Estonia)",2026-07-18,Custodian validation pending
EV-TOTALDEF-14,total-defence,,FACT,High,"As partner-capability exemplars of dependency reduction, the paper records that Finland's National Emergency Supply Agency works with legally obligated critical-industry companies to stockpile fuels, grains and medicines ('achieving resilience in supply chains unparalleled in Western Europe'), and that Singapore's economic defence pillar includes government-linked ST Engineering ensuring 'local capacity for maintenance and production of certain arms, reducing reliance on foreign supply', months of national food and fuel reserves, and import-source diversification.",,,,,"Towards Total Defence (AARC Occasional Paper No. 39), Sections 3.1 and 3.5",Australian Army Research Centre,2026,https://researchcentre.army.gov.au/sites/default/files/Occasional-Paper-39.pdf,Partner capability — Finnish and Singaporean security-of-supply and sovereign-industry models cited as templates for Australian dependency reduction,2026-07-18,Custodian validation pending
EV-TOTALDEF-15,total-defence,,FACT,High,"On legal enablers, the paper finds Australia's legal framework 'lacks comprehensive provisions for national mobilisation akin to those found in Finland or the Baltic States', with no modern legislative instrument empowering whole-of-society defence measures and emergency powers fragmented across federal and state jurisdictions; it states the Defence Act 1903 and an 'Emergency Management Act 2005 (Commonwealth)' provide discrete authorities but do not envisage TD-level mobilisation, national service or industrial prioritisation, and recommends a legal review akin to Sweden's 2021 examination of civil obligations and emergency mobilisation laws.",,,,,"Towards Total Defence (AARC Occasional Paper No. 39), Section 4.5",Australian Army Research Centre,2026,https://researchcentre.army.gov.au/sites/default/files/Occasional-Paper-39.pdf,Constraint / instrument — mobilisation-law gap; note the paper's statute citation itself needs verification (see TO_VERIFY record),2026-07-18,Custodian validation pending
EV-TOTALDEF-16,total-defence,,FACT,High,"The paper identifies federalism as a structural constraint: the Commonwealth holds defence and foreign affairs while states oversee emergency services and critical infrastructure, a bifurcation that 'can hinder rapid, coordinated responses to hybrid or multidimensional threats' (citing friction in large-scale bushfire responses); it concludes 'the unit of delivery for TD is the state/territory, while the unit of strategy is the Commonwealth', requiring federation-wide interoperability in doctrine, communications, logistics and legal triggers.",,,,,"Towards Total Defence (AARC Occasional Paper No. 39), Sections 4.4-4.5",Australian Army Research Centre,2026,https://researchcentre.army.gov.au/sites/default/files/Occasional-Paper-39.pdf,Constraint — Australian federal structure as a governance constraint on whole-of-nation resilience delivery,2026-07-18,Custodian validation pending
EV-TOTALDEF-17,total-defence,,FACT,High,"On mobilisation without compulsion, the paper argues conscription or universal service would face political opposition in Australia, and that Australia's comparative advantage is 'the scale and legitimacy of existing volunteer systems' (state emergency services, rural fire services, St John Ambulance, surf lifesaving clubs) plus the Army Reserve and ADF Cadet ecosystem, which could be expanded into defined civil defence roles and augmented by 'a volunteer cyber reserve / cyber corps for prevention and surge response' — 'mobilising at scale without mandating universal service'.",,,,,"Towards Total Defence (AARC Occasional Paper No. 39), Section 4.4",Australian Army Research Centre,2026,https://researchcentre.army.gov.au/sites/default/files/Occasional-Paper-39.pdf,Australian input — voluntary mobilisation pathway as Australia's distinctive contribution model for whole-of-nation resilience,2026-07-18,Custodian validation pending
EV-TOTALDEF-18,total-defence,,FACT,High,"For the Army specifically, the paper states the 2nd (Australian) Division is responsible for 'domestic security and response with a focus on protection of the northern bases network' and is 'particularly well placed to serve as a hub' integrating Army capabilities with state/territory emergency services and police; adapting Sweden's Home Guard and Estonia's Estonian Defence League models could see 2 (AS) DIV expanded to dual traditional-defence and domestic-resilience functions including cyber defence augmentation, with Army enabling and supporting societal resilience 'rather than assume primacy in civil domains'.",,,,,"Towards Total Defence (AARC Occasional Paper No. 39), Chapter 5",Australian Army Research Centre,2026,https://researchcentre.army.gov.au/sites/default/files/Occasional-Paper-39.pdf,Australian input / partner capability — adaptation of partner (Swedish/Estonian) volunteer-defence structures to Australian Army organisation,2026-07-18,Custodian validation pending
EV-TOTALDEF-19,total-defence,,FACT,High,"The paper's conclusion argues 'Australia does not need a Nordic clone; it needs a strategic-depth-centric, alliance-complementary, society-wide resilience system', with immediate pragmatic implications to protect SLOCs and key ports, buffer fuel and power through stockholding and distributed/standalone systems, establish pre-crisis security-of-supply compacts with industry 'exercised and audited in peacetime', clarify Commonwealth-state lead authorities and decision thresholds, privilege scalable volunteer pathways over universal compulsion, and map proportionate time-bound legal triggers; the co-authors announce a follow-on paper to develop and test sequenced policy options.",,,,,"Towards Total Defence (AARC Occasional Paper No. 39), Sections 4.6 and 6",Australian Army Research Centre,2026,https://researchcentre.army.gov.au/sites/default/files/Occasional-Paper-39.pdf,Instrument / Australian value proposition — the paper's consolidated recommendation set for resilience and dependency reduction,2026-07-18,Custodian validation pending
EV-TOTALDEF-20,total-defence,,ASSESSMENT,High,"The paper is authored by Major Matthew Jones (Army Reserve infantry officer, SO2 Strategic Analysis at AARC, researching under the Chief of Army's priority research area 'Defence of Australia/Homeland Defence') and Dr Andrew Maher (Senior Lecturer, UNSW Canberra; 20-year ADF veteran), indicating the topic sits within the Chief of Army's endorsed research priorities even though the paper itself is non-policy; as a literature review it maps concepts and transferability 'but does not prescribe policy or design an Australian model', so it should be weighted in the framework as an indicator of Army-sponsored thinking, not government intent.",,,,,"Towards Total Defence (AARC Occasional Paper No. 39), About the Authors and Chapter 6",Australian Army Research Centre,2026,https://researchcentre.army.gov.au/sites/default/files/Occasional-Paper-39.pdf,Australian input — calibrates the evidentiary weight of the source within the partnership framework,2026-07-18,Custodian validation pending
EV-TOTALDEF-21,total-defence,,ASSESSMENT,Medium,"Although not a space paper, its framework directly supports defence-space partnership analysis: space links, satellites and cable landing stations are named as vital national functions; security-of-supply compacts, sovereign-capability-without-ownership instruments (Fuel Security Package model) and a National Security of Supply and Resilience Council are all transferable mechanisms for assuring space-enabled services (PNT, SATCOM, ISR) against dependency and coercion risks.",,,,,"Towards Total Defence (AARC Occasional Paper No. 39), Sections 4.1-4.3 (analyst inference)",Australian Army Research Centre,2026,https://researchcentre.army.gov.au/sites/default/files/Occasional-Paper-39.pdf,Instrument / dependency — analytical bridge from total-defence mechanisms to space-service assurance in the partnership framework,2026-07-18,Custodian validation pending
EV-TOTALDEF-22,total-defence,,FACT,High,"The published abstract lists the case studies as 'Finland, Sweden, Estonia, Latvia and Singapore', but the paper's introduction, table of contents and body analyse Lithuania (Section 3.4), not Latvia — an internal inconsistency in the published document that should be noted when citing the abstract.",,,,,"Towards Total Defence (AARC Occasional Paper No. 39), Abstract vs Contents/Section 3.4",Australian Army Research Centre,2026,https://researchcentre.army.gov.au/sites/default/files/Occasional-Paper-39.pdf,Australian input — data-quality flag for the evidence base when quoting the paper's abstract,2026-07-18,Custodian validation pending
EV-TOTALDEF-23,total-defence,,TO_VERIFY,Low,"The paper's Section 4.5 cites an 'Emergency Management Act 2005 (Commonwealth)'; no Commonwealth statute of that name is known (an Emergency Management Act 2005 exists in Western Australia, and the relevant Commonwealth instruments include the Defence Act 1903 and the National Emergency Declaration Act 2020) — the intended statute could not be confirmed from open sources this session and the citation appears likely to be an error in the paper.",,,,,"Towards Total Defence (AARC Occasional Paper No. 39), Section 4.5",Australian Army Research Centre,2026,https://researchcentre.army.gov.au/sites/default/files/Occasional-Paper-39.pdf,Constraint — legal-authority claims must not be reused until the statute citation is verified against Commonwealth legislation registers,2026-07-18,Custodian validation pending
EV-TOTALDEF-24,total-defence,,TO_VERIFY,Medium,"The exact publication month of Occasional Paper No. 39 is unconfirmed: the PDF carries Commonwealth copyright 2026 and cover production code 'CG: MAR003-26' (suggesting early 2026), while one endnote records an access date of 17 August 2025 and another cites a 7 October 2025 article; the AARC landing page (https://researchcentre.army.gov.au/library/occasional-papers/towards-total-defence) repeatedly timed out this session, so the site-listed publication date could not be captured.",,,,,"Towards Total Defence (AARC Occasional Paper No. 39), imprint page and endnotes; AARC landing page (inaccessible this session)",Australian Army Research Centre,2026,https://researchcentre.army.gov.au/sites/default/files/Occasional-Paper-39.pdf,"Australian input — bibliographic completeness for the evidence base (publication month, page-listed date)",2026-07-18,Custodian validation pending
EV-USSCSPAC-01,ussc-space,,FACT,High,"USSC published the brief 'Harnessing Australia's space strengths for the Alliance' on 14 April 2026, authored by Dr Kathryn Robison (USSC) and Isobel Haddow (Space Industry Association of Australia), arguing Australia can leverage ground-based systems and space-based data expertise to strengthen the US alliance and Quad partnerships.",CONFIRMED,,,,Harnessing Australia's space strengths for the Alliance,United States Studies Centre,2026-04,https://www.ussc.edu.au/harnessing-australias-space-strengths-for-the-alliance,Australian value proposition — think-tank framing of Australia's alliance contribution in space,2026-07-18,Custodian validation pending
EV-USSCSPAC-02,ussc-space,,FACT,High,"The brief identifies Australia's Southern Hemisphere and Indo-Pacific geographic position, low population density and large landmass as strategically valuable, enabling access to multiple orbits for launch and return activities.",CONFIRMED,,,,Harnessing Australia's space strengths for the Alliance,United States Studies Centre,2026-04,https://www.ussc.edu.au/harnessing-australias-space-strengths-for-the-alliance,Australian value proposition — launch/return geography and southern-hemisphere coverage,2026-07-18,Custodian validation pending
EV-USSCSPAC-03,ussc-space,,FACT,High,"The brief cites Australia's diverse landscape as an advantage for Earth observation calibration and validation, ensuring accuracy, consistency and reliability of satellite data.",CONFIRMED,,,,Harnessing Australia's space strengths for the Alliance,United States Studies Centre,2026-04,https://www.ussc.edu.au/harnessing-australias-space-strengths-for-the-alliance,Australian value proposition — cal/val niche for allied Earth observation missions,2026-07-18,Custodian validation pending
EV-USSCSPAC-04,ussc-space,,FACT,High,"The brief claims Australia has more than six decades of heritage in remote sensing and ground-based space infrastructure, and can support space situational awareness through optical, laser-ranging, telescope, radar and in-orbit capabilities.",CONFIRMED,,,,Harnessing Australia's space strengths for the Alliance,United States Studies Centre,2026-04,https://www.ussc.edu.au/harnessing-australias-space-strengths-for-the-alliance,Australian value proposition — SSA/SDA sensing contribution to the alliance,2026-07-18,Custodian validation pending
EV-USSCSPAC-05,ussc-space,,FACT,High,"The brief names no specific Australian SSA facilities, ground stations or sensors (no mention of Harold E. Holt/Exmouth, the C-band radar, the Space Surveillance Telescope, Pine Gap or Tidbinbilla); its SSA and ground-infrastructure advantage claims are stated generically.",CONFIRMED,,,,Harnessing Australia's space strengths for the Alliance,United States Studies Centre,2026-04,https://www.ussc.edu.au/harnessing-australias-space-strengths-for-the-alliance,Australian input — evidence gap: capability claims require mapping to named facilities from Defence primary sources,2026-07-18,Custodian validation pending
EV-USSCSPAC-06,ussc-space,,FACT,High,"Recommendation 1 of the brief: prioritise Australian investment in future-focused space technologies, such as robotics, automation and communication technologies.",CONFIRMED,,,,Harnessing Australia's space strengths for the Alliance,United States Studies Centre,2026-04,https://www.ussc.edu.au/harnessing-australias-space-strengths-for-the-alliance,Australian input — proposed investment priorities to raise alliance contribution,2026-07-18,Custodian validation pending
EV-USSCSPAC-07,ussc-space,,FACT,High,"Recommendation 2 of the brief: recognise the importance of sovereign (not necessarily indigenous) space assets to match peer-nation contributions and build national resilience, especially in space situational awareness.",,,,,Harnessing Australia's space strengths for the Alliance,United States Studies Centre,2026-04,https://www.ussc.edu.au/harnessing-australias-space-strengths-for-the-alliance,Australian input / dependency — sovereign-asset pathway to reduce reliance and increase alliance burden-sharing,2026-07-18,Custodian validation pending
EV-USSCSPAC-08,ussc-space,,FACT,High,Recommendation 3 of the brief: set a national space policy uniting Australia's civil space ambitions with its broader national security frameworks; the brief notes space intersects more than 25 Australian government portfolios yet Australia lacks a national space policy.,,,,,Harnessing Australia's space strengths for the Alliance,United States Studies Centre,2026-04,https://www.ussc.edu.au/harnessing-australias-space-strengths-for-the-alliance,Constraint — absence of national space policy fragments Australia's partnership posture,2026-07-18,Custodian validation pending
EV-USSCSPAC-09,ussc-space,,FACT,High,"The brief characterises Australia as 'a consumer, not a contributor, in space', relying on allies for needs from weather forecasting to GPS navigation, and lacking clear strategic direction for its space priorities.",,,,,Harnessing Australia's space strengths for the Alliance,United States Studies Centre,2026-04,https://www.ussc.edu.au/harnessing-australias-space-strengths-for-the-alliance,"Dependency — Australia's structural reliance on allied space services (PNT, weather)",2026-07-18,Custodian validation pending
EV-USSCSPAC-10,ussc-space,,FACT,Medium,"The brief recounts that during the 2019-2020 Black Summer bushfires a partner nation was unable to provide Australia with requested weather satellite data because its satellite was required for its own natural disaster, and Australia brought no sovereign capability of its own; the partner nation and satellite are not named.",,,,,Harnessing Australia's space strengths for the Alliance,United States Studies Centre,2026-04,https://www.ussc.edu.au/harnessing-australias-space-strengths-for-the-alliance,Dependency — concrete instance of allied-data denial risk absent sovereign capability,2026-07-18,Custodian validation pending
EV-USSCSPAC-11,ussc-space,,FACT,Medium,"The brief states Australia cancelled the National Mission for Earth Observation in 2023 and the JP9102 military satellite communications program in 2024, and that a 2025 Defence satellite communications RFI addresses only a partial solution.",,,,,Harnessing Australia's space strengths for the Alliance,United States Studies Centre,2026-04,https://www.ussc.edu.au/harnessing-australias-space-strengths-for-the-alliance,Constraint — cancelled programs undermine Australia's credibility as an alliance contributor,2026-07-18,Custodian validation pending
EV-USSCSPAC-12,ussc-space,,FACT,Medium,"The brief states the 2019 Australian Civil Space Strategy was not endorsed by the Albanese government, that government investment has fluctuated since the Australian Space Agency's establishment, and that the ASA Advisory Board was formally dissolved in early 2026.",,,,,Harnessing Australia's space strengths for the Alliance,United States Studies Centre,2026-04,https://www.ussc.edu.au/harnessing-australias-space-strengths-for-the-alliance,Constraint — governance instability in Australia's civil space institutions,2026-07-18,Custodian validation pending
EV-USSCSPAC-13,ussc-space,,FACT,Medium,"The brief states the Australian space sector has A$4.6 billion annual turnover and 17,000 FTE across approximately 620 organisations, and separately cites a contribution of A$330 million to Australian GDP.",,,,,Harnessing Australia's space strengths for the Alliance,United States Studies Centre,2026-04,https://www.ussc.edu.au/harnessing-australias-space-strengths-for-the-alliance,Australian value proposition — industrial base scale underpinning alliance contribution (GDP figure needs reconciliation),2026-07-18,Custodian validation pending
EV-USSCSPAC-14,ussc-space,,FACT,High,The brief cites the Australia-US Technology Safeguards Agreement — described in a footnote as a treaty-level agreement permitting one-way transfer of US launch vehicles and spacecraft to Australia for launch and return activities — and AUKUS-related Defence Export Controls changes as enablers of space supply-chain cooperation.,,,,,Harnessing Australia's space strengths for the Alliance,United States Studies Centre,2026-04,https://www.ussc.edu.au/harnessing-australias-space-strengths-for-the-alliance,Instrument — treaty-level and export-control mechanisms enabling US launch activity from Australia,2026-07-18,Custodian validation pending
EV-USSCSPAC-15,ussc-space,,TO_VERIFY,Medium,The brief states a 'Space Situational Partnership Statement of Principles' was announced between Australia and the United States in 2010 as an existing bilateral SSA commitment.,,,,,Harnessing Australia's space strengths for the Alliance,United States Studies Centre,2026-04,https://www.ussc.edu.au/harnessing-australias-space-strengths-for-the-alliance,Instrument — foundational bilateral SSA arrangement; exact title and text need confirmation from AUSMIN 2010 primary records,2026-07-18,Custodian validation pending
EV-USSCSPAC-16,ussc-space,,FACT,High,"The Australian Space Agency and the US Office of Space Commerce signed a Joint Statement of Intent for Cooperation on Space Situational Awareness on 17 October 2024 at the International Astronautical Congress in Milan, covering space object re-entry monitoring and prediction, referencing the US TraCSS program and the ASA's Civil Space Monitoring Pathfinder, and noting non-traditional data sources such as weather radar, infrasound and seismic sensors.",,,,,"OSC, Australian Space Agency Sign Statement of Intent for SSA Cooperation",US Office of Space Commerce (corroborating USSC brief),2024-10,https://space.commerce.gov/osc-australian-space-agency-sign-statement-of-intent-for-ssa-cooperation/,Instrument — current bilateral civil SSA cooperation mechanism (ASA–OSC),2026-07-18,Custodian validation pending
EV-USSCSPAC-17,ussc-space,,FACT,Medium,"The brief states the US Department of Commerce Traffic Coordination System for Space (TraCSS) program is facing potential funding cuts under the Trump administration, creating uncertainty for the civil SSA cooperation pathway with Australia.",,,,,Harnessing Australia's space strengths for the Alliance,United States Studies Centre,2026-04,https://www.ussc.edu.au/harnessing-australias-space-strengths-for-the-alliance,Partner constraint — US budget risk to the civil SSA instrument Australia is partnered on,2026-07-18,Custodian validation pending
EV-USSCSPAC-18,ussc-space,,FACT,High,"Australia committed A$448.7 million over eleven years from 2023-24 as a core partner in the US-led Landsat Next mission, with Geoscience Australia to deliver an upgraded ground station in Alice Springs plus advanced spatial data processing and analytics capabilities; the USSC brief cites the figure as A$448 million over 11 years and notes the mission will image the entire Earth weekly once operational.",,,,,Australia joins United States on Landsat Next satellite mission as core partner,"Australian Department of Industry, Science and Resources / Geoscience Australia (corroborating USSC brief)",2024,https://www.industry.gov.au/news/australia-joins-united-states-landsat-next-satellite-mission-core-partner,Australian input — funded contribution and named ground-station facility (Alice Springs) in a US-led mission,2026-07-18,Custodian validation pending
EV-USSCSPAC-19,ussc-space,,FACT,Medium,"The brief states the Landsat Next operational timeline is uncertain due to US budget debates, despite Australia's A$448 million commitment.",,,,,Harnessing Australia's space strengths for the Alliance,United States Studies Centre,2026-04,https://www.ussc.edu.au/harnessing-australias-space-strengths-for-the-alliance,Dependency — Australian investment exposed to US appropriations risk,2026-07-18,Custodian validation pending
EV-USSCSPAC-20,ussc-space,,TO_VERIFY,Medium,"The brief states Space Machines Company was awarded a project for autonomous threat detection in January 2026, cited as an example of emerging Australian defence-space industry capability.",,,,,Harnessing Australia's space strengths for the Alliance,United States Studies Centre,2026-04,https://www.ussc.edu.au/harnessing-australias-space-strengths-for-the-alliance,Australian input — sovereign in-orbit SDA capability lead; contract details need confirmation from Defence or company announcement,2026-07-18,Custodian validation pending
EV-USSCSPAC-21,ussc-space,,FACT,Medium,"The brief assesses Australia is not on par with its Quad peers (Japan, India, the United States) in space sector investment, lacking the dedicated national space strategy and active space funding mechanisms those nations possess.",,,,,Harnessing Australia's space strengths for the Alliance,United States Studies Centre,2026-04,https://www.ussc.edu.au/harnessing-australias-space-strengths-for-the-alliance,Constraint / forum — investment gap relative to Quad partners limits Australia's standing in minilateral space cooperation,2026-07-18,Custodian validation pending
EV-USSCSPAC-22,ussc-space,,ASSESSMENT,Medium,"The brief's alliance-value argument rests almost entirely on geography, ground infrastructure heritage and data expertise rather than on-orbit assets, implying Australia's most credible near-term alliance offering is as a southern-hemisphere ground segment and SSA sensing host rather than a satellite operator.",,,,,Harnessing Australia's space strengths for the Alliance,United States Studies Centre,2026-04,https://www.ussc.edu.au/harnessing-australias-space-strengths-for-the-alliance,Australian value proposition — analytical synthesis of where Australia's comparative advantage lies for partnership design,2026-07-18,Custodian validation pending
EV-CONVERSA-01,conversation-deps,,FACT,High,"The Conversation (Cassandra Steer, ANU, 14 May 2025) states Australia is almost entirely dependent on the US, Europe and Japan for satellite data supporting agriculture, banking, transport, climate monitoring, and bushfire and flood response, and that GPS is owned and operated by the US government with temporary loss posing significant risks to Australia's telecommunications, energy systems and disaster response.",CONFIRMED,,,,From GPS to weather forecasts: the hidden ways Australia relies on foreign satellites,"The Conversation (author: Cassandra Steer, Australian Centre for Space Governance, ANU)",2025-05,https://theconversation.com/from-gps-to-weather-forecasts-the-hidden-ways-australia-relies-on-foreign-satellites-256440,dependency — frames Australia's cross-sector reliance on foreign-owned satellite services,2026-07-18,Custodian validation pending
EV-CONVERSA-02,conversation-deps,,FACT,High,"Bureau of Meteorology CEO Dr Andrew Johnson stated: ""The forecasts and warnings from the bureau that all Australians rely upon every day are critically dependent on the observations of Earth that we get from satellites – especially Himawari"", a geostationary satellite owned and operated by the Japan Meteorological Agency.",CONFIRMED,,,,Australia and Japan to expand meteorological satellite collaboration,Meteorological Technology International (reporting Bureau of Meteorology / JMA announcement),2024-11,https://www.meteorologicaltechnologyinternational.com/news/early-warning-systems/australia-and-japan-to-expand-meteorological-satellite-collaboration.html,dependency — Australian weather forecasting critically dependent on Japanese-owned Himawari satellite,2026-07-18,Custodian validation pending
EV-CONVERSA-03,conversation-deps,,FACT,High,"The Bureau of Meteorology and the Japan Meteorological Agency signed a strategic relationship arrangement in Tokyo on 11 November 2024 under which JMA will provide high-impact weather imagery every 2.5 minutes anywhere in the Australian region, with the BoM's collaboration on the Himawari-10 satellite described by its CEO as ""Australia's largest contribution to international meteorological satellite activities to date"".",CONFIRMED,,,,Australia and Japan to expand meteorological satellite collaboration,Meteorological Technology International (reporting BoM / JMA),2024-11,https://www.meteorologicaltechnologyinternational.com/news/early-warning-systems/australia-and-japan-to-expand-meteorological-satellite-collaboration.html,instrument / Australian input — formal bilateral arrangement and Australian co-investment in Himawari-10,2026-07-18,Custodian validation pending
EV-CONVERSA-04,conversation-deps,,FACT,High,"The Bureau of Meteorology uses over 30 satellite data streams, per the Australian Space Agency's official Australian Space Sector factsheet (current as of 29 July 2025).",CONFIRMED,,,,Australian Space Sector Fact Sheet (rev 29 July 2025),Australian Space Agency,2025-07,https://www.spaceindustry.com.au/wp-content/uploads/2025/08/Australian-Space-Agency-Space-Sector-Fact-Sheet-rev-29-July-2025.pdf,dependency — quantifies breadth of BoM reliance on (overwhelmingly foreign) satellite data,2026-07-18,Custodian validation pending
EV-CONVERSA-05,conversation-deps,,FACT,High,"Earth observation satellites support over 170 Australian government programs, and over 25 Commonwealth agencies have a critical interest in space, per the Australian Space Agency factsheet.",CONFIRMED,,,,Australian Space Sector Fact Sheet (rev 29 July 2025),Australian Space Agency,2025-07,https://www.spaceindustry.com.au/wp-content/uploads/2025/08/Australian-Space-Agency-Space-Sector-Fact-Sheet-rev-29-July-2025.pdf,dependency — quantifies whole-of-government reliance on Earth observation satellite data,2026-07-18,Custodian validation pending
EV-CONVERSA-06,conversation-deps,,FACT,High,"Satellite-enabled services deliver annual benefits of $1.5 billion to Australian agriculture and $115 million to mining (Australian Space Agency factsheet, citing Deloitte Access Economics, Economics of Earth Observation, 2021).",CONFIRMED,,,,"Australian Space Sector Fact Sheet (rev 29 July 2025), citing Deloitte Access Economics 2021",Australian Space Agency / Deloitte Access Economics,2025-07,https://www.spaceindustry.com.au/wp-content/uploads/2025/08/Australian-Space-Agency-Space-Sector-Fact-Sheet-rev-29-July-2025.pdf,dependency / Australian value proposition — quantified economic exposure to satellite services,2026-07-18,Custodian validation pending
EV-CONVERSA-07,conversation-deps,,FACT,High,"Half of the 50 Essential Climate Variables under the Global Climate Observing System are derived from satellite data, per the Australian Space Agency factsheet.",,,,,Australian Space Sector Fact Sheet (rev 29 July 2025),Australian Space Agency,2025-07,https://www.spaceindustry.com.au/wp-content/uploads/2025/08/Australian-Space-Agency-Space-Sector-Fact-Sheet-rev-29-July-2025.pdf,dependency — climate monitoring reliance on satellite-derived data,2026-07-18,Custodian validation pending
EV-CONVERSA-08,conversation-deps,,FACT,High,"Australia is one of few countries in the world with high visibility of four global (GPS, GLONASS, Galileo, BeiDou) and two regional (QZSS, IRNSS) navigation satellite systems — all foreign-owned — and Geoscience Australia's Positioning Australia program builds national positioning capability on top of these constellations rather than an Australian GNSS.",,,,,About Positioning Australia,Geoscience Australia,2026,https://www.ga.gov.au/scientific-topics/positioning-navigation/positioning-australia/about-the-program,"dependency — Australian PNT is augmentation of foreign constellations, not sovereign capability",2026-07-18,Custodian validation pending
EV-CONVERSA-09,conversation-deps,,FACT,Medium,Geoscience Australia's Positioning Australia page cites a 2008 report that precise positioning technologies have the potential to generate upwards of $73 billion of cumulative value to Australia by 2030.,,,,,About Positioning Australia,Geoscience Australia,2026,https://www.ga.gov.au/scientific-topics/positioning-navigation/positioning-australia/about-the-program,dependency — quantifies economic value at stake in (foreign-GNSS-based) positioning; dated 2008 estimate,2026-07-18,Custodian validation pending
EV-CONVERSA-10,conversation-deps,,FACT,Medium,"SouthPAN, delivered by Geoscience Australia in partnership with Toitu Te Whenua Land Information New Zealand, is the Australia-NZ satellite-based augmentation system offering positioning accuracy as little as 10 centimetres; GA announcements value its economic benefits at AUD$6.2 billion to Australia (with a later $7.6 billion Australia-NZ 30-year figure also reported), and its space segment is procured from the foreign operator Inmarsat.",,,,,About Positioning Australia / Australia and New Zealand sign major contract with Inmarsat for new SouthPAN satellite service,Geoscience Australia,2022,https://www.ga.gov.au/news/australia-and-new-zealand-sign-major-contract-with-inmarsat-for-new-southpan-satellite-service,Australian input / dependency — sovereign augmentation layer still contractually reliant on foreign satellite operators,2026-07-18,Custodian validation pending
EV-CONVERSA-11,conversation-deps,,FACT,High,"In June 2023 the Australian Government cancelled the National Space Mission for Earth Observation (NSMEO) — a program promised $1.16-1.2 billion out to 2039 that would have launched four Australian Earth-observation satellites from 2028 — citing budget repair, leaving Australia reliant on overseas partners for Earth observation data.",,,,,National Space Mission for Earth Observation axed / Statement regarding June 2023 cuts to Australian space programs,Spatial Source; Australian Academy of Science; Space Connect (multiple consistent sources via search),2023-06,https://www.science.org.au/news-and-events/news-and-media-releases/statement-regarding-june-2023-cuts-to-australian-space-programs,constraint — cancelled sovereign EO capability entrenches foreign-satellite dependency,2026-07-18,Custodian validation pending
EV-CONVERSA-12,conversation-deps,,FACT,High,"On 4 November 2024, Defence ceased procurement with Lockheed Martin Australia for JP9102, the single-orbit GEO Australian Defence Satellite Communications System (three to five Defence-controlled geostationary satellites, reported value $5-7 billion), stating a single-orbit GEO system would not meet strategic priorities and that a multi-orbit solution would be pursued instead.",,,,,Defence confirms JP9102 cancellation / Australia abandons geostationary satellite program,Australian Defence Magazine; SpaceNews; Via Satellite (multiple consistent sources via search),2024-11,https://www.australiandefence.com.au/news/news/defence-confirms-jp9102-cancellation,constraint — cancelled sovereign milsatcom leaves defence communications dependent on partner/commercial satellites pending multi-orbit solution,2026-07-18,Custodian validation pending
EV-CONVERSA-13,conversation-deps,,FACT,High,"The Security Legislation Amendment (Critical Infrastructure Protection) Act 2022 (royal assent 2 April 2022) includes space technology as one of Australia's eleven critical infrastructure sectors under the Security of Critical Infrastructure Act regime, imposing risk-management obligations on responsible entities.",,,,,Security Legislation Amendment (Critical Infrastructure Protection) Act 2022 — SLACIP Bill 2022,Department of Home Affairs (with consistent legal-sector analyses via search),2022-04,https://www.homeaffairs.gov.au/reports-and-publications/submissions-and-discussion-papers/slacip-bill-2022,instrument — legislative recognition of space technology as critical infrastructure,2026-07-18,Custodian validation pending
EV-CONVERSA-14,conversation-deps,,FACT,Medium,"The 2024 National Defence Strategy frames Defence planning across five domains — maritime, land, air, space and cyber — with space and cyber capabilities to be bolstered and integrated into the joint force, including new space-based situational awareness and communications capabilities.",,,,,2024 National Defence Strategy (media release and analyses),Australian Department of Defence / Defence Ministers (via search results; NDS document itself not fetched),2024-04,https://www.minister.defence.gov.au/media-releases/2024-04-17/2024-national-defence-strategy,partner interest / instrument — elevates space to co-equal operational domain in Australian defence policy,2026-07-18,Custodian validation pending
EV-CONVERSA-15,conversation-deps,,FACT,Medium,"In April 2023 an outage of Inmarsat's I-4 F1 satellite (UK-headquartered operator) disabled GPS correction services for precision agriculture across Western Australia, Queensland, NSW, Victoria and New Zealand, affecting John Deere, Case, Ag Leader and Trimble equipment, with the National Farmers' Federation expecting up to two-thirds of grain growers seeding that week to be affected — the incident The Conversation cites as a 2023 UK satellite outage impacting Australian and NZ farmers.",,,,,Inmarsat working to recover from satellite outage / Satellite outage blamed for loss of GPS signal,iTnews; Farm Online; SMH via RNTF (multiple consistent media sources via search),2023-04,https://www.itnews.com.au/news/inmarsat-working-to-recover-from-satellite-outage-593396,dependency — demonstrated real-world consequence of foreign commercial satellite failure for Australian agriculture,2026-07-18,Custodian validation pending
EV-CONVERSA-16,conversation-deps,,FACT,High,"The Australian space sector has $4.6 billion annual turnover, ~17,000 FTE and ~620 organisations, and in 2024 recorded the most Australian satellites launched in a single year (9), per the Australian Space Agency factsheet.",,,,,Australian Space Sector Fact Sheet (rev 29 July 2025),Australian Space Agency,2025-07,https://www.spaceindustry.com.au/wp-content/uploads/2025/08/Australian-Space-Agency-Space-Sector-Fact-Sheet-rev-29-July-2025.pdf,Australian input — baseline sovereign industrial capability against which dependency claims are measured,2026-07-18,Custodian validation pending
EV-CONVERSA-17,conversation-deps,,FACT,High,"Australia is a signatory to the five UN space treaties, the Australian Space Agency holds formal bilateral agreements with 15 nations, and the US-Australia Technology Safeguards Agreement entered into force in July 2024, enabling US companies to launch space technology from Australia (one of eight nations with a US TSA).",,,,,Australian Space Sector Fact Sheet (rev 29 July 2025),Australian Space Agency,2025-07,https://www.spaceindustry.com.au/wp-content/uploads/2025/08/Australian-Space-Agency-Space-Sector-Fact-Sheet-rev-29-July-2025.pdf,instrument / forum — treaty and bilateral architecture underpinning partnership options,2026-07-18,Custodian validation pending
EV-CONVERSA-18,conversation-deps,,FACT,High,"In the 2024-25 Budget the Australian Government invested an additional $207.4 million over the forward estimates in Geoscience Australia's Earth Observation Program (which provides over 35 years of free, open satellite land imagery) to deliver an upgraded ground station in Alice Springs and advanced data capabilities — ground-segment investment that still depends on foreign-operated satellites for the imagery itself.",,,,,Australian Space Sector Fact Sheet (rev 29 July 2025),Australian Space Agency / Geoscience Australia,2025-07,https://www.spaceindustry.com.au/wp-content/uploads/2025/08/Australian-Space-Agency-Space-Sector-Fact-Sheet-rev-29-July-2025.pdf,"Australian input / dependency — sovereign investment concentrated in ground segment, not satellites",2026-07-18,Custodian validation pending
EV-CONVERSA-19,conversation-deps,,TO_VERIFY,Medium,"The Conversation's characterisation that Australia owns/operates zero sovereign satellites for these services requires nuance: it holds for government-owned operational weather, Earth-observation and navigation satellites, but nine Australian satellites (largely commercial smallsats) were launched in 2024 alone per the ASA factsheet, and Australian commercial communications satellites (e.g. Optus fleet, NBN Sky Muster) exist; the precise scope of the article's 'no sovereign satellites' claim needs validation against an authoritative satellite register.",,,,,The Conversation article 256440 cross-read against Australian Space Sector Fact Sheet,The Conversation; Australian Space Agency,2025-05,https://theconversation.com/from-gps-to-weather-forecasts-the-hidden-ways-australia-relies-on-foreign-satellites-256440,dependency — bounds the accuracy of the headline 'no sovereign satellites' dependency claim,2026-07-18,Custodian validation pending
EV-CONVERSA-20,conversation-deps,,ASSESSMENT,Medium,"Australia's civil PNT, weather and Earth-observation service continuity rests on the policy and funding decisions of foreign governments (US GPS, Japan's JMA Himawari, US/European EO programs), and the twin cancellations of NSMEO (2023) and JP9102 (2024) mean no sovereign satellite alternative in these mission areas is likely before the early 2030s, making assured foreign access arrangements (e.g. the BoM-JMA Himawari-10 arrangement, US TSA) the primary risk-mitigation instruments available.",,,,,"Analyst synthesis of The Conversation 256440, ASA factsheet, GA Positioning Australia, BoM-JMA arrangement, and cancellation reporting",Analyst synthesis (sources as per individual records),2026-07,https://theconversation.com/from-gps-to-weather-forecasts-the-hidden-ways-australia-relies-on-foreign-satellites-256440,dependency / Australian value proposition — net judgement on dependency depth and the partnership instruments that mitigate it,2026-07-18,Custodian validation pending
EV-AUKUSLFE-01,aukus-lfe-tsa,,FACT,High,"The US Department of State (DDTC) published an interim final rule on 20 August 2024 creating a new ITAR exemption (22 CFR 126.7) for defence trade among Australia, the UK and the US, available for use from 1 September 2024.",CONFIRMED,,,,DDTC Publishes ITAR Amendments to Implement the AUKUS Exemption,Crowell & Moring LLP (analysing DDTC/Federal Register rule),2024-08,https://www.crowell.com/en/insights/client-alerts/ddtc-publishes-itar-amendments-to-implement-the-aukus-exemption,Instrument — the core US legal mechanism of the AUKUS licence-free environment,2026-07-18,Custodian validation pending
EV-AUKUSLFE-02,aukus-lfe-tsa,,FACT,High,"The ITAR AUKUS exemption authorises licence-free exports, reexports, retransfers and temporary imports of defense articles (including technical data), furnishing of defense services, and brokering between and among authorized users, but only within the physical territories of Australia, the UK and the US.",CONFIRMED,,,,U.S. State Department Publishes Defense Trade Controls Exemption for Australia and the United Kingdom,Sidley Austin LLP,2024-09,https://www.sidley.com/en/insights/newsupdates/2024/09/us-state-department-publishes-ddtc-rule,Instrument — scope and geographic constraint of the licence-free environment,2026-07-18,Custodian validation pending
EV-AUKUSLFE-03,aukus-lfe-tsa,,FACT,High,Eligibility to use the ITAR AUKUS exemption is limited to: (i) US persons registered with DDTC and not debarred; (ii) US government departments/agencies; and (iii) Australian or UK entities enrolled as Authorized Users through their own governments (signing US Authorized User Terms and Conditions) and listed on DDTC's website; non-US brokers must also register with DDTC.,CONFIRMED,,,,U.S. State Department Publishes Defense Trade Controls Exemption for Australia and the United Kingdom,Sidley Austin LLP / Crowell & Moring (corroborating),2024-09,https://www.sidley.com/en/insights/newsupdates/2024/09/us-state-department-publishes-ddtc-rule,Constraint — authorised-user gating of the licence-free environment,2026-07-18,Custodian validation pending
EV-AUKUSLFE-04,aukus-lfe-tsa,,FACT,High,"DDTC published the final rule finalising the AUKUS ITAR exemption on 30 December 2025, effective on publication; it did not broaden the Excluded Technology List, expanded the authorized user definition to explicitly include UK national-level and Australian federal government departments/agencies, added a new ITAR 126.7(c) exemption for certain reexports/retransfers supporting AUKUS armed forces, and noted more than 700 Australian and UK persons had become Authorized Users.",CONFIRMED,,,,Department of State publishes final rule finalizing AUKUS defense trade ITAR exemption,DLA Piper (analysing Federal Register final rule of 2025-12-30),2026-01,https://www.dlapiper.com/en-us/insights/publications/2026/01/department-of-state-publishes-final-rule-finalizing-aukus-defense-trade-itar-exemption,Instrument — current legal status of the US exemption as of mid-2026,2026-07-18,Custodian validation pending
EV-AUKUSLFE-05,aukus-lfe-tsa,,FACT,High,"The US Excluded Technology List (Supplement No. 2 to Part 126 ITAR) removes from the AUKUS exemption, among other items, all Missile Technology Control Regime (MTCR) items on the US Munitions List and directly related technical data and defense services — which captures space launch vehicles — plus items such as cluster munitions, F-22-related articles and certain classified manufacturing know-how; these still require individual US licences.",CONFIRMED,,,,"State Department Aims to Streamline Export Controls for Future Collaboration Among the United States, United Kingdom, and Australia (and Crowell alert)",K&L Gates / Crowell & Moring,2024-05,https://www.klgates.com/State-Department-Aims-to-Streamline-Export-Controls-for-Future-Collaboration-Among-the-United-States-United-Kingdom-and-Australia-5-7-2024,Constraint — space-launch and missile technology stays outside the licence-free environment,2026-07-18,Custodian validation pending
EV-AUKUSLFE-06,aukus-lfe-tsa,,FACT,High,"A separate BIS rule effective 19 April 2024 amended the EAR to remove list-based licence requirements (NS1, RS1, MT1 reasons for control) for exports to Australia and the UK, including most 9x515 satellite-related items (covering most commercial satellites, parts and components) and 600-series military items; BIS estimated this makes over US$7.5 billion per year of trade licence-free and eliminates most of the ~1,800+ BIS licences previously issued annually for these destinations.",CONFIRMED,,,,"Export Control Revisions for Australia, United Kingdom, United States (AUKUS) Enhanced Trilateral Security Partnership (89 FR, 19 April 2024)",US Bureau of Industry and Security / Federal Register (via Skadden and Nixon Peabody analyses),2024-04,https://www.federalregister.gov/documents/2024/04/19/2024-08446/export-control-revisions-for-australia-united-kingdom-united-states-aukus-enhanced-trilateral,Instrument — the EAR half of the licence-free environment; directly enables satellite/space component transfers,2026-07-18,Custodian validation pending
EV-AUKUSLFE-07,aukus-lfe-tsa,,FACT,High,Australia's Defence Trade Controls Amendment Act 2024 was passed by Parliament on 27 March 2024 and received royal assent on 8 April 2024 as Act No. 21 of 2024.,,,,,Defence Trade Controls Amendment Act 2024 (C2024A00021) / A double-edged sword? Parliament passes major reforms,Federal Register of Legislation (Australia) / Herbert Smith Freehills,2024-04,https://www.legislation.gov.au/C2024A00021/asmade,Instrument — Australia's domestic legal input to the licence-free environment,2026-07-18,Custodian validation pending
EV-AUKUSLFE-08,aukus-lfe-tsa,,FACT,Medium,"The Defence Trade Controls Amendment Act 2024 and Defence Trade Legislation Amendment Regulations 2024 commenced on 1 September 2024, creating Australia's national exemption from export permit requirements for most DSGL military and dual-use goods and technology supplied to or within the UK and US; the Act's new criminal offences took effect six months later, on 1 March 2025.",,,,,Defence Trade Controls Amendment Act 2024 and Defence Trade Legislation Amendment Regulations 2024,Australian Department of Defence,2024,https://www.defence.gov.au/about/reviews-inquiries/defence-trade-controls-amendment-act-2024-defence-trade-legislation-amendment-regulations-2024,Instrument — Australian commencement dates for the licence-free environment (page content obtained via search snippet; direct fetch timed out),2026-07-18,Custodian validation pending
EV-AUKUSLFE-09,aukus-lfe-tsa,,FACT,High,"The Defence Trade Controls Amendment Act 2024 created three new offences to achieve export-control comparability with the US: a deemed-export offence (supplying DSGL technology to foreign persons within Australia), a re-supply offence (re-supplying previously exported Australian-controlled goods outside Australia), and a services offence (providing DSGL-related services to foreign militaries/governments), each subject to exceptions including for AUKUS partners.",,,,,Australia passes significant export controls amendments / AUKUS enablers? Assessing defence trade control reforms,Baker McKenzie / United States Studies Centre,2024,https://sanctionsnews.bakermckenzie.com/australia-passes-significant-export-controls-amendments/,Constraint and Australian input — protective controls Australia adopted as the price of US comparability certification,2026-07-18,Custodian validation pending
EV-AUKUSLFE-10,aukus-lfe-tsa,,FACT,High,"On 16 August 2024 the United States certified that the UK's export controls were comparable with US controls, enabling the UK to benefit from the ITAR exemption for the agreed scope of goods and technology; the UK's Open General Licence (AUKUS nations) was published the same day and came into force on 1 September 2024 to align with the US measures.",,,,,NTE 2024/18: update on AUKUS and publication of new open general licence,UK Export Control Joint Unit / Department for Business and Trade (GOV.UK),2024-08,https://www.gov.uk/government/publications/notice-to-exporters-202418-update-on-aukus-and-publication-of-new-open-general-licence/nte-202418-update-on-aukus-and-publication-of-new-open-general-licence,Instrument — the UK leg of the trilateral licence-free environment,2026-07-18,Custodian validation pending
EV-AUKUSLFE-11,aukus-lfe-tsa,,FACT,High,"The UK OGL (AUKUS nations) permits export of specified dual-use and military goods, software and technology to, between and among Australia, the US and the UK, but only where both the UK exporter and the recipient are on the AUKUS Authorised Users list, and it carries its own excluded technology list covering items subject to international obligations or specifically excluded at AUKUS partners' request; users must register on the UK SPIRE platform.",,,,,Open general licence (AUKUS nations) guidance note / NTE 2024/18,UK Department for Business and Trade (GOV.UK),2026-04,https://www.gov.uk/government/publications/open-general-licence-aukus-nations/open-general-licence-aukus-nations-guidance-note,Constraint — UK conditions mirroring the authorised-user and exclusion architecture,2026-07-18,Custodian validation pending
EV-AUKUSLFE-12,aukus-lfe-tsa,,FACT,Medium,"United States Studies Centre analysis estimates the reforms make roughly 80% of US EAR-controlled exports and about 70% of ITAR-controlled exports to Australia licence-free, and eliminate approximately 900 Australian export permits covering about A$5 billion of annual Australian exports to the US and UK.",,,,,AUKUS enablers? Assessing defence trade control reforms in Australia and the United States,United States Studies Centre (University of Sydney),2024,https://www.ussc.edu.au/aukus-assessing-defence-trade-control-reforms-in-australia-and-the-united-states,"Australian value proposition — quantified scale of the licence-free environment (think-tank estimate, not official statistics)",2026-07-18,Custodian validation pending
EV-AUKUSLFE-13,aukus-lfe-tsa,,FACT,Medium,"The Australian Government reported in February 2025 that in under six months of the licence-free environment, over 210 Australian companies had used it and over A$25 million in licence-free exports to the UK and US had been facilitated, supported by A$28 million committed in the 2024-25 Budget for implementation.",,,,,Australian defence industry reaping the benefits of AUKUS trade reforms,"Australian Defence Ministers (media release, 10 February 2025)",2025-02,https://www.minister.defence.gov.au/media-releases/2025-02-10/australian-defence-industry-reaping-benefits-aukus-trade-reforms,Australian value proposition — early observed uptake of the licence-free environment (content obtained via search snippet; direct fetch timed out),2026-07-18,Custodian validation pending
EV-AUKUSLFE-14,aukus-lfe-tsa,,ASSESSMENT,High,"For space technology specifically, the AUKUS licence-free environment covers most commercial satellite hardware and components (EAR 9x515 and 600-series items) but not MTCR Category-controlled space launch vehicle technology, which sits on the Excluded Technology List and remains subject to individual US licensing; the licence-free environment therefore benefits satellite/component collaboration far more than launch-vehicle collaboration.",,,,,Synthesis of K&L Gates ETL analysis and BIS April 2024 rule analyses,"Analyst synthesis from K&L Gates, Crowell & Moring, Skadden, Federal Register sources accessed this session",2024,https://www.klgates.com/State-Department-Aims-to-Streamline-Export-Controls-for-Future-Collaboration-Among-the-United-States-United-Kingdom-and-Australia-5-7-2024,Constraint / Australian value proposition — what the licence-free environment actually means for space technology transfers,2026-07-18,Custodian validation pending
EV-AUKUSLFE-15,aukus-lfe-tsa,,ASSESSMENT,Medium,"USSC assesses that many advanced AUKUS Pillar II technologies remain on the Excluded Technology List, producing 'AUKUS by country, but not by technology': the reforms chiefly benefit routine defence trade and legacy-system cooperation while providing limited advantage for cutting-edge technology collaboration, with a persisting ITAR 'taint' effect and a risk Australia replicates it domestically.",,,,,AUKUS enablers? Assessing defence trade control reforms in Australia and the United States,United States Studies Centre (University of Sydney),2024,https://www.ussc.edu.au/aukus-assessing-defence-trade-control-reforms-in-australia-and-the-united-states,Constraint — analytical limits of the licence-free environment for advanced-technology (incl. space) partnership,2026-07-18,Custodian validation pending
EV-AUKUSLFE-16,aukus-lfe-tsa,,FACT,High,The Agreement between Australia and the US on Technology Safeguards Associated with US Participation in Space Launches from Australia (TSA) was signed in Washington D.C. on 26 October 2023 during Prime Minister Albanese's US visit.,,,,,[2024] ATNIA 3 (treaty title record) / Australia and US formalise Technology Safeguards Agreement,"DFAT National Interest Analysis (AustLII record) / Department of Industry, Science and Resources",2023-10,https://www8.austlii.edu.au/au/other/dfat/ATNIA/2024/3.html,Instrument — treaty-level bilateral framework for commercial space launch,2026-07-18,Custodian validation pending
EV-AUKUSLFE-17,aukus-lfe-tsa,,FACT,High,"The TSA entered into force on 23 July 2024, after JSCOT approved the treaty on 4 July 2024; the Australian Space Agency's July 2025 fact sheet confirms it 'entered into force July 2024' and states it enables US companies to launch space technology from Australia, noting eight nations have TSAs with the United States.",,,,,Open for launch (space.gov.au) / Australian Space Sector Fact Sheet (29 July 2025) / Space Connect JSCOT report,Australian Space Agency; Space Connect,2024-07,https://www.space.gov.au/news-and-media/TSA-comes-into-effect,Instrument — legal status and entry-into-force of the TSA (specific 23 July date from ASA page via search snippet; 'July 2024' verified in ASA fact sheet PDF accessed this session),2026-07-18,Custodian validation pending
EV-AUKUSLFE-18,aukus-lfe-tsa,,FACT,High,"TSA key conditions include: US participants retain control of US launch vehicles, spacecraft, related equipment and technical data at all times; Australia must designate Controlled Areas (access limited to persons approved by Australian, US and directly involved governments) and jointly designated Segregated Areas (access limited to US-designated persons only); US officials get unimpeded inspection/monitoring rights including CCTV; and obligations on security, non-disclosure and return of US technology, components or debris from delayed, cancelled, failed or anomalous launches survive termination.",,,,,The future of Australia's commercial space sector under the US-Australia space technology treaty / gtlaw TSA analysis,Corrs Chambers Westgarth; Gilbert + Tobin (via search extract),2024,https://www.corrs.com.au/insights/the-future-of-australias-commercial-space-sector-under-the-us-australia-space-technology-treaty,Constraint — the safeguard conditions Australia accepted to host US launches,2026-07-18,Custodian validation pending
EV-AUKUSLFE-19,aukus-lfe-tsa,,FACT,Medium,"The TSA does not itself remove US export licensing: US space launch vehicles and MTCR-controlled defense articles remain excluded from the AUKUS ITAR exemption, and the TSA instead provides the government-to-government safeguards framework under which the US may license exports, reexports and retransfers of TSA-covered items for launches from Australia if TSA requirements are met.",,,,,State Department Aims to Streamline Export Controls... (ETL/TSA interaction analysis),K&L Gates,2024-05,https://www.klgates.com/State-Department-Aims-to-Streamline-Export-Controls-for-Future-Collaboration-Among-the-United-States-United-Kingdom-and-Australia-5-7-2024,"Dependency — TSA is a licensing enabler, not a licence exemption; frames what Australia can and cannot access",2026-07-18,Custodian validation pending
EV-AUKUSLFE-20,aukus-lfe-tsa,,TO_VERIFY,Medium,"Australian Government-linked estimates cited at TSA entry into force projected Australian spaceport operators could host between 45 and 95 launches over the following decade, worth between A$460 million and A$1.2 billion.",,,,,Open for launch / TSA media coverage,Australian Space Agency (quoted in search results); corroboration in trade press,2024-07,https://www.space.gov.au/news-and-media/TSA-comes-into-effect,Australian value proposition — projected economic upside of the TSA (figures seen only in search snippet; primary page timed out this session),2026-07-18,Custodian validation pending
EV-AUKUSLFE-21,aukus-lfe-tsa,,ASSESSMENT,Medium,"Commentators note the TSA's segregated-area regime restricts Australian personnel from proximity to US launch vehicles, which may limit technology spillovers to Australian industry even as it grows launch activity, workforce and spaceport revenue (Arnhem Space Centre, Bowen Orbital Spaceport and Southern Launch cited as beneficiaries).",,,,,US-Australia launch deal passes key milestone,Space Connect,2024-07,https://www.spaceconnectonline.com.au/launch/6256-us-australia-launch-deal-passes-key-milestone,Constraint / Australian value proposition — trade-off between hosting US launches and building sovereign launch capability,2026-07-18,Custodian validation pending
EV-DECDSGL-01,dec-dsgl,,FACT,High,"Regulation 13E of the Customs (Prohibited Exports) Regulations 1958 (made under the Customs Act 1901) prohibits the export of tangible goods and technology listed on the Defence and Strategic Goods List unless the Defence Minister grants permission, and the Minister may only grant permission if satisfied the export would not prejudice the security, defence or international relations of Australia.",CONFIRMED,,,,Customs (Prohibited Exports) Regulations 1958 - REG 13E Exportation of defence and strategic goods -- general,AustLII (Commonwealth consolidated regulations),,https://classic.austlii.edu.au/au/legis/cth/consol_reg/cer1958439/s13e.html,instrument / constraint - the legal gate on any physical export of space hardware from Australia,2026-07-18,Custodian validation pending
EV-DECDSGL-02,dec-dsgl,,FACT,Medium,"A regulation 13E permission may specify terms including the type and amount of goods, the persons and countries to which goods may be exported, the number of shipments, and the period of export; regulation 13EA sets out exceptions for which no regulation 13E permission is required.",CONFIRMED,,,,Customs (Prohibited Exports) Regulations 1958 - REG 13E and REG 13EA,AustLII (Commonwealth consolidated regulations),,https://classic.austlii.edu.au/au/legis/cth/consol_reg/cer1958439/s13ea.html,constraint - permit conditions shape which partners and destinations Australian space exporters can serve,2026-07-18,Custodian validation pending
EV-DECDSGL-03,dec-dsgl,,FACT,High,The Defence and Strategic Goods List 2024 (DSGL 2024) is a legislative instrument made under paragraph 112(2A)(aa) of the Customs Act 1901; it commenced on 1 September 2024 and repealed and replaced the DSGL 2021.,CONFIRMED,,,,"Explanatory Statement, Defence and Strategic Goods List 2024 (F2024L01024)",Australian Government (Federal Register of Legislation),2024-08,https://www.legislation.gov.au/F2024L01024/asmade/2024-08-16/es/original/pdf,instrument - the control list that defines which space goods/technology need permits,2026-07-18,Custodian validation pending
EV-DECDSGL-04,dec-dsgl,,FACT,High,"DSGL Part 1 is the Munitions List (goods, software and technology designed or adapted for military use, plus inherently lethal non-military goods); DSGL Part 2 is the Dual-use List with ten categories (Category 0 Nuclear Materials through Category 9 Aerospace and Propulsion), covering commercial items usable in military systems or WMD programs.",CONFIRMED,,,,"Explanatory Statement, Defence and Strategic Goods List 2024 (F2024L01024)",Australian Government (Federal Register of Legislation),2024-08,https://www.legislation.gov.au/F2024L01024/asmade/2024-08-16/es/original/pdf,constraint - most civil space technology falls in Part 2 Category 9 (Aerospace and Propulsion),2026-07-18,Custodian validation pending
EV-DECDSGL-05,dec-dsgl,,FACT,High,"The DSGL is largely derived from the control lists of the four multilateral export control regimes in which Australia is a participating state: the Wassenaar Arrangement, the Missile Technology Control Regime, the Australia Group and the Nuclear Suppliers Group; it is updated approximately every 12-24 months to track regime decisions.",CONFIRMED,,,,"Explanatory Statement, Defence and Strategic Goods List 2024 (F2024L01024)",Australian Government (Federal Register of Legislation),2024-08,https://www.legislation.gov.au/F2024L01024/asmade/2024-08-16/es/original/pdf,forum - Australia's control list is anchored in multilateral regimes (MTCR is decisive for launch vehicles),2026-07-18,Custodian validation pending
EV-DECDSGL-06,dec-dsgl,,FACT,High,"The DSGL 2024 contains 278 updates to the DSGL 2021: 231 are editorial/clarifying, and of the 47 substantive amendments, 19 are new or expanded controls, 13 remove or reduce approval requirements, and 15 are scope-neutral; Defence Export Controls assessed the overall impact on exporters and researchers as limited.",CONFIRMED,,,,"Explanatory Statement, Defence and Strategic Goods List 2024 (F2024L01024)",Australian Government (Federal Register of Legislation),2024-08,https://www.legislation.gov.au/F2024L01024/asmade/2024-08-16/es/original/pdf,constraint - shows control-list churn that partnership compliance programs must track,2026-07-18,Custodian validation pending
EV-DECDSGL-07,dec-dsgl,,FACT,High,"Defence Export Controls (DEC), within the Department of Defence, is the authority that grants permits and approvals to export, supply, publish and broker DSGL goods, software and technology; DSGL items cannot be exported, supplied, published or brokered without a permit unless a legislative exemption applies.",,,,,"Explanatory Statement, Defence and Strategic Goods List 2024 (F2024L01024)",Australian Government (Federal Register of Legislation),2024-08,https://www.legislation.gov.au/F2024L01024/asmade/2024-08-16/es/original/pdf,instrument - DEC is the single national gatekeeper any space partnership must transact with,2026-07-18,Custodian validation pending
EV-DECDSGL-08,dec-dsgl,,FACT,High,"Section 10 of the Defence Trade Controls Act 2012 makes it an offence to supply DSGL technology intangibly (e.g. by email, fax, telephone, video conference or provision of electronic file access) from within Australia to a person outside Australia without a permit, unless an exception or exemption applies.",,,,,Defence Trade Controls Act 2012 (compilation of 14 October 2024),Federal Register of Legislation,2024-10,https://www.legislation.gov.au/C2012A00153/latest,"constraint - captures everyday engineering exchange (emails, design reviews) in international space projects",2026-07-18,Custodian validation pending
EV-DECDSGL-09,dec-dsgl,,FACT,High,"The Defence Trade Controls Amendment Act 2024 passed the Australian Parliament on 27 March 2024; its main amendments commenced on 1 September 2024, and the three new offences (sections 10A, 10B and 10C) took effect on 1 March 2025 after a transition period.",,,,,Australia passes significant export controls amendments; Australian offences for new export controls regime commence 1 March 2025,Baker McKenzie (Global Sanctions / Supply Chain Compliance blogs),2025-02,https://supplychaincompliance.bakermckenzie.com/2025/02/17/australian-offences-for-new-export-controls-regime-commence-1-march-2025/,instrument - key dates for the reformed control regime relevant to partnership sequencing,2026-07-18,Custodian validation pending
EV-DECDSGL-10,dec-dsgl,,FACT,High,"New section 10A of the Defence Trade Controls Act (the 'deemed export' offence, in force 1 March 2025) prohibits supplying DSGL technology within Australia to a non-exempt foreign person without a permit, which includes an employer giving controlled technology access to foreign-national employees located in Australia.",,,,,Australian offences for new export controls regime commence 1 March 2025,Baker McKenzie,2025-02,https://supplychaincompliance.bakermckenzie.com/2025/02/17/australian-offences-for-new-export-controls-regime-commence-1-march-2025/,constraint - workforce nationality screening now conditions who can work on controlled space programs in Australia,2026-07-18,Custodian validation pending
EV-DECDSGL-11,dec-dsgl,,FACT,Medium,"New section 10B (in force 1 March 2025) prohibits the re-supply, between places outside Australia, of a defined subset of DSGL goods or technology - items on DSGL Part 1 or the Part 2 'Sensitive' and 'Very Sensitive' lists - that were previously exported or supplied from Australia under permit.",,,,,Defence Trade Controls Amendment Act 2024 and Defence Trade Legislation Amendment Regulations 2024 (Defence summary via search); corroborated by Baker McKenzie,Department of Defence / Baker McKenzie,2024,https://www.defence.gov.au/about/reviews-inquiries/defence-trade-controls-amendment-act-2024-defence-trade-legislation-amendment-regulations-2024,constraint - extraterritorial follow-on control over Australian-origin space items moving between foreign partners,2026-07-18,Custodian validation pending
EV-DECDSGL-12,dec-dsgl,,FACT,High,New section 10C (in force 1 March 2025) prohibits Australian persons outside Australia from providing 'DSGL services' - assistance including training related to DSGL Part 1 (Munitions List) goods or technology - to foreign persons without a permit.,,,,,Australia's Defence Trade Controls Act - new offences and exemptions; Baker McKenzie 1 March 2025 article,Corrs Chambers Westgarth / Baker McKenzie,2024,https://www.corrs.com.au/insights/australias-defence-trade-controls-act-new-offences-and-exemptions,constraint - controls Australian experts providing technical assistance to foreign space/missile-adjacent programs abroad,2026-07-18,Custodian validation pending
EV-DECDSGL-13,dec-dsgl,,FACT,High,"The Defence Trade Controls Act 2012 (as amended) also contains a publication offence (section 14A, publishing DSGL Part 1 technology without approval) and a brokering offence (section 15, arranging supplies of DSGL items between places outside Australia without a permit), supported by a registered-broker regime; brokering Part 2 dual-use items is an offence where the broker knows or is reckless as to military end-use or WMD-program use.",,,,,Defence Trade Controls Act 2012 (compilation of 14 October 2024),Federal Register of Legislation,2024-10,https://www.legislation.gov.au/C2012A00153/latest,constraint - covers publication of controlled space technology and third-country deal-making by Australian intermediaries,2026-07-18,Custodian validation pending
EV-DECDSGL-14,dec-dsgl,,FACT,High,"Maximum penalties for the principal Defence Trade Controls Act offences (including sections 10 and 10A-10C) are 10 years imprisonment or 2,500 penalty units (approximately A$782,500 at the time of the cited 2024 publication), or both.",,,,,Australia's Defence Trade Controls Act - new offences and exemptions,Corrs Chambers Westgarth,2024,https://www.corrs.com.au/insights/australias-defence-trade-controls-act-new-offences-and-exemptions,constraint - criminal exposure drives conservative compliance behaviour in space collaborations,2026-07-18,Custodian validation pending
EV-DECDSGL-15,dec-dsgl,,FACT,High,"From 1 September 2024 the amended framework establishes an AUKUS 'licence-free environment' waiving permit requirements for supply of most DSGL goods and technology between Australia, the United Kingdom and the United States, conditional on the transaction occurring wholly within the three countries between eligible persons (e.g. Australian persons, UK/US citizens, permanent residents, corporations and governments), with registration/notification to DEC and record-keeping obligations still applying, and some technologies excluded.",,,,,Australia Tightens Defence Trade Controls; Baker McKenzie and UQ corroboration,Law Compliance / Baker McKenzie / University of Queensland,2024,https://lawcompliance.com.au/australia-tightens-defence-trade-controls/,Australian value proposition / dependency - dramatically lowers friction for trilateral space technology transfer with US and UK,2026-07-18,Custodian validation pending
EV-DECDSGL-16,dec-dsgl,,FACT,Medium,"The US State Department published a reciprocal ITAR exemption for defence trade and cooperation among Australia, the United Kingdom and the United States in the Federal Register on 20 August 2024 (Doc. 2024-18043), complementing Australia's licence-free environment.",,,,,"International Traffic in Arms Regulations: Exemption for Defense Trade and Cooperation Among Australia, the United Kingdom, and the United States",US Federal Register / US Department of State,2024-08,https://www.federalregister.gov/documents/2024/08/20/2024-18043/international-traffic-in-arms-regulations-exemption-for-defense-trade-and-cooperation-among,dependency / partner instrument - reciprocal US relief is what makes the AUKUS pathway usable for Australian space firms,2026-07-18,Custodian validation pending
EV-DECDSGL-17,dec-dsgl,,FACT,High,"The DSGL definition of controlled 'technology' excludes information 'in the public domain' (available without restriction on further dissemination) and 'basic scientific research' (experimental or theoretical work principally to acquire new knowledge of fundamental principles, not directed at a specific practical aim); such information can be shared without a permit.",,,,,"Overview of the Defence Trade Controls Act (Corrs PDF) and university export-control guidance (Deakin, Adelaide, CDU)",Corrs Chambers Westgarth / Australian universities,,https://www.corrs.com.au/site-uploads/images/PDFs/Insights/Defence-Trade-Controls-Act.pdf,Australian input / constraint-relief - preserves open space science and pre-competitive research collaboration,2026-07-18,Custodian validation pending
EV-DECDSGL-18,dec-dsgl,,FACT,Medium,"The Minister for Defence maintains a Foreign Country List of 'whitelisted' countries whose citizens are treated as exempt for certain DTC Act offences (reported to include Austria, Belgium, Canada, France, Japan, New Zealand, the UK and the US among others), and the 2024 regulations allow the Minister to add countries outside the four multilateral regimes on national-security, economic-prosperity or international-relations grounds.",,,,,Australia's Defence Trade Controls Act - new offences and exemptions,Corrs Chambers Westgarth,2024,https://www.corrs.com.au/insights/australias-defence-trade-controls-act-new-offences-and-exemptions,instrument - defines which partner-nation personnel can access controlled space technology in Australia without permits,2026-07-18,Custodian validation pending
EV-DECDSGL-19,dec-dsgl,,FACT,Medium,"DSGL entry 9A004 (Part 2, Category 9 Aerospace and Propulsion) controls space launch vehicles, spacecraft, spacecraft buses, spacecraft payloads, spacecraft on-board systems or equipment (including command, telemetry, payload data handling and attitude/orbit control components), and specialised terrestrial equipment such as telemetry and telecommand systems.",,,,,DSGL Online - 9A004 Space launch vehicles and spacecraft,"Department of Defence (DSGL online tool, content obtained via search; site unreachable this session)",,https://dsgl.defence.gov.au/dsglcontent/Pages/9A004.aspx,constraint - places core satellite and launch technology squarely inside the permit regime,2026-07-18,Custodian validation pending
EV-DECDSGL-20,dec-dsgl,,FACT,Medium,"United States Studies Centre analysis of the DTC Amendment Bill found the reform was needed to demonstrate export controls comparable to US ITAR for Congressional certification under AUKUS, that permit processing had taken one to six months, and that the government projected economic benefits of about A$614 million over ten years from the licence-free environment; Universities Australia warned the new controls could put at risk collaborative research with non-AUKUS partner nations.",,,,,The Defence Trade Controls Amendment Bill 2023: The key to AUKUS?,United States Studies Centre,2023,https://www.ussc.edu.au/the-defence-trade-controls-amendment-bill-2023-the-key-to-aukus,Australian value proposition / constraint - quantifies the trade-off between AUKUS integration and wider research openness,2026-07-18,Custodian validation pending
EV-DECDSGL-21,dec-dsgl,,ASSESSMENT,High,"The DEC system now creates a two-tier geometry for Australian space collaboration: transfers of most DSGL space technology to and among the US and UK are permit-free (subject to registration, exclusions and record-keeping), while equivalent collaboration with all other partners - including close space partners such as Japan, India, ESA member states and commercial customers - still requires DEC permits for physical export (reg 13E), intangible supply (s10), deemed exports to foreign nationals in Australia (s10A) and offshore services (s10C).",,,,,"Analytical synthesis of legislation.gov.au, Corrs, Baker McKenzie, UQ and Defence sources accessed this session",Analyst assessment,,https://www.legislation.gov.au/C2012A00153/latest,constraint / Australian value proposition - the central structural fact shaping partner selection in any Defence space partnership framework,2026-07-18,Custodian validation pending
EV-DECDSGL-22,dec-dsgl,,ASSESSMENT,Medium,"Because Australia is not globally competitive in many non-military DSGL areas (advanced materials, electronics, sensors, navigation, aerospace) and relies on partnerships for access to technology, the deemed-export and services offences increase compliance cost precisely where Australian space organisations most need foreign talent and inbound know-how; this is a manageable but real friction for non-AUKUS space partnerships.",,,,,Synthesis drawing on USSC analysis and university/industry submissions reported in search results,Analyst assessment,,https://www.ussc.edu.au/the-defence-trade-controls-amendment-bill-2023-the-key-to-aukus,dependency / constraint - links workforce and technology-access dependencies to the control regime,2026-07-18,Custodian validation pending
EV-DECDSGL-23,dec-dsgl,,TO_VERIFY,Low,"Under the earlier Australia-US Defense Trade Cooperation Treaty framework, certain defence articles specific to spacecraft, satellites and ground control stations were excluded from the treaty's licence-free scope, illustrating that space technologies have historically been treated as among the most sensitive categories in Australia-US trade mechanisms.",,,,,Global Outer Space Guide: Australia,Norton Rose Fulbright,,https://www.nortonrosefulbright.com/en/knowledge/publications/f0a97b4e/global-outer-space-guide-australia,"constraint - if space items are similarly excluded from the 2024 AUKUS exemption, the licence-free benefit for space collaboration shrinks; needs checking against the Excluded Technology List",2026-07-18,Custodian validation pending
EV-EXPORTRE-01,export-regimes,,FACT,High,"On 23 October 2024 the US Bureau of Industry and Security published an EAR final rule (effective on publication) removing licence requirements for exports, reexports and transfers of certain spacecraft and related items to Australia, Canada and the United Kingdom, covering ECCN 9A515.a.1-a.4 and .g (including remote-sensing and space-logistics/servicing spacecraft) and ECCN 9E515.f technology; BIS anticipated roughly 90 fewer licence applications annually.",CONFIRMED,,,,"New Export Control Rules Present Key Regulatory Changes for Space-Related Items, Activities",Holland & Knight LLP,2024-11,https://www.hklaw.com/en/insights/publications/2024/11/new-export-control-rules-present-key-regulatory-changes-for-space,Australian value proposition / instrument — preferential US EAR treatment for Australia lowers a key licensing barrier for space cooperation,2026-07-18,Custodian validation pending
EV-EXPORTRE-02,export-regimes,,FACT,High,"A BIS interim final rule effective 23 October 2024 downgraded the licensing rationale for spacecraft parts and components in ECCNs 9x515.x from NS1/RS1 to NS2/RS2 (removing licence requirements for a much wider range of destinations) and created a reserved, more restrictive 9A515.w for items warranting NS1/RS1 treatment; BIS took comments to 22 November 2024 for possible adjustment.",CONFIRMED,,,,"New Export Control Rules Present Key Regulatory Changes for Space-Related Items, Activities",Holland & Knight LLP,2024-11,https://www.hklaw.com/en/insights/publications/2024/11/new-export-control-rules-present-key-regulatory-changes-for-space,constraint / instrument — reduced EAR controls on spacecraft components ease multinational space supply chains involving Australia,2026-07-18,Custodian validation pending
EV-EXPORTRE-03,export-regimes,,FACT,High,"On 23 October 2024 the US State Department published a proposed (not final) rule revising ITAR USML Categories IV (missiles/launch systems) and XV (spacecraft and related articles), which would add the first formal ITAR definition of 'spacecraft', expand Category XV coverage to spacecraft capable of noncooperative grappling or docking, star trackers, DoD-funded payloads and advanced electric/nuclear propulsion, and define an 'excluded NASA spacecraft' carve-out (ISS and James Webb Space Telescope).",CONFIRMED,,,,"New Export Control Rules Present Key Regulatory Changes for Space-Related Items, Activities; International Traffic in Arms Regulations (ITAR): U.S. Munitions List Categories IV and XV",Holland & Knight LLP / US Department of State (Federal Register doc 2024-24091),2024-10,https://www.hklaw.com/en/insights/publications/2024/11/new-export-control-rules-present-key-regulatory-changes-for-space,constraint / instrument — pending rebalance of the ITAR/EAR boundary for space items defines what Australia can access licence-free,2026-07-18,Custodian validation pending
EV-EXPORTRE-04,export-regimes,,TO_VERIFY,Medium,"As of 18 July 2026, sources reviewed indicate the October 2024 proposed rewrite of USML Categories IV and XV has not been published as a final rule; a compliance-training rule tracker states DDTC has signalled the space-related USML revision as planned for 2026 with no final rule yet issued.",,,,,Recent Developments in Export Controls | ECTI Rule Tracker (via web search),Export Compliance Training Institute (ECTI),2026,https://learnexportcompliance.com/resources/recent-developments,constraint — timing of the final USML Cat XV rule determines when the new ITAR/EAR space boundary applies to Australian programs,2026-07-18,Custodian validation pending
EV-EXPORTRE-05,export-regimes,,FACT,High,"Under the EAR de minimis rule (15 CFR 734.4), a foreign-made item is subject to the EAR if it incorporates more than 25% controlled US-origin content by value (10% for Country Group E:1/E:2 destinations such as Iran, North Korea, Syria and Cuba).",CONFIRMED,,,,Subject to the EAR: When is a non-US product free from the EAR?,DLA Piper,2021-08,https://www.dlapiper.com/en-us/insights/publications/2021/08/when-is-a-non-us-product-free-from-the-ear,constraint / dependency — US content in Australian-built space systems can pull the whole item under US reexport jurisdiction,2026-07-18,Custodian validation pending
EV-EXPORTRE-06,export-regimes,,FACT,High,"Foreign-made items incorporating US-origin 9x515 (spacecraft) or 600-series (military) content cannot benefit from EAR de minimis relief when destined for arms-embargoed destinations (Country Group D:5, e.g. China, Russia) — effectively a zero de minimis for such content to those destinations.",CONFIRMED,,,,Subject to the EAR: When is a non-US product free from the EAR?,DLA Piper,2021-08,https://www.dlapiper.com/en-us/insights/publications/2021/08/when-is-a-non-us-product-free-from-the-ear,constraint — Australian satellite exports containing any US 9x515 content face US licensing to D:5 markets regardless of percentage,2026-07-18,Custodian validation pending
EV-EXPORTRE-07,export-regimes,,FACT,High,"There is no de minimis exemption under ITAR: USML-described content incorporated into a foreign-made product remains ITAR-controlled (the 'see-through' rule), so any ITAR component in a foreign satellite keeps that transfer within DDTC jurisdiction.",CORRECTED,"The first two elements are correct: the ITAR has no de minimis exemption, and USML-described content incorporated into a foreign-made product remains ITAR-controlled (colloquially the 'see-through' rule). But the final clause is overbroad for satellites specifically. Since the 2014 satellite export-control reform — restated verbatim in the regulatory text of the 23 Oct 2024 BIS final rule — the Items note to ECCN 9A515 provides that spacecraft described in 9A515 'remain subject to the EAR even if exported, reexported, or transferred (in-country) with defense articles subject to the ITAR integrated into and included therein as integral parts of the item.' So a foreign satellite that is itself subject to the EAR (classified 9A515) transfers under BIS/EAR jurisdiction despite an integrated ITAR component; ITAR/DDTC authorization is still required for the ITAR article's technical data and for its removal from the spacecraft. The claimed result — the transfer itself staying within DDTC jurisdiction — holds only where the foreign satellite is not itself subject to the EAR (e.g., below de minimis for EAR content).",,,Subject to the EAR: When is a non-US product free from the EAR?,DLA Piper,2021-08,https://www.dlapiper.com/en-us/insights/publications/2021/08/when-is-a-non-us-product-free-from-the-ear,constraint / dependency — single ITAR part in an Australian spacecraft imposes full US extraterritorial control on the platform,2026-07-18,Custodian validation pending
EV-EXPORTRE-08,export-regimes,,FACT,High,"The AUKUS ITAR exemption at 22 CFR 126.7 took effect 1 September 2024 (interim final rule), permitting licence-free export, reexport, retransfer and temporary import of most defence articles, defence services and brokering among authorised users in Australia, the UK and the US, subject to an Excluded Technologies List at Supplement No. 2 to Part 126.",,,,,"DDTC Publishes ITAR Amendments to Implement the AUKUS Exemption (via web search, corroborated by DLA Piper Jan 2026 alert)",Crowell & Moring LLP / US Department of State DDTC,2024-09,https://www.crowell.com/en/insights/client-alerts/ddtc-publishes-itar-amendments-to-implement-the-aukus-exemption,Australian value proposition / instrument — the core licence-free channel for US-Australia defence-space technology transfer,2026-07-18,Custodian validation pending
EV-EXPORTRE-09,export-regimes,,FACT,High,"The State Department published the final rule finalising the AUKUS ITAR exemption on 30 December 2025, effective on publication; it added a new ITAR 126.7(c) mechanism for certain reexports/retransfers/temporary imports supporting AUKUS armed forces, expanded the Authorized User definition to UK national-level and Australian federal government departments and agencies, but did not broaden the Excluded Technologies List; one three-month review period saw 18% of licensing requests denied due to ETL restrictions.",,,,,Department of State publishes final rule finalizing AUKUS defense trade ITAR exemption,DLA Piper,2026-01,https://www.dlapiper.com/en-us/insights/publications/2026/01/department-of-state-publishes-final-rule-finalizing-aukus-defense-trade-itar-exemption,"Australian value proposition / constraint — exemption now permanent, but ETL exclusions still block a material share of transfers",2026-07-18,Custodian validation pending
EV-EXPORTRE-10,export-regimes,,TO_VERIFY,Low,Whether and which space-related items (e.g. specific USML Category XV articles) appear on the AUKUS Excluded Technologies List (Supplement No. 2 to ITAR Part 126) could not be confirmed from sources accessed this session; the primary ETL text must be checked before asserting space eligibility under ITAR 126.7.,,,,,Department of State publishes final rule finalizing AUKUS defense trade ITAR exemption,DLA Piper,2026-01,https://www.dlapiper.com/en-us/insights/publications/2026/01/department-of-state-publishes-final-rule-finalizing-aukus-defense-trade-itar-exemption,constraint — determines whether specific Australian space programs can actually use the AUKUS licence-free pathway,2026-07-18,Custodian validation pending
EV-EXPORTRE-11,export-regimes,,FACT,High,"On 8 September 2025 the European Commission adopted a Delegated Regulation updating Annex I (the EU dual-use control list) of Regulation (EU) 2021/821, implementing decisions taken in 2024 by the Wassenaar Arrangement, MTCR, Australia Group and Nuclear Suppliers Group, plus additional items Member States agreed to control uniformly; changes are directly applicable in all Member States without national implementation.",,,,,2025 Update of the EU Control List of Dual-Use Items,European Commission (DG Trade),2025-09,https://policy.trade.ec.europa.eu/news/2025-update-eu-control-list-dual-use-items-2025-09-08_en,"instrument / partner capability — defines what EU partners (e.g. for SSA, launch, components) can export to Australia licence-free or under licence",2026-07-18,Custodian validation pending
EV-EXPORTRE-12,export-regimes,,FACT,High,"The 2025 EU dual-use list update was published in the Official Journal as Delegated Regulation (EU) 2025/2003 and entered into force on 15 November 2025 (EUR-Lex consolidated version of Regulation 2021/821 is dated 15.11.2025; publication reported as 14 November 2025); key additions include quantum computers and cryogenic/quantum-limited electronics, advanced semiconductor manufacturing equipment (including EUV lithography-related items), additive manufacturing machines and peptide synthesisers — no space/satellite-specific new entries were identified in reviewed analyses.",,,,,European Commission Revises Dual-Use List: Highlights from the 2025 Update,"Crowell & Moring International Trade Law blog (cmtradelaw.com), corroborated by Baker McKenzie and EUR-Lex search results",2025-11,https://www.cmtradelaw.com/2025/11/european-commission-revises-dual-use-list-highlights-from-the-2025-update/,"instrument — cite as Delegated Regulation (EU) 2025/2003, in force 15 Nov 2025, in the compliance brief",2026-07-18,Custodian validation pending
EV-EXPORTRE-13,export-regimes,,FACT,High,"The UK Export Control (Amendment) Regulations 2025, in force 20 May 2025, amended the Export Control Order 2008 and retained Regulation (EC) 428/2009 to implement 2024 multilateral regime changes (Wassenaar, NSG, Australia Group) in the UK Strategic Export Control List, including an amended definition of 'spacecraft' with new definitions for 'satellite', 'space probe' and 'space vehicle', updates to entries such as ML10, 3A002, 5A002, 9A004 and 9E003, and a new PL9013a4 AI/high-end digital processing control parameter.",,,,,NTE 2025/06: upcoming updates to the UK strategic export control list,UK Export Control Joint Unit / Department for Business and Trade (GOV.UK),2025,https://www.gov.uk/government/publications/notice-to-exporters-202506-upcoming-updates-to-the-uk-strategic-export-control-list/nte-202506-upcoming-updates-to-the-uk-strategic-export-control-list,instrument / partner interest — UK space-specific definitional changes shape UK-Australia dual-use space trade under AUKUS Pillar 2,2026-07-18,Custodian validation pending
EV-EXPORTRE-14,export-regimes,,FACT,High,"The current edition of the UK Strategic Export Control Lists (the consolidated list of strategic military and dual-use items requiring export authorisation, compiled from seven legislative lists) is dated 16 December 2025 — a 398-page consolidated PDF on GOV.UK; the list is updated roughly twice a year.",,,,,UK Strategic Export Control Lists: consolidated list of strategic military and dual-use items,UK Government (GOV.UK),2025-12,https://www.gov.uk/government/publications/uk-strategic-export-control-lists-the-consolidated-list-of-strategic-military-and-dual-use-items-that-require-export-authorisation,instrument — the authoritative UK control-list edition to cite in the compliance brief,2026-07-18,Custodian validation pending
EV-EXPORTRE-15,export-regimes,,FACT,High,"On 9 April 2025 Japan's METI announced amendments to FEFTA-related regulations tightening catch-all export controls, effective 9 October 2025: catch-all items are split into two tiers with high dual-use-risk 'core items' (including certain semiconductors and machine tools) subject to stricter treatment, objective 'know' requirements apply to exports to general (non-Group A) countries including China, and a new 'informed' condition lets METI notify exporters shipping to Group A countries that a permit is required — targeting circumvention such as transshipment to Russia.",,,,,Trending Topics: Major Changes to Catch-All Export Controls (Effective October 2025),Anderson Mori & Tomotsune,2025-05,https://www.amt-law.com/en/insights/trending-news/trending-news_20250512001_en_001/,partner interest / constraint — Japan's tightened catch-all regime affects Japan-Australia space component and technology flows,2026-07-18,Custodian validation pending
EV-EXPORTRE-16,export-regimes,,TO_VERIFY,Medium,"Japan's October 2025 catch-all framework applies to 'specified items' for general countries identified by HS codes that include machine tools, integrated circuits and spacecraft; the characterisation that Japan's high-risk catch-all items extend to 'space objects' is consistent with this but the precise Japanese ordinance wording and HS-code list for space items needs confirmation from the METI text.",,,,,International Trade 2026 - Japan (Global Practice Guide),Chambers and Partners (Japanese counsel authors),2026,https://practiceguides.chambers.com/practice-guides/international-trade-2026/japan,constraint — whether spacecraft are formally among Japan's core/specified catch-all items matters for Japan-Australia space trade compliance language,2026-07-18,Custodian validation pending
EV-EXPORTRE-17,export-regimes,,FACT,High,"Japan's prior-notification (prior reporting) system for overseas transfers of 'important management target technologies' under FEFTA commenced application on 30 December 2024, initially designating 15 technologies in which Japan holds indispensability or superiority (including multilayer ceramic capacitors, carbon fibre and semiconductor-related technologies); businesses must report to METI before contracting to provide these technologies overseas via investment, manufacturing consignment or similar, with administrative guidance, improvement orders and ultimately penalties for non-compliance.",,,,,International Trade 2026 - Japan (Global Practice Guide); Japan Legal Update: Introduction of a Prior Notification System for Overseas Technology Transfers (AMT),Chambers and Partners / Anderson Mori & Tomotsune / METI,2026,https://practiceguides.chambers.com/practice-guides/international-trade-2026/japan,partner capability / constraint — Japan's technology-outflow controls condition how Japanese space-relevant technology can be shared with Australian ventures,2026-07-18,Custodian validation pending
EV-EXPORTRE-18,export-regimes,,FACT,Medium,"A 14 January 2026 amendment adds four technologies (quantum dots, TADF materials, retardation film, soft endoscopes) to Japan's list of important management target technologies subject to prior reporting, bringing the designated fields beyond the original 15.",,,,,International Trade 2026 - Japan (Global Practice Guide),Chambers and Partners,2026,https://practiceguides.chambers.com/practice-guides/international-trade-2026/japan,constraint — shows Japan's key-technology notification list is expanding; watch for future space-technology designations,2026-07-18,Custodian validation pending
EV-EXPORTRE-19,export-regimes,,FACT,High,"The 29th Wassenaar Arrangement Plenary was held in Vienna on 3-4 December 2025, chaired by Ambassador Kaifu Atsushi (Japan); Participating States updated and clarified control-list entries covering lasers (including those used in aerospace industries), imaging sensors and cameras, seabed surveying equipment, parachutes/paragliders and ceramic composite materials, removed entries for certain temperature sensors and underwater vision/light systems, and updated the Best Practice Guidelines on Internal Compliance Programmes; the updated Dual-Use and Munitions Lists were issued in December 2025, the Republic of Korea chairs the Plenary from 1 January 2026, and the next Plenary (30th anniversary) is in Vienna in December 2026.",,,,,Statement Issued by the Plenary Chair on 2025 Outcomes of the Wassenaar Arrangement,Wassenaar Arrangement Secretariat,2025-12,https://www.wassenaar.org/app/uploads/2025/12/chair_statement.pdf,"forum — WA is the source list for space-relevant dual-use controls (Category 9) that Australia, the US, UK, EU and Japan transpose nationally",2026-07-18,Custodian validation pending
EV-EXPORTRE-20,export-regimes,,ASSESSMENT,High,"The Wassenaar Arrangement has 42 Participating States including Australia, the US, UK, Japan and the Russian Federation; because it operates by consensus and its lists are not self-executing, WA decisions constrain but do not directly bind national space export controls, and Russia's continued participation is a structural limitation on the regime's ability to respond to space-technology proliferation concerns.",,,,,Statement Issued by the Plenary Chair on 2025 Outcomes of the Wassenaar Arrangement (membership list at footnote 1),Wassenaar Arrangement Secretariat,2025-12,https://www.wassenaar.org/app/uploads/2025/12/chair_statement.pdf,"forum / constraint — explains why partners increasingly act via plurilateral/national controls (EU uniform controls, Japan core items) rather than WA alone",2026-07-18,Custodian validation pending
EV-EXPORTRE-21,export-regimes,,ASSESSMENT,High,"There is a consistent one-to-two-year transposition lag from Wassenaar decisions to binding partner law: 2024 WA (and MTCR/AG/NSG) decisions were implemented in the UK on 20 May 2025, in the EU on 15 November 2025, and reflected in Japan's 2025 amendments — so the December 2025 WA list changes should be expected in partner legislation during 2026-2027.",,,,,2025 Update of the EU Control List of Dual-Use Items; NTE 2025/06 (GOV.UK); WA Chair Statement 2025,European Commission / UK ECJU / Wassenaar Arrangement,2025,https://policy.trade.ec.europa.eu/news/2025-update-eu-control-list-dual-use-items-2025-09-08_en,"Australian input / instrument — Australia should anticipate and shape 2026 WA outcomes now, as they become partner law within ~18 months",2026-07-18,Custodian validation pending
EV-EXPORTRE-22,export-regimes,,ASSESSMENT,High,"For Australian defence-space partnerships, the US regime remains the binding constraint even in third-country supply chains: ITAR content has no de minimis and 9x515/600-series EAR content has zero de minimis to D:5 destinations, whereas the October 2024 EAR carve-outs for Australia/Canada/UK and the finalised AUKUS ITAR 126.7 exemption create a markedly more permissive trilateral channel — making US-content mapping the first-order compliance task for any Australian space program with mixed EU/UK/Japanese/US suppliers.",,,,,"Synthesis of DLA Piper (de minimis), Holland & Knight (Oct 2024 space rules) and DLA Piper (AUKUS final rule) analyses accessed this session",DLA Piper / Holland & Knight,2026-01,https://www.dlapiper.com/en-us/insights/publications/2026/01/department-of-state-publishes-final-rule-finalizing-aukus-defense-trade-itar-exemption,Australian value proposition / dependency — frames the compliance-brief conclusion on where extraterritorial risk concentrates,2026-07-18,Custodian validation pending
EV-QUADINDI-01,quad-india,,FACT,High,"At the first in-person Quad Leaders' Summit on 24 September 2021, the four leaders announced a space cooperation working group and committed to begin exchanging Earth observation satellite data and analysis on climate-change risks and sustainable use of oceans, to enable space-domain capacity-building in other Indo-Pacific countries, and to consult on norms and guidelines for long-term sustainability of the outer space environment.",CONFIRMED,,,,Quad Leaders Announce Space Cooperation Working Group,"US Department of Commerce, Office of Space Commerce",2021-09,https://space.commerce.gov/quad-leaders-announce-space-cooperation-working-group/,Forum — origin point of Quad space cooperation agenda Australia participates in,2026-07-18,Custodian validation pending
EV-QUADINDI-02,quad-india,,FACT,High,"The Quad Satellite Data Portal was established following the May 2022 Tokyo Quad Leaders' Summit as a centralised platform for open sharing of national Earth observation data for climate monitoring, disaster response and preparedness, and sustainable use of oceans and marine resources.",CORRECTED,"The Quad Satellite Data Portal was committed to at the May 2022 Tokyo Quad Leaders' Summit (Quad Joint Leaders' Statement, 24 May 2022) as a portal that 'aggregates links to our respective national satellite data resources' — i.e., a gateway linking to the four countries' national Earth observation data holdings, not a centralised platform hosting or directly sharing the data. The supporting purposes (climate change, disaster preparedness and response, sustainable uses of oceans and marine resources) are accurately stated.",,,Quad Leaders' Summit 2023 — Space,Australian Department of the Prime Minister and Cabinet,2023,https://www.pmc.gov.au/resources/quad-leaders-summit-2023/space,Instrument — operational Quad satellite data-sharing mechanism,2026-07-18,Custodian validation pending
EV-QUADINDI-03,quad-india,,FACT,High,"Following the 2022 Tokyo Summit commitment, the Quad Space Working Group created an Extreme Precipitation Steering Committee, which held two workshops in early 2023 to build Indo-Pacific countries' capacity to monitor and respond to extreme precipitation events, and the Quad also ran workshops supporting regional implementation of UN COPUOS Long-Term Sustainability guidelines.",CORRECTED,"The first two parts are accurate: following consensus at the 2022 Tokyo summit, a Quad Space Working Group Extreme Precipitation Steering Committee was announced, and two technical workshops were held in early 2023 (independently corroborated: JAXA/JMA hosted 'Tackling Extreme Precipitation Events Workshop – Indo-Pacific region' online, 1–3 March 2023, under the Quad Space Working Group; the May 2023 White House Hiroshima fact sheet confirms the committee 'has hosted two workshops'). However, the COPUOS LTS part is overstated: as of the cited 2023 source, the Quad was ORGANISING workshops to support Indo-Pacific implementation of the UN COPUOS LTS guidelines ('The Quad is organising workshops...' per PM&C; the 2022 Tokyo fact sheet said partners 'intend to host a two-day workshop on implementation of the Long-Term Sustainability (LTS) Guidelines'), not confirmed to have already run them.",,,Quad Leaders' Summit 2023 — Space,Australian Department of the Prime Minister and Cabinet,2023,https://www.pmc.gov.au/resources/quad-leaders-summit-2023/space,Instrument — Quad space capacity-building deliverables for the region,2026-07-18,Custodian validation pending
EV-QUADINDI-04,quad-india,,FACT,High,"The 2024 Quad Leaders' Summit fact sheet (Wilmington, 21 September 2024) states: ""Quad partners intend to share expertise and experience in space situational awareness (SSA), contributing to long-term sustainability of the space environment,"" with cooperation intended to leverage civil-domain SSA and space traffic coordination capabilities ""including to help avoid collisions in outer space and manage debris.""",CONFIRMED,,,,Fact Sheet: 2024 Quad Leaders' Summit,The White House (Biden administration archive),2024-09,https://bidenwhitehouse.archives.gov/briefing-room/statements-releases/2024/09/21/fact-sheet-2024-quad-leaders-summit/,"Forum — explicit Quad SSA commitment, civil domain only",2026-07-18,Custodian validation pending
EV-QUADINDI-05,quad-india,,FACT,High,"The 2024 Quad Leaders' Summit fact sheet commits the four countries to ""continue delivering Earth Observation data and other space-related applications to assist nations across the Indo-Pacific to strengthen climate early warning systems and better manage the impacts of extreme weather events,"" and welcomes India's establishment of a space-based web portal for Mauritius for open-science monitoring of extreme weather and climate impact.",CONFIRMED,,,,Fact Sheet: 2024 Quad Leaders' Summit,The White House (Biden administration archive),2024-09,https://bidenwhitehouse.archives.gov/briefing-room/statements-releases/2024/09/21/fact-sheet-2024-quad-leaders-summit/,Forum — sustained Quad EO/climate data-sharing commitment; India's regional delivery role,2026-07-18,Custodian validation pending
EV-QUADINDI-06,quad-india,,FACT,High,"ISRO and the Australian Space Agency signed an Implementation Agreement on 20 November 2024 enabling cooperation on crew and crew module recovery for Gaganyaan missions — including Australian search and rescue of crew and recovery of the crew module in ascent-phase abort contingencies near Australian waters — signed by D K Singh (Director, Human Space Flight Centre, in Bengaluru) and Jarrod Powell (General Manager, Space Capability Branch, ASA, in Canberra).",CONFIRMED,,,,ISRO & ASA sign Implementing Arrangement for Gaganyaan,Indian Space Research Organisation (ISRO),2024-11,https://www.isro.gov.in/ISRO_ASA_sign_Gaganyaan.html,Instrument — signed bilateral agency-level arrangement underpinning space cooperation,2026-07-18,Custodian validation pending
EV-QUADINDI-07,quad-india,,FACT,High,"An ISRO telemetry, tracking and command terminal on Australia's Cocos (Keeling) Islands was commissioned by 13 July 2026 to support India's Gaganyaan human spaceflight program, with completion announced in a joint statement by Prime Ministers Albanese and Modi.",,,,,Australian Space Agency stands up Indian mission terminal,The Mandarin,2026-07,https://www.themandarin.com.au/316162-australian-space-agency-stands-up-indian-mission-terminal/,Australian input — Australian territory/geography as concrete contribution to partner capability,2026-07-18,Custodian validation pending
EV-QUADINDI-08,quad-india,,FACT,High,"The Third Australia-India Annual Summit Joint Statement (Modi visit to Australia, July 2026) records that ""The Leaders welcomed Australia's continued support for India's Gaganyaan Human Space Flight Program, including commissioning of a temporary space tracking terminal on Cocos Keeling Islands,"" and commits to deepening ISRO-Australian Space Agency collaboration.",,,,,Third Australia–India Annual Summit Joint Statement,Prime Minister of Australia (pm.gov.au),2026-07,https://www.pm.gov.au/media/australia-india-joint-statement,Australian value proposition — leader-level recognition of Australia's space contribution to India,2026-07-18,Custodian validation pending
EV-QUADINDI-09,quad-india,,FACT,High,"At the July 2026 Third Australia-India Annual Summit, the two Prime Ministers issued a Joint Declaration on Defence and Security Cooperation described as ""a step-change in the depth and ambition of the bilateral defence and security relationship,"" established an Annual Defence Ministers' Dialogue, and noted expanding defence exercises under the existing Mutual Logistics Support Arrangement.",,,,,Third Australia–India Annual Summit Joint Statement,Prime Minister of Australia (pm.gov.au),2026-07,https://www.pm.gov.au/media/australia-india-joint-statement,Instrument — bilateral defence framework within which defence-space cooperation can sit,2026-07-18,Custodian validation pending
EV-QUADINDI-10,quad-india,,FACT,High,"The July 2026 Australia-India Joint Statement records that ""The Leaders welcomed the ongoing work to develop a Memorandum of Understanding for the Provision of Defence Articles and Defence Services,"" alongside Australia's inaugural defence trade mission to India and an Australia-India Defence Industry Roundtable — the clearest documented pathway toward defence industrial cooperation and potential co-production.",,,,,Third Australia–India Annual Summit Joint Statement,Prime Minister of Australia (pm.gov.au),2026-07,https://www.pm.gov.au/media/australia-india-joint-statement,Instrument — in-development defence articles/services MoU enabling co-production and trade,2026-07-18,Custodian validation pending
EV-QUADINDI-11,quad-india,,FACT,High,"The July 2026 summit endorsed an India-Australia Maritime Security Collaboration Roadmap covering information sharing, capability development, capacity building and operational coordination, and concluded an MoU between Australia's Maritime Border Command and the Indian Coast Guard.",,,,,Third Australia–India Annual Summit Joint Statement,Prime Minister of Australia (pm.gov.au),2026-07,https://www.pm.gov.au/media/australia-india-joint-statement,Instrument — adjacent maritime-domain instruments demonstrating deepening operational cooperation,2026-07-18,Custodian validation pending
EV-QUADINDI-12,quad-india,,FACT,Medium,"Under the Space MAITRI mission (Mission for Australia-India's Technology, Research and Innovation), Space Machines Company's 450 kg Optimus spacecraft — reported as the largest Australian-designed and built spacecraft to date — is contracted to launch on an ISRO/NewSpace India Limited Small Satellite Launch Vehicle for a debris-management and space-sustainability mission, with A$8.5 million in Australian Government funding; described as the first dedicated Australia-India launch agreement.",,,,,Historic signing to see India launch largest Australian-made spacecraft,Australian Space Agency (corroborated by LeoLabs and industry press via search; ASA page itself timed out this session),2024,https://www.space.gov.au/news-and-media/historic-signing-to-see-india-launch-largest-australian-made-spacecraft,Australian input — commercial space cooperation channel with India (launch + debris/SSA payload),2026-07-18,Custodian validation pending
EV-QUADINDI-13,quad-india,,FACT,High,"India's defence exports reached a record Rs 23,622 crore (~US$2.76 billion) in FY 2024-25, exported to nearly 80 countries, a 34-fold increase over the Rs 686 crore recorded in 2013-14, per Defence Minister Rajnath Singh.",,,,,India's defence exports surge 34-fold over a decade: Rajnath Singh,"DD News (Government of India public broadcaster, reporting Ministry of Defence figures)",2025-05,https://ddnews.gov.in/en/indias-defence-exports-surge-34-fold-over-a-decade-rajnath-singh/,Partner capability — India's expanding defence-industrial export base relevant to co-production,2026-07-18,Custodian validation pending
EV-QUADINDI-14,quad-india,,FACT,High,"India has set a target of Rs 50,000 crore in annual defence exports by 2029.",,,,,India's defence exports surge 34-fold over a decade: Rajnath Singh,DD News (Government of India public broadcaster),2025-05,https://ddnews.gov.in/en/indias-defence-exports-surge-34-fold-over-a-decade-rajnath-singh/,Partner interest — India's export ambition creates incentive for co-production partnerships including with Australia,2026-07-18,Custodian validation pending
EV-QUADINDI-15,quad-india,,FACT,High,"On 2 July 2020, weeks after the 15 June 2020 Galwan Valley clash, India's Defence Acquisition Council approved approximately US$5.55 billion in accelerated procurements (including 21 additional MiG-29s plus upgrades ~US$1 billion and 12 Su-30MKIs at US$1.53 billion), and granted special financial powers with a ceiling of about US$71 million per fast-track emergency purchase.",,,,,India accelerates weapons purchases in wake of border clash with China,Defense News,2020-07,https://www.defensenews.com/global/asia-pacific/2020/07/06/india-accelerates-weapons-purchases-in-wake-of-border-clash-with-china/,Constraint/pattern — border crisis immediately opened fast-track procurement windows,2026-07-18,Custodian validation pending
EV-QUADINDI-16,quad-india,,FACT,High,"India's post-Galwan emergency purchases were sourced from established partners: Russia (Igla-S air defence systems; spares for Su-30MKI, Kilo-class submarines and T-90 tanks), the United States (Excalibur artillery rounds for M777 howitzers) and Israel (Spike anti-tank guided missiles) — no Japanese equipment procurement was identified in sources accessed this session.",,,,,India accelerates weapons purchases in wake of border clash with China,Defense News,2020-07,https://www.defensenews.com/global/asia-pacific/2020/07/06/india-accelerates-weapons-purchases-in-wake-of-border-clash-with-china/,Partner interest — crises channel Indian demand to partners with ready stock and export approvals,2026-07-18,Custodian validation pending
EV-QUADINDI-17,quad-india,,FACT,Medium,"India and Japan signed the Acquisition and Cross-Servicing Agreement (Agreement Concerning Reciprocal Provision of Supplies and Services between the Self-Defense Forces of Japan and the Indian Armed Forces) on 9 September 2020 in New Delhi — during the ongoing India-China border standoff — enabling reciprocal exchange of food, water, transportation, airlift, fuel and other supplies and services; it entered into force on 11 July 2021.",,,,,Signing of the Agreement Between the Government of Japan and the Government of the Republic of India Concerning Reciprocal Provision of Supplies and Services (ACSA),Ministry of Foreign Affairs of Japan (content obtained via web search; direct fetch returned HTTP 403 this session),2020-09,https://www.mofa.go.jp/press/release/press4e_002896.html,"Pattern/instrument — border crisis coincided with rapid conclusion of a partner logistics agreement, analogous to Australia-India MLSA",2026-07-18,Custodian validation pending
EV-QUADINDI-18,quad-india,,FACT,Medium,"A CAG audit of India's post-Galwan Emergency Procurement scheme, as reported in December 2025, found that 72% of examined contracts missed the stipulated one-year delivery timeline, 55% were delayed one to 18 months, and 17% remained undelivered as of December 2023 against an August 2022 target — with the Defence Ministry citing foreign-vendor reliance, limited first-time domestic industry experience, and COVID-19 supply disruptions.",,,,,"Despite Galwan, Indian Army took a hit from slow and faltering 'emergency procurement'","The Week (India), reporting Comptroller and Auditor General audit findings",2025-12,https://www.theweek.in/news/defence/2025/12/27/despite-galwan-indian-army-took-a-hit-from-slow-and-faltering-emergency-procurement.html,"Constraint — delivery speed, not contract signature, is the binding constraint in India's crisis procurement",2026-07-18,Custodian validation pending
EV-QUADINDI-19,quad-india,,TO_VERIFY,Medium,"Media reported in May 2025 that, amid Operation Sindoor, the Indian government granted the armed forces a fresh emergency procurement tranche capped at about Rs 40,000 crore (contracts to be finalised within 40 days, delivery within one year, powers exercised by Service vice chiefs), described variously as the fifth or sixth such tranche in five years — tranche numbering and the cap require confirmation against Ministry of Defence/PIB releases (PIB returned HTTP 403 this session).",,,,,"Indian Defence Forces Get Emergency Procurement Powers To Buy Advanced Arms, Ammunition Worth Rs 40,000 Crore Amid Operation Sindoor",Republic World (and consistent Swarajya/idrw reports via search),2025-05,https://www.republicworld.com/defence/indian-defence-forces-get-emergency-procurement-powers-to-buy-advanced-arms-ammunition-worth-rs-40000-crore-amid-operation-sindoor,"Pattern — recurring, time-bound crisis procurement windows India repeatedly reopens",2026-07-18,Custodian validation pending
EV-QUADINDI-20,quad-india,,TO_VERIFY,Low,"Reports that the post-Galwan delegation gave the services emergency capital procurement powers for weapon systems up to Rs 300 crore per case without further clearances are plausible and widely repeated, but were not confirmed against a Ministry of Defence primary source this session.",,,,,Emergency arms contract to be cancelled if no delivery within a year (search lead),Vision IAS summarising The Indian Express,2025-09,https://visionias.in/current-affairs/upsc-daily-news-summary/article/2025-09-05/the-indian-express/security/emergency-arms-contract-to-be-cancelled-if-no-delivery-within-a-year,Instrument detail — precise delegation threshold of India's emergency procurement mechanism,2026-07-18,Custodian validation pending
EV-QUADINDI-21,quad-india,,ASSESSMENT,Medium,"India's repeated crisis-triggered emergency procurement windows (post-Galwan 2020 tranches; reported Operation Sindoor 2025 tranche) create episodic, time-boxed demand spikes that favour partners able to deliver from stock within roughly one year — the CAG-documented failure of 72% of post-Galwan contracts to deliver on time indicates that an Australian offer built on assured, fast delivery (e.g., munitions, spares, niche subsystems) would target India's demonstrated pain point better than long-lead co-development.",,,,,"Analytical judgement from Defense News (2020-07), The Week/CAG (2025-12) and Republic World (2025-05) evidence above",Analyst assessment,2026-07,https://www.defensenews.com/global/asia-pacific/2020/07/06/india-accelerates-weapons-purchases-in-wake-of-border-clash-with-china/,Australian value proposition — how the crisis-procurement pattern could be leveraged,2026-07-18,Custodian validation pending
EV-QUADINDI-22,quad-india,,ASSESSMENT,Medium,"Australia's Gaganyaan contributions — the Cocos (Keeling) Islands TT&C terminal and the November 2024 crew-recovery Implementation Agreement — monetise Australia's Indian Ocean geography at modest cost and have already been elevated to leader-level in the July 2026 Joint Statement, making ground-segment hosting, tracking and recovery support a proven, repeatable Australian value proposition that could extend to defence-space cooperation (e.g., SSA, launch and re-entry tracking) under the 2026 Joint Declaration on Defence and Security Cooperation.",,,,,"Analytical judgement from ISRO (2024-11), pm.gov.au (2026-07) and The Mandarin (2026-07) evidence above",Analyst assessment,2026-07,https://www.pm.gov.au/media/australia-india-joint-statement,Australian value proposition — geography and ground segment as the anchor of the India space partnership,2026-07-18,Custodian validation pending
EV-QUADINDI-23,quad-india,,ASSESSMENT,Medium,"All Quad space commitments documented in the summit outcomes accessed this session (2021 working group, 2022 Satellite Data Portal, 2023 extreme precipitation and LTS workshops, 2024 civil SSA and EO/climate early warning) are civil-domain; no Quad-level military space or defence SSA commitment appears in these fact sheets, implying Australia's defence-space cooperation with India must be pursued bilaterally (2026 Joint Declaration, ISRO-ASA instruments) or in non-Quad settings rather than through the Quad.",,,,,"Analytical judgement from White House 2024 fact sheet, PM&C 2023 page and Office of Space Commerce 2021 release above",Analyst assessment,2026-07,https://bidenwhitehouse.archives.gov/briefing-room/statements-releases/2024/09/21/fact-sheet-2024-quad-leaders-summit/,Forum/constraint — Quad is a civil-space forum; defence-space runs bilateral,2026-07-18,Custodian validation pending
EV-PACIFIC-01,pacific,,FACT,High,"The Boe Declaration on Regional Security, adopted by Pacific Islands Forum Leaders on 5 September 2018 (building on the 2000 Biketawa Declaration), affirms an expanded concept of security beyond traditional military threats, covering human security, environmental and resource security, transnational crime, and cybersecurity.",CONFIRMED,,,,Boe Declaration on Regional Security,Pacific Islands Forum Secretariat,2018-09,https://forumsec.org/publications/boe-declaration-regional-security,Forum — PIF regional security framework that any Australian defence-space engagement in the Pacific must align with,2026-07-18,Custodian validation pending
EV-PACIFIC-02,pacific,,FACT,High,"The Boe Declaration's cybersecurity element aims to 'maximise protections and opportunities for Pacific infrastructure and peoples in the digital age', and the Declaration commits members to national security strategies, strengthened regional security architecture, information sharing, early warning mechanisms and regular Leaders-level discussion of the expanded security concept.",CONFIRMED,,,,Boe Declaration on Regional Security,Pacific Islands Forum Secretariat,2018-09,https://forumsec.org/publications/boe-declaration-regional-security,Forum — Pacific-endorsed hook for cyber/critical-infrastructure (and by extension space ground-segment) protection cooperation,2026-07-18,Custodian validation pending
EV-PACIFIC-03,pacific,,FACT,Medium,The Boe Declaration is supported by a Boe Declaration Action Plan (2019) published by the Pacific Islands Forum Secretariat as a framework to help Forum Members implement the Declaration.,CONFIRMED,,,,Action Plan to Implement the Boe Declaration on Regional Security,Pacific Islands Forum Secretariat,2019,https://forumsec.org/sites/default/files/2024-03/BOE-document-Action-Plan.pdf,Forum — implementation instrument; located via search this session but PDF content not independently reviewed,2026-07-18,Custodian validation pending
EV-PACIFIC-04,pacific,,FACT,High,"The 2050 Strategy for the Blue Pacific Continent (endorsed by PIF Leaders, 2022) includes Technology and Connectivity as one of seven thematic areas, with a 2050 Level of Ambition that all Pacific peoples benefit from affordable, safe and reliable land, air and sea transport and ICT infrastructure, systems and operations, with culturally sensitive user protection and cybersecurity.",CONFIRMED,,,,Technology and Connectivity (2050 Strategy thematic area),Pacific Islands Forum Secretariat,2022,https://forumsec.org/technology-and-connectivity,Forum — Pacific-defined demand signal into which satellite connectivity and space-enabled ICT resilience offerings map,2026-07-18,Custodian validation pending
EV-PACIFIC-05,pacific,,FACT,High,"Under the 2050 Strategy's Technology and Connectivity theme, Pacific ICT Ministers have identified six digital priorities (digital transformation; innovation and entrepreneurship; digital infrastructure; digital security and trust; capacity building and skills; regional cooperation and representation), with named mechanisms including the Lagatoi Pacific ICT Ministerial Declaration and the Pacific Cyber Capacity Coordination Conference (P4C).",CORRECTED,"Under the 2050 Strategy's Technology and Connectivity theme, Pacific ICT Ministers have identified six digital priorities (Digital Transformation; Digital Innovation and Entrepreneurship; Digital Infrastructure; Digital Security and Trust; Digital Capacity Building and Skills Development; Regional Cooperation and Representation), with named mechanisms including the Lagatoi Pacific ICT Ministerial Declaration (adopted at the inaugural Pacific ICT Ministers' Dialogue, Port Moresby, 28 August 2023) and the Pacific Cyber Capacity Building and Coordination Conference (P4C), inaugurated in Nadi, Fiji, 2-4 October 2023.",,,Technology and Connectivity (2050 Strategy thematic area),Pacific Islands Forum Secretariat,2023,https://forumsec.org/technology-and-connectivity,"Forum — existing PIF machinery (ICT Ministerial, P4C) that could carry space/connectivity workstreams",2026-07-18,Custodian validation pending
EV-PACIFIC-06,pacific,,FACT,High,"A May 2026 Lowy Institute policy brief (Hilman Palaon, 24 May 2026) finds Pacific island states including Kiribati, Tuvalu, Vanuatu, Solomon Islands and PNG depend on single submarine cables vulnerable to disruption; LEO satellite services (Starlink the leading operator, with Amazon Leo and Chinese-backed GuoWang and Qianfan constellations emerging as strategic competitors) are extending coverage and resilience, and the brief recommends accelerating regional coordination through PIF working groups.",CORRECTED,"The Lowy Institute policy brief 'Low Earth Orbit satellites: Closing the Indo-Pacific digital divide' (Dr Hilman Palaon, 24 May 2026) finds that Kiribati, Tuvalu, Vanuatu and Solomon Islands are among the world's most isolated populations and many rely on a single submarine cable, creating a critical vulnerability; PNG is treated separately — it is the Pacific's largest economy with many highlands/coastal communities unconnected, and it initially restricted Starlink over regulatory and data-sovereignty concerns (since resolved). Starlink leads LEO deployment, with Amazon Leo entering the market in 2026 and Chinese-backed GuoWang and Qianfan advancing as strategic competitors; the brief recommends accelerating regional coordination through ASEAN, SAARC and PIF, including establishing LEO satellite governance working groups.",,,Low Earth Orbit satellites: Closing the Indo-Pacific digital divide,Lowy Institute,2026-05,https://www.lowyinstitute.org/publications/low-earth-orbit-satellites-closing-indo-pacific-digital-divide,Dependency — Pacific partners' single-cable fragility and LEO uptake define the space-connectivity need and the strategic-competition context,2026-07-18,Custodian validation pending
EV-PACIFIC-07,pacific,,FACT,Medium,"Australia's Cable Connectivity and Resilience Centre (ccrc.gov.au), announced in July 2024 and badged as a Quad initiative, maintains a Pacific work focus and published research on 'Low Earth orbit satellites in the Pacific' (April 2026); Australia has also co-funded Pacific digital infrastructure including the AU$80 million South Pacific Connect cable initiative announced in late 2023 with the US, Google and Vocus.",,,,,Low Earth orbit satellites in the Pacific / Pacific — Cable Connectivity & Resilience Centre,Australian Government Cable Connectivity and Resilience Centre; Lowy Institute (corroboration),2026-04,https://www.ccrc.gov.au/pacific,Australian input — existing whole-of-government connectivity machinery adjacent to any defence-space partnership offer (ccrc.gov.au page fetch timed out; claims from search results and Lowy corroboration),2026-07-18,Custodian validation pending
EV-PACIFIC-08,pacific,,FACT,High,"PACTS in the Australian Indo-Pacific context (as of July 2026) stands for the Australia-India 'Partnership on Cyber, Critical Technologies and Supply Chains', announced by Prime Ministers Albanese and Modi on 9 July 2026 during talks in Melbourne.",,,,,How PACTS will upgrade the India–Australia cybersecurity partnership,ASPI The Strategist (corroborated by Government of India PIB release and multiple media),2026-07,https://www.aspistrategist.org.au/how-pacts-will-upgrade-the-india-australia-cybersecurity-partnership/,Instrument — new bilateral partnership instrument relevant to defence-space technology cooperation with India,2026-07-18,Custodian validation pending
EV-PACIFIC-09,pacific,,FACT,High,"PACTS succeeds and replaces the 2020 Australia-India Framework Arrangement on Cyber and Cyber-Enabled Critical Technology Cooperation, and is structured around pillars spanning supply chain resilience and diversification, critical technology, cybersecurity, digital resilience, and defence research collaboration (ASPI's 16 July 2026 analysis lists four pillars with cybersecurity embedded; Indian government and media reporting describe five pillars).",,,,,How PACTS will upgrade the India–Australia cybersecurity partnership,ASPI The Strategist,2026-07,https://www.aspistrategist.org.au/how-pacts-will-upgrade-the-india-australia-cybersecurity-partnership/,Instrument — defines the cooperation lanes (incl. defence research) a space partnership proposal could ride on,2026-07-18,Custodian validation pending
EV-PACIFIC-10,pacific,,TO_VERIFY,Medium,"The PACTS critical technology pillar reportedly covers artificial intelligence, space technology, telecommunications, biotechnology and advanced materials, and PACTS reportedly promotes India-Australia cooperation through the Quad Partnership for Cable Connectivity and Resilience for secure undersea cables.",,,,,"Australia-India Partnership on Cyber, Critical Technologies and Supply Chains (PACTS) — press release",Government of India Press Information Bureau (surfaced via search; direct fetch returned HTTP 403); ASPI's fetched article did not mention space,2026-07,https://www.pib.gov.in/PressReleasePage.aspx?PRID=2282692&reg=3&lang=1,Instrument — whether space technology is explicitly in PACTS scope needs confirmation from the official Australian (DFAT/PM&C) text,2026-07-18,Custodian validation pending
EV-PACIFIC-11,pacific,,TO_VERIFY,Medium,PACTS will reportedly be chaired at senior officials level by the Australian Deputy Secretary International and Security Group (Department of the Prime Minister and Cabinet) and the Indian Deputy National Security Adviser.,,,,,"Australia-India Partnership on Cyber, Critical Technologies and Supply Chains (PACTS) — press release",Government of India Press Information Bureau (via search results; not directly fetched),2026-07,https://www.pib.gov.in/PressReleasePage.aspx?PRID=2282692&reg=3&lang=1,Instrument — governance/entry point for feeding space items into the PACTS agenda,2026-07-18,Custodian validation pending
EV-PACIFIC-12,pacific,,ASSESSMENT,Medium,"A targeted open-source search for alternative expansions of 'PACTS' in the Australian defence / Indo-Pacific context (excluding India) returned no other candidate expansion; results surfaced only unrelated arrangements (ANZUS, AUKUS, FPDA, bilateral Pacific pacts), indicating the India-Australia Partnership on Cyber, Critical Technologies and Supply Chains is the dominant 2026 usage.",,,,,"Web search: ""PACTS"" acronym ""Pacific"" defence Australia -India (18 July 2026)",Analyst search this session (WebSearch),2026-07,https://www.lowyinstitute.org/the-interpreter/can-we-have-peace-in-a-sea-of-pacific-security-pacts,"Instrument — acronym disambiguation for the framework; absence-of-evidence judgement, not proof",2026-07-18,Custodian validation pending
EV-PACIFIC-13,pacific,,FACT,High,"The Cocos (Keeling) Islands are an Australian external territory of two atolls at approximately 12°07'S 96°54'E in the eastern Indian Ocean, roughly 3,000 km from Perth and relatively close to Indonesia, positioning them near the Malacca, Sunda and Lombok Strait approaches between the Indian and Pacific Oceans.",,,,,Cocos (Keeling) Islands (Wikipedia); Indian aircraft visit Cocos Islands (ASPI),Wikipedia; ASPI The Strategist (corroboration),2026,https://en.wikipedia.org/wiki/Cocos_(Keeling)_Islands,Australian value proposition — sovereign forward territory overlooking Indo-Pacific maritime chokepoints,2026-07-18,Custodian validation pending
EV-PACIFIC-14,pacific,,FACT,High,"The Cocos (Keeling) Islands Airfield Upgrade will strengthen and widen the existing 2,441 m runway and hardstands (shoulders 3.5 m to 7.5 m) and add new aeronautical ground lighting to enable P-8A Poseidon maritime surveillance operations; an initial construction contract of A$184 million was awarded to Fulton Hogan in early 2020.",,,,,Contract awarded for Cocos/Keeling runway upgrades,Australian Defence Magazine (reporting Defence media release),2020-02,https://www.australiandefence.com.au/defence/air/contract-awarded-for-cocos/keeling-runway-upgrades,Australian input — sovereign ISR infrastructure underpinning Indian Ocean maritime domain awareness,2026-07-18,Custodian validation pending
EV-PACIFIC-15,pacific,,FACT,Medium,"Per ASPI (October 2025), the Cocos airfield, about 2,100 km out in the Indian Ocean, is being upgraded so P-8A Poseidons can more persistently watch the South China Sea and Indian Ocean, with both Australia and the United States funding improvements; the 2023 Defence Strategic Review network of northern bases stretches from Cocos in the northwest through RAAF Learmonth, Curtin, Darwin, Tindal, Scherger and Townsville.",,,,,"Australia's northern air bases: building resilience, slowly",ASPI The Strategist (Troy Lee-Brown),2025-10,https://www.aspistrategist.org.au/australias-northern-air-bases-building-resilience-slowly/,Australian input / partner interest — US co-investment signals allied interest in Cocos as an ISR node,2026-07-18,Custodian validation pending
EV-PACIFIC-16,pacific,,TO_VERIFY,Medium,"Reported cost escalation of the Cocos airfield works from the initial A$184m to approximately A$568m (2022 parliamentary committee reporting), with on-island construction commencing late 2024 and completion forecasts variously reported as early 2028 or 2029, could not be confirmed this session from a primary Defence source (defence.gov.au and minister.defence.gov.au pages timed out).",,,,,Cocos (Keeling) Islands Airfield Upgrade (Defence project page; search-level access only),Australian Department of Defence / Parliamentary Standing Committee on Public Works (via search results),2024,https://www.defence.gov.au/about/locations-property/infrastructure-projects/cocos-keeling-islands-airfield-upgrade,Constraint — cost/schedule risk on the key Australian input; needs validation from PWC reports or Defence,2026-07-18,Custodian validation pending
EV-PACIFIC-17,pacific,,FACT,High,"In July 2023, Indian Navy Dornier maritime patrol aircraft and an Indian Air Force C-130 visited the Cocos Islands; ASPI analysts (Brewster and Bashfield, 7 July 2023) assess this elevates Cocos as a staging point for coordinated Australian and Indian air surveillance of Southeast Asian maritime chokepoints and the eastern Indian Ocean.",,,,,Indian aircraft visit Cocos Islands as Australia strengthens its maritime security network,ASPI The Strategist,2023-07,https://www.aspistrategist.org.au/indian-aircraft-visit-cocos-islands-as-australia-strengthens-its-maritime-security-network/,Partner interest — demonstrated Indian operational interest in Cocos access for shared ISR,2026-07-18,Custodian validation pending
EV-PACIFIC-18,pacific,,FACT,High,"In July 2026, Australian company Nova Systems commissioned a satellite tracking ground station on the Cocos (Keeling) Islands forming part of ISRO's Telemetry, Tracking and Command (TT&C) network to support India's Gaganyaan human spaceflight missions (three astronauts to ~400 km LEO); the commissioning was recognised in a joint announcement by the prime ministers of Australia and India, and Wikipedia records the 9 July 2026 formalisation of a 'temporary space tracking terminal' on Cocos.",,,,,Nova Systems commissions Cocos space tracking station to support India's first human spaceflight mission,Space Connect (corroborated by AIDN and Wikipedia),2026-07,https://www.spaceconnectonline.com.au/situational-awareness/7176-nova-systems-commissions-cocos-space-tracking-station-to-support-indias-first-human-spaceflight-mission,Australian value proposition — Indian Ocean geography monetised as ground-segment (TT&C) support to a partner space program,2026-07-18,Custodian validation pending
EV-PACIFIC-19,pacific,,ASSESSMENT,Medium,"No open-source evidence was found this session of any proposal to use Cocos (Keeling) Islands as a space launch site; Australian near-equatorial launch advantage discussion attaches to the (ceased) Arnhem Space Centre at ~12°S and proposed Cape York sites. Cocos sits at a comparable latitude (~12°S), but its demonstrated space relevance is ground-segment (tracking/TT&C), consistent with the small-atoll geography and the airfield's ISR prioritisation.",,,,,"Web search on Cocos launch/equatorial siting; Cocos (Keeling) Islands (Wikipedia); Arnhem Space Centre (Wikipedia, via search)",Analyst assessment from sources accessed this session,2026,https://en.wikipedia.org/wiki/Cocos_(Keeling)_Islands,"Australian value proposition — bounds the credible space role of Cocos to ground segment, not launch",2026-07-18,Custodian validation pending
EV-PACIFIC-20,pacific,,TO_VERIFY,Low,"Wikipedia states the upgraded Cocos airfield 'will function as a forward operating base for surveillance and electronic warfare capabilities', and 2016 media reported Australia might allow US surveillance drone operations from Cocos; neither claim was confirmed from an official Australian source this session.",,,,,"Cocos (Keeling) Islands (Wikipedia); Australia may let US use Cocos Islands to launch spy drones (PRX, 2016, via search)",Wikipedia; The World/PRX,2026,https://en.wikipedia.org/wiki/Cocos_(Keeling)_Islands,Partner capability / Australian input — potential expanded ISR/EW and allied-access roles need official confirmation,2026-07-18,Custodian validation pending
EV-PACIFIC-21,pacific,,ASSESSMENT,Medium,"The Boe Declaration's expanded security concept (including cybersecurity) combined with the 2050 Strategy's Technology and Connectivity ambition gives Australia a Pacific-endorsed pathway to frame satellite connectivity, ground-segment resilience and space-enabled maritime domain awareness assistance as contributions to Pacific-defined priorities rather than externally imposed security agendas.",,,,,Boe Declaration on Regional Security; Technology and Connectivity (2050 Strategy),Analyst assessment from Pacific Islands Forum Secretariat sources accessed this session,2026-07,https://forumsec.org/technology-and-connectivity,Forum / Australian value proposition — alignment logic for pitching defence-space cooperation through PIF frameworks,2026-07-18,Custodian validation pending
EV-UAE-01,uae,,FACT,High,"On 14 February 2019 the Australian Space Agency and the UAE Space Agency signed a Memorandum of Understanding at Lot Fourteen, Adelaide; it was signed by Anthony Murfett, Deputy Head of the Australian Space Agency, and HE Dr Mohammed Nasser Al Ahbabi, Director-General of the UAE Space Agency, and was the fourth MoU signed by the ASA.",CONFIRMED,,,,Space Agency secures new collaboration partnership,"Space Connect (Momentum Media), corroborated by Australian Space Agency and SpaceWatch.Global listings",2019-02,https://www.spaceconnectonline.com.au/r-d/3192-space-agency-secures-new-collaboration-partnership,Instrument — existing bilateral civil-space MoU is the baseline instrument for any expanded Australia-UAE space partnership,2026-07-18,Custodian validation pending
EV-UAE-02,uae,,FACT,Medium,"The 2019 ASA-UAESA MoU provides a framework for collaborative activities in civil aspects of space, facilitates interchange of information, technology and personnel, establishes a Joint Steering Committee, and expressly places no financial, legal or other commitment on either participant or their governments.",CONFIRMED,,,,Memorandum of Understanding between the Australian Space Agency and United Arab Emirates Space Agency,Australian Space Agency (space.gov.au),2019-02,https://www.space.gov.au/about-agency/publications/memorandum-understanding-between-australian-space-agency-and-united-arab-emirates-space-agency,Instrument — scope and non-binding character of the existing MoU define what a defence-space arrangement would need to add,2026-07-18,Custodian validation pending
EV-UAE-03,uae,,TO_VERIFY,Low,Australian government listings are inconsistent on the instrument's name: the industry.gov.au publication URL slug reads 'statement-intent-between-australian-space-agency-and-united-arab-emirates-space-agency' while page titles on space.gov.au and industry.gov.au read 'Memorandum of Understanding'; whether a separate Statement of Intent preceded or accompanied the MoU is unconfirmed.,,,,,Memorandum of Understanding between the Australian Space Agency and United Arab Emirates Space Agency (publication listing),"Department of Industry, Science and Resources",2019,https://industry.gov.au/publications/statement-intent-between-australian-space-agency-and-united-arab-emirates-space-agency,Instrument — precise legal characterisation of the 2019 arrangement must be nailed down before citing it in the framework,2026-07-18,Custodian validation pending
EV-UAE-04,uae,,FACT,High,The UAE Space Agency was established in 2014 and has worked with US and international partners to build a sustainable space exploration industry in the UAE.,CONFIRMED,,,,Space — UAE-US Cooperation,"UAE Embassy in Washington, DC",2024,https://www.uae-embassy.org/uae-us-cooperation/space,Partner capability — institutional maturity of the UAE's national space agency,2026-07-18,Custodian validation pending
EV-UAE-05,uae,,FACT,High,"The UAE launched a National Space Strategy 2030 in March 2019 comprising 6 objectives, 21 programmes and 79 initiatives, implemented by the UAE Space Agency working with strategic partners and more than 20 agencies and space centres abroad.",CONFIRMED,,,,National Space Strategy 2030,UAE Government official portal (u.ae),2019-03,https://u.ae/en/about-the-uae/strategies-initiatives-and-awards/strategies-plans-and-visions/industry-science-and-technology/national-space-strategy-2030,Partner interest — codified national strategy showing UAE's declared space ambitions and its habit of broad international partnering,2026-07-18,Custodian validation pending
EV-UAE-06,uae,,FACT,Medium,"The UAE enacted Federal Law No. 12 of 2019 on the Regulation of the Space Sector, a dedicated national space law published on the official UAE legislation portal.",CORRECTED,"The UAE did enact Federal Law No. 12 of 2019 on the Regulation of the Space Sector (issued 19 December 2019, published 31 December 2019), and it is on the official portal uaelegislation.gov.ae — but it is no longer the operative national space law: it was repealed and replaced by Federal Decree-Law No. 46 of 2023 Concerning the Regulation of the Space Sector. The 2019 law now appears on the portal as archived legislation (uaelegislation.gov.ae/en/legislations/1969/archived), and the current law is at uaelegislation.gov.ae/en/legislations/2129.",,,Federal Law No. (12) of 2019 Regarding the Regulation of the Space Sector,UAE Government legislation portal (uaelegislation.gov.ae),2019,https://uaelegislation.gov.ae/en/legislations/1969/download,Partner capability — regulatory maturity relevant to interoperability and licensing of joint activities,2026-07-18,Custodian validation pending
EV-UAE-07,uae,,FACT,High,"The Emirates Mars Mission 'Hope' orbiter, developed by MBRSC with the University of Colorado Boulder LASP, Arizona State University and UC Berkeley, launched on a Japanese H-IIA on 19 July 2020 and entered Mars orbit on 9 February 2021, making the UAE the fifth country to reach Mars and the first Arab nation to do so.",CORRECTED,"All facts confirmed except the ranking wording: Hope was developed by MBRSC with CU Boulder's LASP, Arizona State University and UC Berkeley's Space Sciences Lab; launched on a Mitsubishi H-IIA from Tanegashima on 19 July 2020 at 21:58 UTC (6:58 a.m. 20 July local Japan time — some sources cite 20 July for this reason); and entered Mars orbit on 9 February 2021, making the UAE the first Arab nation at Mars. Precisely, though, the UAE became the fifth ENTITY/space agency to reach Mars orbit — its predecessors were the USSR, USA, ESA and India, and ESA is a multinational agency, not a country. Counting countries strictly, the UAE was the fourth; 'fifth country' is common media shorthand that folds in ESA.",,,Emirates Mars Mission,Wikipedia / The Planetary Society / CNN (consistent across sources; UAESA official page returned HTTP 403 this session),2021-02,https://en.wikipedia.org/wiki/Emirates_Mars_Mission,Partner capability — demonstrated deep-space mission capability built through international university partnerships,2026-07-18,Custodian validation pending
EV-UAE-08,uae,,FACT,High,"MBZ-SAT, a 750 kg high-resolution Earth-observation satellite developed by Emirati engineers at MBRSC with ~90% of its mechanical structures sourced from UAE companies, launched 14 January 2025 on a SpaceX Falcon 9 (Transporter-12) from Vandenberg, delivering processed imagery within two hours of capture for environmental monitoring, infrastructure and disaster response.",,,,,"MBRSC announces the successful launch of MBZ-SAT, the most advanced satellite in the region",Mohammed Bin Rashid Space Centre (MBRSC),2025-01,https://www.mbrsc.ae/mbrsc-announces-the-successful-launch-of-mbz-sat-the-most-advanced-satellite-in-the-region/,Partner capability — sovereign Earth-observation manufacturing and rapid tasking capability of direct ISR relevance,2026-07-18,Custodian validation pending
EV-UAE-09,uae,,FACT,High,"NASA and the UAE Space Agency signed an Implementing Arrangement on 1 October 2018 at the 69th IAC in Bremen covering UAE astronaut training, ISS utilisation, lunar exploration contributions and research at the UAE's Mars Scientific City, building on a June 2016 Framework Agreement.",,,,,"NASA, UAE Space Agency Sign Historic Implementing Arrangement for Cooperation in Human Spaceflight",NASA,2018-10,https://www.nasa.gov/news-release/nasa-uae-space-agency-sign-historic-implementing-arrangement-for-cooperation-in-human-spaceflight/,Partner behaviour — UAE's pattern of layered agency-to-agency instruments (framework agreement then implementing arrangements),2026-07-18,Custodian validation pending
EV-UAE-10,uae,,FACT,High,"On 7 January 2024 NASA and MBRSC announced that MBRSC will provide the Crew and Science Airlock for the lunar Gateway station plus engineering support for the station's life, and in exchange NASA will fly a UAE astronaut to Gateway on a future Artemis mission.",,,,,"NASA, United Arab Emirates Announce Artemis Lunar Gateway Airlock",NASA,2024-01,https://www.nasa.gov/news-release/nasa-united-arab-emirates-announce-artemis-lunar-gateway-airlock/,Partner capability / partner behaviour — UAE buys into flagship programs with hardware contributions in exchange for strategic access,2026-07-18,Custodian validation pending
EV-UAE-11,uae,,FACT,High,Hazzaa Almansoori became the first Emirati in space in 2019 (short ISS mission); Sultan Al Neyadi flew a long-duration ISS mission on NASA's SpaceX Crew-6 in 2023; and as of January 2024 two further UAE astronaut candidates were training at NASA Johnson Space Center.,,,,,"NASA, United Arab Emirates Announce Artemis Lunar Gateway Airlock",NASA,2024-01,https://www.nasa.gov/news-release/nasa-united-arab-emirates-announce-artemis-lunar-gateway-airlock/,Partner capability — established human spaceflight cadre and sustained astronaut pipeline,2026-07-18,Custodian validation pending
EV-UAE-12,uae,,FACT,High,"The UAE was one of eight founding signatories of the Artemis Accords on 13 October 2020 — signed by Sarah Al Amiri for the UAE — alongside Australia, Canada, Italy, Japan, Luxembourg, the UK and the US, meaning Australia and the UAE share this normative framework from its inception.",,,,,Eight Countries Sign Artemis Accords,"SpacePolicyOnline.com, corroborated by UAE Space Agency and WAM releases",2020-10,https://spacepolicyonline.com/news/eight-countries-sign-artemis-accords/,Forum — shared founding membership of the Artemis Accords is an existing multilateral hook for Australia-UAE space norms cooperation,2026-07-18,Custodian validation pending
EV-UAE-13,uae,,FACT,Medium,"MBRSC signed an agreement with China in September 2022 to fly the Rashid 2 rover on the Chang'e-7 lunar south pole mission, but US ITAR restrictions prevented UAE participation and China lost the UAE as a Chang'e-7 partner (reported 2023); separately, the University of Sharjah signed an MoU with China's Deep Space Exploration Laboratory on the International Lunar Research Station on 14 November 2023.",,,,,China loses UAE as partner for Chang'e-7 lunar south pole mission,SpaceNews (corroborated by SCMP and Gizmodo reporting),2023,https://spacenews.com/china-loses-uae-as-partner-for-change-7-lunar-south-pole-mission/,"Constraint / partner behaviour — UAE hedges toward China where possible, but US export controls bound its cooperation space, a constraint Australia shares",2026-07-18,Custodian validation pending
EV-UAE-14,uae,,FACT,High,"On 10 July 2026 the US Commerce Department's BIS announced reclassification of the UAE from EAR Country Groups D:3/D:4 to Country Group A:5 — citing its US Major Defense Partner status — giving the UAE government and approved entities license-free export eligibility (Strategic Trade Authorization) for Commerce-controlled military items and certain commercial satellites and spacecraft, plus license-free advanced computing/AI chips under the May 2025 US-UAE AI cooperation framework.",,,,,Department of Commerce Eases Export Controls for UAE,"US Department of Commerce, Bureau of Industry and Security",2026-07,https://www.bis.gov/press-release/department-commerce-eases-export-controls-uae,Constraint (easing) / dependency — the export-control environment governing space technology sharing with the UAE materially improved in July 2026,2026-07-18,Custodian validation pending
EV-UAE-15,uae,,FACT,Medium,"A SpaceNews commentary 'Strengthening ties in orbit: the expanding U.S.-UAE space partnership' by David Logsdon, Senior Director of Space Policy at the Space Enterprise Council (an ITI affiliate), proposes creating a bilateral US-UAE Space Data & AI Task Force to coordinate standards, share satellite data for climate and disaster response, and explore generative AI tools for mission planning and space traffic management; search metadata dates it 22 August 2025.",,,,,Strengthening ties in orbit: the expanding U.S.-UAE space partnership,SpaceNews (opinion; author affiliation ITI Space Enterprise Council) — direct fetch returned HTTP 429 this session; content confirmed via multiple search extractions,2025-08,https://spacenews.com/strengthening-ties-in-orbit-the-expanding-u-s-uae-space-partnership/,"Partner interest / Australian input — the published Task Force proposal is an industry-advocacy concept, not government policy; a template Australia could seek to join or replicate",2026-07-18,Custodian validation pending
EV-UAE-16,uae,,FACT,Medium,"The same SpaceNews commentary recommends the US and UAE governments build on the ITI Space Enterprise Council-assisted effort at IEEE to create a space and cyber standard based on security-by-design, and further proposes a US-UAE Annual Forum on Commercial Space Policy (orbital debris, cybersecurity, cislunar insurance) and a joint innovation/venture fund co-backed by UAE sovereign wealth entities and US venture capital with support from NASA, MBRSC and the UAE Space Agency.",,,,,Strengthening ties in orbit: the expanding U.S.-UAE space partnership,"SpaceNews (opinion, David Logsdon, Space Enterprise Council/ITI)",2025-08,https://spacenews.com/strengthening-ties-in-orbit-the-expanding-u-s-uae-space-partnership/,Forum / instrument — full recommendation set of the source publication the framework references,2026-07-18,Custodian validation pending
EV-UAE-17,uae,,FACT,High,"The IEEE standards effort referenced by the commentary exists and is verifiable: IEEE P3349 'Standard for Space System Cybersecurity' (PAR approved 15 February 2023, sponsored by the IEEE Computer Society Cybersecurity and Privacy Standards Committee, developed by the S2CY Space System Cybersecurity Working Group chaired by Gregory Falco) defines cybersecurity controls across ground, space vehicle, link and integration layers, with related project IEEE P3536 'Standard for Space System Cybersecurity Design'; the working group describes itself as an international technical effort to build a more (cyber)secure-by-design space sector.",,,,,IEEE SA — P3349 Standard for Space System Cybersecurity; Space System Cybersecurity Design Standard Working Group,IEEE Standards Association,2023-02,https://standards.ieee.org/ieee/3349/11182/,"Forum / Australian input — a live, open international standards venue on space cyber security-by-design that Australian agencies and industry could join",2026-07-18,Custodian validation pending
EV-UAE-18,uae,,TO_VERIFY,Low,The ITI Space Enterprise Council's asserted 'assisting' role in the IEEE space cybersecurity standard is attested only in the Logsdon SpaceNews commentary; the IEEE P3349/P3536 working group pages accessed this session do not mention the Space Enterprise Council or ITI.,,,,,P3536 — Space System Cybersecurity Design Standard Working Group (home page),IEEE SA working group site (sagroups.ieee.org),2026,https://sagroups.ieee.org/3349/,Forum — accuracy of attribution matters before the framework cites SEC as a standards actor,2026-07-18,Custodian validation pending
EV-UAE-19,uae,,FACT,High,"The Australia-UAE Comprehensive Economic Partnership Agreement entered into force on 1 October 2025; it is Australia's first free trade agreement with a Middle Eastern nation, eliminates tariffs on over 99% of Australian exports to the UAE by value, and the UAE is Australia's largest trade and investment partner in the Middle East (two-way trade $12.3 billion in 2024; two-way investment stock $23.7 billion).",,,,,Australia-United Arab Emirates Comprehensive Economic Partnership Agreement (UAE CEPA),Austrade (Australian Trade and Investment Commission),2025-10,https://www.austrade.gov.au/en/how-we-can-help-you/australian-exporters/free-trade-agreements/united-arab-emirates,Australian value proposition / partner interest — deepened economic architecture within which a space partnership would sit,2026-07-18,Custodian validation pending
EV-UAE-20,uae,,FACT,Medium,"The Australia-UAE CEPA was signed on 6 November 2024 by Australian Trade Minister Don Farrell and UAE Minister of State for Foreign Trade Dr Thani bin Ahmed Al Zeyoudi, following negotiations launched 13 December 2023 and concluded 17 September 2024.",,,,,Australia-UAE Comprehensive Economic Partnership Agreement (CEPA),Department of Foreign Affairs and Trade (DFAT) — content obtained via search extraction; direct fetch of dfat.gov.au timed out this session,2024-11,https://www.dfat.gov.au/trade/agreements/in-force/australia-uae-comprehensive-economic-partnership-agreement-cepa,Instrument — treaty-level economic instrument evidencing bilateral momentum since the 2019 space MoU,2026-07-18,Custodian validation pending
EV-UAE-21,uae,,ASSESSMENT,Medium,"The 2019 ASA-UAESA MoU is a non-binding, civil-space-only framework with no defence dimension; an Australian defence-space partnership with the UAE would require new instruments (e.g., defence MoU, information-sharing and technology-safeguard arrangements) rather than expansion of the existing agency-level MoU.",,,,,Analyst assessment from ASA MoU provisions and instrument type,"Analyst (this study), from space.gov.au and Space Connect evidence above",2026-07,https://www.space.gov.au/about-agency/publications/memorandum-understanding-between-australian-space-agency-and-united-arab-emirates-space-agency,Instrument — gap between the existing instrument and what a defence-space partnership requires,2026-07-18,Custodian validation pending
EV-UAE-22,uae,,ASSESSMENT,Medium,"The UAE behaves as a well-funded, mission-driven space partner that anchors itself in US-led frameworks (Artemis Accords, Gateway hardware-for-access deals) while opportunistically engaging China until blocked by US export controls; its July 2026 EAR Country Group A:5 status now binds it more tightly into the US technology-security perimeter that Australia also inhabits, lowering a key barrier to trilateral or bilateral data- and technology-sharing with Australia.",,,,,"Analyst assessment from BIS, NASA, SpaceNews and IEEE evidence above",Analyst (this study),2026-07,https://www.bis.gov/press-release/department-commerce-eases-export-controls-uae,Partner behaviour / dependency — alignment trajectory that conditions the risk profile of an Australian defence-space partnership,2026-07-18,Custodian validation pending
EV-UAE-23,uae,,ASSESSMENT,Medium,"The published Space Data & AI Task Force concept and the IEEE P3349/P3536 security-by-design standards effort offer Australia a low-cost entry point: Australian participation in the IEEE working group and advocacy for extending any US-UAE data/AI task force to Artemis Accords founding partners would leverage instruments and forums that already exist, rather than requiring new treaty machinery.",,,,,Analyst assessment from SpaceNews commentary and IEEE SA evidence above,Analyst (this study),2026-07,https://standards.ieee.org/ieee/3349/11182/,Australian input / forum — concrete openings for Australian participation identified from the evidence base,2026-07-18,Custodian validation pending
EV-USSFCSPO-01,ussf-cspo,,FACT,High,"The US Space Force published its inaugural International Partnership Strategy, dated June 2025 and publicly released 8 July 2025, signed by Chief of Space Operations Gen. B. Chance Saltzman under the theme 'Strength Through Partnership'; it nests under the National Defense Strategy and the OSD International Space Cooperation Strategy (dated 10 Nov 2024, Secret) and will be actioned through an Implementation Plan.",CONFIRMED,,,,"U.S. Space Force International Partnership Strategy (full document, accessed via Aerospace Corp CSPS mirror; release date corroborated by spaceforce.mil article listing)",United States Space Force,2025-06,https://csps.aerospace.org/sites/default/files/2025-10/USSF%20International%20Partnership%20Strategy%20(June%202025).pdf,"Partner interest — codifies USSF service-level intent to integrate allies, the anchor document for the framework",2026-07-18,Custodian validation pending
EV-USSFCSPO-02,ussf-cspo,,FACT,High,"The strategy's three Lines of Effort are, verbatim: 'Create - Creating the conditions for Allies and partners to be integrated into USSF Force Design'; 'Integrate - Incorporating Allies and partners into Force Development activities'; 'Operate - Maximizing opportunities for Allies and partners to participate in Force Employment (Generation and Operations)'; the LOEs 'relate to the three elements of Joint Force Design' on 5-15 year, 2-7 year and 0-3 year horizons respectively.",CONFIRMED,,,,"U.S. Space Force International Partnership Strategy, pp. 2, 5-6",United States Space Force,2025-06,https://csps.aerospace.org/sites/default/files/2025-10/USSF%20International%20Partnership%20Strategy%20(June%202025).pdf,Partner interest / instrument — structure into which any Australian contribution must map,2026-07-18,Custodian validation pending
EV-USSFCSPO-03,ussf-cspo,,FACT,High,"LOE #1 CREATE states verbatim: 'This LOE is designed to bring Allies and partners in at the beginning of the Force Design process:' with first bullet 'Adopting a common baseline taxonomy with Allies and partners and defining interoperability requirements for the objective force', plus 'Developing Capability Area Designs and Mission Area Designs together with our Allies and partners' and 'Designing future concepts, experimenting and wargaming with our Allies and partners'; the strategy defines Objective Force as 'the force the USSF will need to fight and win future battles... the output of the Force Design process focused on a defined time span (e.g. 2025-2040)'.",CONFIRMED,,,,"U.S. Space Force International Partnership Strategy, p. 6 and Terms and Definitions p. 15",United States Space Force,2025-06,https://csps.aerospace.org/sites/default/files/2025-10/USSF%20International%20Partnership%20Strategy%20(June%202025).pdf,Partner interest — explicit USSF invitation for allies to co-define taxonomy and interoperability requirements at the start of force design,2026-07-18,Custodian validation pending
EV-USSFCSPO-04,ussf-cspo,,FACT,High,"The strategy lists 'proven examples' of partnership success including 'Deep Space Advanced Radar Capability (DARC) with the United Kingdom and Australia', Wideband Global SATCOM (WGS), hosted payloads on Norway's Arctic Satellite Broadband Mission and Japan's Quasi-Zenith Satellite System, SATCOM to NATO, and the Joint Commercial Operations (JCO) cell; Australia is one of only two partners named against a specific capability program.",,,,,"U.S. Space Force International Partnership Strategy, Introduction p. 3",United States Space Force,2025-06,https://csps.aerospace.org/sites/default/files/2025-10/USSF%20International%20Partnership%20Strategy%20(June%202025).pdf,Australian value proposition — Australia's DARC hosting is cited by USSF itself as a model partnership,2026-07-18,Custodian validation pending
EV-USSFCSPO-05,ussf-cspo,,FACT,Medium,"Gen. Saltzman's foreword states he 'invited a Senior Allied Officer to assume the role of Assistant Chief of Space Operations for Future Concepts and Partnerships (ACSO/FCP)' and is 'entrusting ACSO/FCP with the responsibility to help me hold the Service accountable to the concepts defined here'; Air & Space Forces Magazine reporting identifies the incumbent as UK Air Marshal Paul Godfrey, who said the strategy 'touches every single part of the Space Force'.",CONFIRMED,,,,USSF International Partnership Strategy foreword; 'New International Partnership Strategy Touches Every Part of Space Force',United States Space Force / Air & Space Forces Magazine,2025,https://www.airandspaceforces.com/new-international-partnership-strategy-space-force/,"Instrument / forum — an allied officer inside USSF headquarters is the accountable owner of partnership integration, a channel Australia can work through",2026-07-18,Custodian validation pending
EV-USSFCSPO-06,ussf-cspo,,FACT,High,"The Combined Space Operations (CSpO) Vision 2031 statement was released on 23 February 2022 by senior defence officials of seven nations: Australia, Canada, France, Germany, New Zealand, the United Kingdom and the United States; it outlines a ten-year vision and articulates the mission, guiding principles and objectives of the CSpO initiative.",CONFIRMED,,,Date conflict resolved: US DoD announced CSpO Vision 2031 on 22 Feb 2022 (US time); Australian Department of Defence release is dated 23 Feb 2022 (AEDT). Same event — record the date per the source cited.,"Release of the Combined Space Operations Vision 2031 statement (media release, 23 Feb 2022); corroborated by GOV.UK publication page",Australian Department of Defence,2022-02,https://www.defence.gov.au/news-events/releases/2022-02-23/release-combined-space-operations-vision-2031-statement,Forum — the principal multilateral vision document binding Australia into combined military space operations,2026-07-18,Custodian validation pending
EV-USSFCSPO-07,ussf-cspo,,FACT,High,"Per the Australian Defence release, CSpO 'focusses on information sharing, developing aligned policies and maximising the combined capabilities of participating nations', with member nations seeking 'to generate and improve cooperation, coordination, and interoperability, to sustain freedom of action in space, optimise resources, enhance mission assurance and resilience, and prevent conflict' — language mirrored almost verbatim in the USSF IPS definition of CSpO.",,,,,Release of the Combined Space Operations Vision 2031 statement; USSF IPS Terms and Definitions p. 13,Australian Department of Defence,2022-02,https://www.defence.gov.au/news-events/releases/2022-02-23/release-combined-space-operations-vision-2031-statement,Forum — agreed purpose statement; the US-Australia definitional alignment evidences a shared baseline taxonomy already emerging,2026-07-18,Custodian validation pending
EV-USSFCSPO-08,ussf-cspo,,FACT,High,"The CSpO Initiative marked ten years in 2024 (i.e., established 2014) and 'has grown to ten partners: Australia, Canada, France, Germany, Italy, Japan, New Zealand, Norway, United Kingdom, United States of America'; DoD-reported accounts state Italy, Japan and Norway were welcomed at a December 2023 CSpO conference hosted by Germany.",,,,,"CSpO Joint Statement: Ten Years, Ten Nations: One Initiative (5 Oct 2024)",Australian Department of Defence,2024-10,https://www.defence.gov.au/news-events/releases/2024-10-05/cspo-joint-statement-ten-years-ten-nations-one-initiative,Forum — current membership and lineage of the primary minilateral in which Australia sits,2026-07-18,Custodian validation pending
EV-USSFCSPO-09,ussf-cspo,,FACT,High,"The CSpO Principals' Board convened 17 April 2026 in Colorado Springs; the ten partners agreed the initiative 'will redouble its efforts to deliver capabilities in support of combined operations, with a particular focus on Multi-National Force Operation OLYMPIC DEFENDER (MNF-OOD)', described as 'Established in 2013 to synchronise efforts to strengthen resilience and deterrence against malicious acts in space' and as having 'recently successfully demonstrated the collective ability of allied nations to detect events in space'; senior officials reconvene December 2026 in Oslo.",,,,,"Combined Space Operations (CSpO) Initiative Principals' Board Meets to Advance Combined Operations Efforts (statement, 14 May 2026)",Australian Department of Defence,2026-05,https://www.defence.gov.au/news-events/releases/2026-05-14/combined-space-operations-cspo-initiative-principals-board-meets-advance-combined-operations-efforts,Forum — most current (May 2026) signal that CSpO is converging on MNF-OOD as its operational delivery vehicle,2026-07-18,Custodian validation pending
EV-USSFCSPO-10,ussf-cspo,,FACT,High,"Australia joined the US-led Operation Olympic Defender in 2020 (per HQ Joint Operations Command Acting JFSC Director Space Operations GPCAPT Darrell May); Australia's participation forms part of Operation Dyurra ('stars' in Ngunnawal), 'the country's overarching space domain commitment', which 'includes the integration of Australian Defence Force (ADF) space operations with our partners through the US-led Operation Olympic Defender'; France, Germany and New Zealand joined OOD by November 2024, alongside the US, UK and Canada.",,,,,More nations combine to defend space (22 Nov 2024) and Operation Dyurra activity page,Australian Department of Defence,2024-11,https://www.defence.gov.au/news-events/news/2024-11-22/more-nations-combine-defend-space,Australian input — Australia's named operational contribution to combined space operations under US leadership,2026-07-18,Custodian validation pending
EV-USSFCSPO-11,ussf-cspo,,FACT,High,"The relocated C-Band Space Surveillance Radar reached Full Operational Capability, announced 7 March 2017 by Defence Minister Marise Payne, as 'a joint initiative between the USAF and Australia'; operated from Harold E. Holt Naval Communication Station near Exmouth WA, it is 'the first low-earth orbit space surveillance network sensor in the Southern Hemisphere', was previously based in Antigua, 'was gradually relocated to Harold E. Holt from 2014 and operates as a sensor node in the US global Space Surveillance Network', and 'can accurately track several hundred objects a day'.",,,,,"Australia's Space Surveillance Radar reaches Full Operational Capability (ministerial media release, 7 Mar 2017)",Australian Department of Defence (Minister for Defence),2017-03,https://www.minister.defence.gov.au/media-releases/2017-03-07/australias-space-surveillance-radar-reaches-full-operational-capability,Australian value proposition — Southern Hemisphere geography delivering unique coverage into the US Space Surveillance Network,2026-07-18,Custodian validation pending
EV-USSFCSPO-12,ussf-cspo,,FACT,High,"The DARPA-developed Space Surveillance Telescope, whose transfer to Australia was announced in 2012, was relocated from New Mexico to the Harold E. Holt Communication Station at Exmouth WA, captured first images at its new site in 2020, and achieved initial operational capability announced 4 October 2022; it is operated by the Royal Australian Air Force and provides 'ground-based, broad-area search, detection and tracking of faint objects in deep space'.",,,,,"US, Australia Announce Operational Capability of Space Surveillance Telescope (4 Oct 2022); corroborated by Space Operations Command article listing (IOC declared 30 Sep 2022)",The Defense Post (corroborating USSF Space Operations Command),2022-10,https://thedefensepost.com/2022/10/04/us-australia-space-telescope/,Australian input / dependency — RAAF-operated US-origin deep-space sensor feeding shared space domain awareness,2026-07-18,Custodian validation pending
EV-USSFCSPO-13,ussf-cspo,,TO_VERIFY,Medium,"Search-result reporting (including Wikipedia and USSF Space Operations Command listings) states the SST was initially operated by RAAF No. 1 Remote Sensor Unit under US Space Force command and control, with No. 1 Space Surveillance Unit assuming operation in early 2023, and IOC formally declared 30 September 2022; the precise command-and-control arrangement and unit transition need confirmation from an authoritative RAAF/Defence source.",,,,,U.S. Space Surveillance Telescope in Australia achieves initial operational capability (article located via search; direct fetch returned HTTP 403),USSF Space Operations Command (not directly accessed),2022-10,https://www.spoc.spaceforce.mil/News/Article-Display/Article/3176245/us-space-surveillance-telescope-in-australia-achieves-initial-operational-capab,Australian input — the exact C2 arrangement (RAAF operation under USSF C2) is a key dependency detail for the framework,2026-07-18,Custodian validation pending
EV-USSFCSPO-14,ussf-cspo,,FACT,Medium,"Construction of the trilateral (US-UK-Australia) Deep Space Advanced Radar Capability Site 1 at Exmouth, Western Australia began with groundbreaking in October 2023 and was completed in September 2024, three months ahead of schedule, under a USD 341 million Northrop Grumman contract; the site will 'track objects up to 22,000 miles above Earth in geosynchronous orbit', with full site operations expected 2027, the UK site at Cawdor Barracks, Wales expected complete by February 2030, and the full three-site system fully operational by 2032.",,,,,Space Force Finishes Construction at One Site for New Radar,Air & Space Forces Magazine,2024,https://www.airandspaceforces.com/space-force-deep-space-radar-australia-construction/,Australian value proposition / partner capability — Australia hosts the first operational node of a flagship trilateral GEO surveillance system,2026-07-18,Custodian validation pending
EV-USSFCSPO-15,ussf-cspo,,FACT,Medium,"US Space Command and Australian Defence Space Command signed an Enhanced Space Cooperation Memorandum of Understanding on 20 April 2023 at Space Symposium 38 in Colorado Springs, signed by Gen. James Dickinson (USSPACECOM) and Air Vice-Marshal Catherine Roberts (Defence Space Command), described as 'a non-legally binding framework for deepened military cooperation in the space domain'.",,,,,USSPACECOM and Australian Defence Space Command Sign Enhanced Space Cooperation MOU (located via search; spacecom.mil direct fetch returned 403),United States Space Command (not directly accessed),2023-04,https://www.spacecom.mil/Newsroom/News/Article-Display/Article/3369772/usspacecom-and-australian-defence-space-command-sign-enhanced-space-cooperation/,Instrument — command-level bilateral MOU; note it is explicitly non-legally binding (constraint on enforceability),2026-07-18,Custodian validation pending
EV-USSFCSPO-16,ussf-cspo,,FACT,High,"'Enhanced Space Cooperation was declared as a new Force Posture Initiative at the 2023 Australia - US Ministerial Consultations (AUSMIN). This initiative enables closer cooperation through increased space integration on existing exercises and operations under the AUS-US Force Posture Agreement' — placing space alongside the air, land and maritime Enhanced Cooperation initiatives.",,,,,Enhanced Domain Cooperation — United States Force Posture Initiatives (program page),Australian Department of Defence,2023,https://www.defence.gov.au/defence-activities/programs-initiatives/united-states-force-posture-initiatives/enhanced-space-cooperation,Instrument — anchors bilateral space cooperation to the treaty-level Force Posture Agreement architecture,2026-07-18,Custodian validation pending
EV-USSFCSPO-17,ussf-cspo,,FACT,High,"On 3 June 2026 in Canberra, Chief of Space and Cyber Lieutenant General Susan Coyle and USSF Chief of Space Operations General B. Chance Saltzman signed a Statement of Intent 'outlining Australia's and the United States' intent to deepen cooperation in military space operations', recognising 'that space-based capabilities are foundational to modern conflict'; Saltzman also attended the inaugural ADF Space Initial Employment Training graduation, the first ADF members to complete space operations officer and space operations specialist courses.",,,,,"Australia, US strengthen space ties (3 Jun 2026)",Australian Department of Defence,2026-06,https://www.defence.gov.au/news-events/news/2026-06-03/australia-us-strengthen-space-ties,Instrument / Australian input — the most current bilateral commitment plus evidence of an emerging trained Australian space workforce,2026-07-18,Custodian validation pending
EV-USSFCSPO-18,ussf-cspo,,FACT,Medium,"Under a Memorandum of Understanding signed 14 November 2007 between the US DoD and Australian Department of Defence, Australia funded the production, launch and sustainment of the WGS-6 Wideband Global SATCOM satellite (total Australian investment reported around AUD 927 million including ground infrastructure) in exchange for assured access to a proportionate share of the WGS constellation.",,,,,Australia-funded WGS-6 Seen as Model for Future U.S. Military Constellations (located via search; MOU text at state.gov not retrievable this session),SpaceNews (not directly accessed; corroborated across multiple search results),2013,https://spacenews.com/36452military-space-quarterly-australia-funded-wgs-6-seen-as-model-for-future/,Australian input / dependency — the burden-sharing precedent: capital contribution buying assured access to a US constellation,2026-07-18,Custodian validation pending
EV-USSFCSPO-19,ussf-cspo,,FACT,Medium,"The ADF procured an 18-channel UHF communications hosted payload on the commercial Intelsat IS-22 satellite (launched 2012, Indian Ocean region), with roughly half the capacity made available to US forces (US Navy) and the ADF gaining reciprocal access arrangements including to the US Mobile User Objective System; ADF program cost was reported around AUD 475 million.",,,,,"Australian, U.S. Forces To Share UHF Satellite Capacity (located via search; multiple corroborating outlets)",SpaceNews (not directly accessed),2012,https://spacenews.com/australian-us-forces-share-uhf-satellite-capacity-agreement-involves-us-mobile-user/,Australian input — a concrete hosted-payload and capacity-swap precedent for future bilateral hosted-payload arrangements,2026-07-18,Custodian validation pending
EV-USSFCSPO-20,ussf-cspo,,ASSESSMENT,Medium,"Australia is unusually well positioned to act on USSF IPS LOE 1: the strategy's first 'Create' task (common baseline taxonomy and interoperability requirements for the objective force) is open now (2025-2026), Australia already has named equities in the strategy (DARC), operational contributions (OOD since 2020, SST, C-band), an allied officer channel (ACSO/FCP), and fresh command-level instruments (April 2023 ESC MOU, June 2026 SoI) — but nearly all instruments are non-treaty and non-binding, so influence depends on sustained contribution rather than legal entitlement.",,,,,Analyst synthesis across USSF International Partnership Strategy and Australian Defence sources accessed this session,Analyst assessment (primary basis: USSF IPS June 2025),2026-07,https://csps.aerospace.org/sites/default/files/2025-10/USSF%20International%20Partnership%20Strategy%20(June%202025).pdf,Australian value proposition / constraint — frames the window of opportunity and the enforceability limits of current instruments,2026-07-18,Custodian validation pending
EV-GERMANY-01,germany,,FACT,High,"The German Federal Government's Space Strategy was published in September 2023 by the Federal Ministry for Economic Affairs and Climate Action (BMWK), replacing the previous 2010 strategy and setting goals for a target horizon of 2030.",CONFIRMED,,,,The German Federal Government's Space Strategy,BMWK (Federal Ministry for Economic Affairs and Climate Action),2023-09,https://www.bundeswirtschaftsministerium.de/Redaktion/EN/Publikationen/Technologie/the-german-federal-governments-space-strategy.pdf?__blob=publicationFile&v=1,Partner interest: current authoritative statement of German space policy priorities,2026-07-18,Custodian validation pending
EV-GERMANY-02,germany,,FACT,High,"The 2023 Space Strategy defines nine fields of action: (1) European and international cooperation; (2) space as a growth market – high-tech and NewSpace; (3) climate change, resource protection and environmental protection; (4) digitalisation, data and downstream activities; (5) security, strategic options and global stability; (6) sustainable, safe use of space; (7) space research; (8) international space exploration; and (9) space activities in the context of recruiting and attracting talent.",CONFIRMED,,,,The German Federal Government's Space Strategy (p.13),BMWK,2023-09,https://www.bundeswirtschaftsministerium.de/Redaktion/EN/Publikationen/Technologie/the-german-federal-governments-space-strategy.pdf?__blob=publicationFile&v=1,Partner interest: structure of German space policy against which Australian engagement can be mapped,2026-07-18,Custodian validation pending
EV-GERMANY-03,germany,,FACT,High,"The 2023 Space Strategy explicitly names Australia — alongside Canada, Japan, the Republic of Korea, India, New Zealand and Singapore — as nations that 'have been expanding their space activities continually for years now, and are attractive partners for cooperation'.",CONFIRMED,,,,"The German Federal Government's Space Strategy (p.8, Geopolitical changes)",BMWK,2023-09,https://www.bundeswirtschaftsministerium.de/Redaktion/EN/Publikationen/Technologie/the-german-federal-governments-space-strategy.pdf?__blob=publicationFile&v=1,Partner interest: explicit German policy-level identification of Australia as a cooperation partner,2026-07-18,Custodian validation pending
EV-GERMANY-04,germany,,FACT,High,"The strategy's security field of action records that Germany's 2023 National Security Strategy calls for guidelines 'in the framework of a space security strategy, for protection and defence in space, and for greater national resilience', for strengthening military capabilities via space-based systems with dual-use synergies, and states that a future space security strategy (Weltraumsicherheitsstrategie) is to be derived from the National Security Strategy.",CONFIRMED,,,,"The German Federal Government's Space Strategy (pp.13, 37)",BMWK,2023-09,https://www.bundeswirtschaftsministerium.de/Redaktion/EN/Publikationen/Technologie/the-german-federal-governments-space-strategy.pdf?__blob=publicationFile&v=1,Partner interest: Germany's defence-space policy trajectory and forthcoming dedicated space security strategy,2026-07-18,Custodian validation pending
EV-GERMANY-05,germany,,FACT,High,"Key Project 7 of the strategy commits Germany to establishing and expanding national space situational awareness resources through 2030, centred on sensors and the interdepartmentally operated GSSAC, and states Germany 'plans to work with international partners to establish a permanent sensor network with full global coverage'.",CONFIRMED,,,,"The German Federal Government's Space Strategy (pp.40-41, Key Project 7)",BMWK,2023-09,https://www.bundeswirtschaftsministerium.de/Redaktion/EN/Publikationen/Technologie/the-german-federal-governments-space-strategy.pdf?__blob=publicationFile&v=1,Australian value proposition: Australia's southern-hemisphere geography maps directly onto Germany's stated need for globally distributed SSA sensors,2026-07-18,Custodian validation pending
EV-GERMANY-06,germany,,FACT,High,"The German Space Situational Awareness Centre (GSSAC) at Uedem is operated jointly by the German Armed Forces Space Command and the German Space Agency at DLR as a civil-military task (the Space Strategy dates its contribution from 2009; the Bundeswehr website says jointly operated since 2011), and the Galileo Public Regulated Service authority is being set up at the same Uedem facility.",CONFIRMED,,,,"The German Federal Government's Space Strategy (pp.38, 40); German Space Command page",BMWK; Bundeswehr,2023-09,https://www.bundeswehr.de/en/organization/german-air-force/structure/space-component-command-,Partner capability: Germany's joint civil-military SSA institution and potential counterpart for Australian SDA cooperation,2026-07-18,Custodian validation pending
EV-GERMANY-07,germany,,FACT,High,"The German Space Command (Weltraumkommando der Bundeswehr) was established on 13 July 2021 at Uedem, has reported directly to the Air and Space Force Command since 1 April 2023, comprises the DEU Space Operations Centre and DEU Space Intelligence Centre, has been commanded by Major General Michael Traut since inception, and coordinates German participation in the US-led Operation Olympic Defender.",,,,,German Space Command (Space Component Command),Bundeswehr,,https://www.bundeswehr.de/en/organization/german-air-force/structure/space-component-command-,Partner capability: Germany's military space organisation and the counterpart to Australia's Defence Space Command,2026-07-18,Custodian validation pending
EV-GERMANY-08,germany,,FACT,High,"GESTRA (German Experimental Space Surveillance and Tracking Radar), developed and built by Fraunhofer FHR under a 2015 commission from the German Space Agency at DLR, is a partly mobile LEO surveillance radar at the Federal Armed Forces' Koblenz-Schmidtenhöhe facility, operated in test mode by GSSAC since 2020 with handover scheduled for end-2023; its data feed a German space-object catalogue complementing US and EU catalogues, alongside the TIRA tracking and imaging radar.",,,,,"The German Federal Government's Space Strategy (pp.38, 41)",BMWK,2023-09,https://www.bundeswirtschaftsministerium.de/Redaktion/EN/Publikationen/Technologie/the-german-federal-governments-space-strategy.pdf?__blob=publicationFile&v=1,Partner capability: German national space surveillance sensors and cataloguing capability,2026-07-18,Custodian validation pending
EV-GERMANY-09,germany,,FACT,Medium,"SARah, the Bundeswehr's satellite-based radar reconnaissance system succeeding SAR-Lupe, was contracted in 2013 via procurement agency BAAINBw and comprises three satellites — one Airbus-built phased-array satellite (SARah-1, launched 18 June 2022 on a SpaceX Falcon 9 from Vandenberg) and two OHB-built reflector-antenna satellites (SARah-2 and SARah-3, launched December 2023) — providing all-weather, day-night radar imaging with higher resolution than SAR-Lupe.",,,,,SARah (Satellite-based Radar Reconnaissance System),eoPortal (ESA); corroborated by OHB and Airbus press releases and esut.de via search,2023,https://www.eoportal.org/satellite-missions/sarah,Partner capability: sovereign German military ISR from space,2026-07-18,Custodian validation pending
EV-GERMANY-10,germany,,FACT,High,"In July 2024 the Bundeswehr awarded Airbus the SATCOMBw 3 prime contract, valued at approximately €2.1 billion, covering two Eurostar Neo-based geostationary military communications satellites plus ground segment, launch and 15 years of operation, as successors to COMSATBw-1B/2B, with deployment due before the end of the decade and OHB among German value-chain partners.",,,,,Airbus awarded German Armed Forces prime contract for military communications satellite system,Airbus (corroborated by SpaceNews and European Spaceflight via search),2024-07,https://www.airbus.com/en/newsroom/press-releases/2024-07-airbus-awarded-german-armed-forces-prime-contract-for-military,Partner capability: Germany's next-generation sovereign military SATCOM program,2026-07-18,Custodian validation pending
EV-GERMANY-11,germany,,FACT,High,"Germany rejects destructive tests of ground-based anti-satellite missiles and has obligated itself, in cooperation with the US and other partner countries, to refrain from such tests; the strategy also commits Germany to internationally binding rules for peaceful, sustainable use of space and includes key projects for a national Space Act (Weltraumgesetz) and support for EU/international Space Traffic Management.",,,,,"The German Federal Government's Space Strategy (pp.37, 44-46)",BMWK,2023-09,https://www.bundeswirtschaftsministerium.de/Redaktion/EN/Publikationen/Technologie/the-german-federal-governments-space-strategy.pdf?__blob=publicationFile&v=1,Australian value alignment: shared commitment to responsible-behaviours norms (Australia made the same DA-ASAT test commitment),2026-07-18,Custodian validation pending
EV-GERMANY-12,germany,,FACT,High,"Cooperation within ESA, EUMETSAT and EU frameworks is described as 'the basic pillar for successful implementation of German space policy'; Germany is the largest contributor to ESA (chairing the ESA Council at ministerial level in 2022) and the largest contributor to and host state of EUMETSAT, and holds a lead role with France in the EU SST partnership including responsibility for a European catalogue of space objects.",,,,,"The German Federal Government's Space Strategy (pp.15, 40, 46)",BMWK,2023-09,https://www.bundeswirtschaftsministerium.de/Redaktion/EN/Publikationen/Technologie/the-german-federal-governments-space-strategy.pdf?__blob=publicationFile&v=1,Constraint: Germany's multilateral-first orientation means bilateral space cooperation with Australia competes with ESA/EU channels,2026-07-18,Custodian validation pending
EV-GERMANY-13,germany,,FACT,High,"Germany joined the Combined Space Operations (CSpO) initiative in 2019, and both Germany and Australia were among the seven nations (with Canada, France, New Zealand, UK, US) that jointly released the CSpO Vision 2031 statement on 22-23 February 2022 — the principal existing multilateral defence-space forum linking Berlin and Canberra.",,,,,DoD and Partners Release Combined Space Operations Vision 2031; Combined Space Operations: First Vision Paper Presented,US Department of Defense; BMVg; Australian Department of Defence (all surfaced via search),2022-02,https://www.defense.gov/News/Releases/Release/Article/2941594/dod-and-partners-release-combined-space-operations-vision-2031/,Forum: existing multilateral defence-space venue where Australia and Germany already cooperate,2026-07-18,Custodian validation pending
EV-GERMANY-14,germany,,TO_VERIFY,Medium,"The Australian Space Agency and the German Aerospace Center (DLR) signed a statement of intent in 2019 (reported date 22 October 2019, under ASA Head Dr Megan Clark), reportedly covering cooperative projects including biomedical research under space conditions and quantum technologies; the document is listed on space.gov.au and industry.gov.au (file dated 2019-11) but both primary pages timed out this session, so the exact date, signatories and scope could not be confirmed against the primary text.",,,,,Statement of intent between the Australian Space Agency and German Aerospace Center (page listing; content not retrievable this session),Australian Space Agency,2019,https://www.space.gov.au/about-agency/publications/statement-intent-between-australian-space-agency-and-german-aerospace-center,Instrument: the only identified agency-level Australia-Germany space instrument,2026-07-18,Custodian validation pending
EV-GERMANY-15,germany,,FACT,High,"On 10 February 2022, Rocket Factory Augsburg AG (RFA) and Australia's Southern Launch signed a launch services agreement for RFA ONE launches to sun-synchronous and polar orbits from the Whalers Way Orbital Launch Complex, South Australia, with RFA's CCO citing the value of 'a regional spaceport in the Asia-Pacific region'.",,,,,RFA and Southern Launch sign agreement for launch facilities,Rocket Factory Augsburg,2022-02,https://www.rfa.space/rfa-and-southern-launch-sign-agreement-for-launch-facilities/,Instrument: German commercial launch company contractually linked to Australian launch infrastructure,2026-07-18,Custodian validation pending
EV-GERMANY-16,germany,,ASSESSMENT,Medium,"RFA's maiden-flight campaign has since concentrated on SaxaVord Spaceport (UK) — where it holds a UK CAA launch licence, lost its first stage in an August 2024 static-fire explosion, and was targeting a maiden RFA ONE launch window no earlier than 10 August (stage shipped from Augsburg in early 2026) — and no evidence was found this session of an active RFA launch campaign at Whalers Way, suggesting the 2022 Australian agreement is dormant or secondary.",,,,,RFA ONE Launch from SaxaVord Set for No Earlier Than 10 August; RFA pushes maiden flight to 2025 after launchpad explosion,European Spaceflight; SpaceNews (via search),2026,https://europeanspaceflight.com/rfa-one-launch-from-saxavord-set-for-no-earlier-than-10-august/,Dependency/constraint: the RFA-Whalers Way link should not be over-weighted as an active Germany-Australia channel,2026-07-18,Custodian validation pending
EV-GERMANY-17,germany,,FACT,High,"German launch company HyImpulse conducted the first launch from Southern Launch's Koonibba Test Range, South Australia, on 3 May 2024: the SR75 rocket ('Light This Candle' mission, paraffin/LOX hybrid propulsion) lifted off successfully and was recovered, as a step toward HyImpulse's SL1 orbital launcher which could eventually launch from Whalers Way.",,,,,First Koonibba Test Range launch hailed a success,Australian Aviation,2024-05,https://australianaviation.com.au/2024/05/first-koonibba-test-range-launch-hailed-a-success/,Instrument/Australian value proposition: Australian launch geography attracting German NewSpace companies,2026-07-18,Custodian validation pending
EV-GERMANY-18,germany,,FACT,High,"DLR's ReFEx (Reusability Flight Experiment) — a ~2.7 m, ~375-450 kg winged reusable-launch-vehicle technology demonstrator led by the DLR Institute of Space Systems — is manifested to launch on a Brazilian VSB-30 two-stage sounding rocket from the Koonibba Test Range, South Australia (operated by Southern Launch with the Koonibba Aboriginal Community), with a demonstration flight planned for 2025 and the project running to December 2026.",,,,,ReFEx – Reusability Flight Experiment,DLR (German Aerospace Center),,https://www.dlr.de/en/research-and-transfer/projects-and-missions/refex,Instrument: German government space agency using Australian territory/range for a flagship flight experiment,2026-07-18,Custodian validation pending
EV-GERMANY-19,germany,,FACT,High,"DLR provides in-kind access to its laser-communications-equipped satellites for the University of Western Australia's TeraNet optical ground station network (a $6.3m project funded under the Australian Space Agency's Moon to Mars Demonstrator Mission grant program with WA Government and UWA support), and on 16 July 2024 TeraNet announced it had received laser signals from DLR's OSIRISv1 payload on the University of Stuttgart's Flying Laptop satellite.",,,,,TeraNet captures laser signals from German satellite,University of Western Australia,2024-07,https://www.uwa.edu.au/news/article/2024/july/teranet-captures-laser-signals-from-german-satellite,Australian input: Australian optical ground segment paired with German on-orbit assets; dual-use-relevant optical comms,2026-07-18,Custodian validation pending
EV-GERMANY-20,germany,,FACT,Medium,"OHB SE was cornerstone investor (US$25 million) in SpaceLink, a US-based subsidiary of Australia's Electro Optic Systems (EOS), and was selected under a ~US$340 million arrangement (ATP signed) to build four MEO optical data-relay satellites, but EOS ceased funding SpaceLink in late 2022 and the company wound down without the constellation being built; no operating OHB subsidiary in Australia was identified this session, and no direct DLR-owned ground station on Australian territory was identified (DLR acts as advisor to the proposed Australasian Optical Ground Station Network rather than as an operator in Australia).",,,,,SpaceLink to Wind Down Operations as Parent Company EOS Reorganizes,Via Satellite (corroborated by SpaceNews and Space Intel Report via search; AOGSN role per Wiley/arXiv paper surfaced via search),2022-10,https://www.satellitetoday.com/finance/2022/10/31/spacelink-to-wind-down-operations-as-parent-company-eos-reorganizes/,Dependency: history of a failed German-Australian commercial space venture; limits of OHB's Australian footprint,2026-07-18,Custodian validation pending
EV-GERMANY-21,germany,,ASSESSMENT,Medium,"No dedicated Australia-Germany government-to-government space agreement or bilateral defence-space instrument was identified in this session's searches: at IAC 2025 in Sydney (29 Sep - 3 Oct 2025) Australia signed a treaty-level Space Framework Agreement with the US (30 Sep 2025), an updated UK Space Bridge, and a KASA MoU/SoI, and received a mandate to negotiate an ESA Cooperative Agreement, but no Germany-specific instrument was announced; Germany-Australia links rest on the 2019 agency-level statement of intent, the CSpO multilateral, DLR project activity, and commercial actors.",,,,,International partnerships back Australia's space industry (IAC 2025 media release),Australian Minister for Industry and Science / DISR (via search),2025-10,https://www.minister.industry.gov.au/ministers/timayres/media-releases/international-partnerships-back-australias-space-industry,Forum gap/Australian input: absence of a bilateral instrument is itself the opportunity space for an Australian defence-space partnership approach,2026-07-18,Custodian validation pending
EV-JAPANAU-01,japan-au,,FACT,High,"The Japan-Australia Reciprocal Access Agreement was signed on 6 January 2022 and entered into force on 13 August 2023 after exchange of diplomatic notes; it is Japan's first defence treaty of this kind since 1960 and its first visiting-forces-type agreement with any country other than the United States, establishing streamlined entry/exit, weapons carriage, protection of information, criminal jurisdiction and related arrangements for visiting forces.",CONFIRMED,,,,Australia-Japan Reciprocal Access Agreement (program page),Australian Department of Defence,2023,https://www.defence.gov.au/defence-activities/programs-initiatives/australia-japan-reciprocal-access-agreement,"Instrument — the legal foundation enabling reciprocal deployments, including any future space-unit exchanges or hosted personnel",2026-07-18,Custodian validation pending
EV-JAPANAU-02,japan-au,,FACT,High,"The Australian Space Agency and JAXA signed a Memorandum of Cooperation on 7 July 2020, signed by ASA Head Dr Megan Clark AC and JAXA President Dr Hiroshi Yamakawa and witnessed by Australian Ambassador Richard Court, during a virtual Australia-Japan bilateral meeting.",CONFIRMED,,,,Australian Space Agency and JAXA signed a Memorandum of Cooperation on Space,Australian Embassy Tokyo (DFAT),2020-07,https://japan.embassy.gov.au/tkyo/australian_space_agency_jaxa.html,Instrument — the agency-level civil space cooperation vehicle between ASA and JAXA,2026-07-18,Custodian validation pending
EV-JAPANAU-03,japan-au,,FACT,High,"JAXA's Hayabusa2 asteroid sample-return capsule landed in the Woomera Prohibited Area, South Australia, on 6 December 2020, with recovery conducted under an Australian Authorisation of Return of Overseas Launched Space Object (AROLSO) approved under the Space Activities Act 1998, following a July 2020 JAXA-ASA joint statement on cooperation for the return.",CONFIRMED,,,,JAXA-the Australian Space Agency Joint Statement for Cooperation in the Hayabusa2 Sample Return Mission,JAXA,2020-07,https://global.jaxa.jp/press/2020/07/20200714-1_e.html,Australian value proposition — demonstrated regulatory maturity and unique southern-hemisphere territory for Japanese mission recovery,2026-07-18,Custodian validation pending
EV-JAPANAU-04,japan-au,,FACT,Medium,"The QZSS ground segment includes approximately ten monitoring stations across the Asia-Oceania region, one of which is located in Canberra, Australia (alongside Hawaii, Guam, Bangkok and Bangalore), used for precise estimation of QZS orbit and clock parameters.",CONFIRMED,,,,QZSS - Navipedia,European Space Agency (Navipedia),,https://gssc.esa.int/navipedia/index.php/QZSS,Dependency / Australian input — Japan's sovereign PNT system relies on Australian-hosted ground infrastructure,2026-07-18,Custodian validation pending
EV-JAPANAU-05,japan-au,,FACT,Medium,"Australia and Japan conducted a QZSS Emergency Warning Service trial project (reported 2020) involving Geoscience Australia, FrontierSI, the Australian Trade and Investment Commission, Japan's National Space Policy Secretariat, RMIT, UNSW and Australian emergency services, testing satellite-delivered emergency warnings over Australia via QZSS.",CONFIRMED,,,,Australia-Japan QZSS Emergency Warning Service Trial Project,ISPRS Archives (Geoscience Australia/FrontierSI-affiliated authors),2020,https://isprs-archives.copernicus.org/articles/XLIV-3-W1-2020/21/2020/isprs-archives-XLIV-3-W1-2020-21-2020.pdf,Partner capability / Australian input — proven bilateral use of QZSS services over Australian territory,2026-07-18,Custodian validation pending
EV-JAPANAU-06,japan-au,,FACT,High,"Japan established the Space Operations Squadron in 2020, expanded it into the Space Operations Group in 2022 within the Japan Air Self-Defense Force, brought a full space domain awareness monitoring system into operation in 2023 (including a satellite interference detection system introduced in FY2023), and plans to rename the JASDF the Japan Air and Space Self-Defense Force.",CONFIRMED,,,,Protecting Space Security: A New Mission for Japan's Self-Defense Forces,Government of Japan (japan.go.jp KIZUNA),2024-08,https://www.japan.go.jp/kizuna/2024/08/protecting_space_security.html,Partner capability — Japan's dedicated military space organisation and SDA architecture,2026-07-18,Custodian validation pending
EV-JAPANAU-07,japan-au,,FACT,High,Japan plans to launch its first Space Domain Awareness satellite in FY2026 to monitor space objects that are difficult to observe with ground-based equipment.,,,,,Protecting Space Security: A New Mission for Japan's Self-Defense Forces,Government of Japan (japan.go.jp KIZUNA),2024-08,https://www.japan.go.jp/kizuna/2024/08/protecting_space_security.html,Partner capability — space-based SDA that could feed allied data-sharing arrangements including with Australia,2026-07-18,Custodian validation pending
EV-JAPANAU-08,japan-au,,TO_VERIFY,Medium,"Media reporting states Japan approved a JASDF reorganisation in June 2026 under which the Space Operations Group grows to approximately 880 personnel by end FY2026, organised around three Space Operations Squadrons, a Space Support Unit and a Space Intelligence Group; not yet confirmed against Japan MOD primary sources this session (mod.go.jp returned HTTP 403).",,,,,Japan Approves Air and Space Self-Defense Force Reorganization,The Defense Post (media),2026-06,https://thedefensepost.com/2026/06/29/japan-air-space-defense-force/,Partner capability — scale and structure of Japan's military space workforce,2026-07-18,Custodian validation pending
EV-JAPANAU-09,japan-au,,FACT,High,"Japan's Strategic Headquarters for Space Development adopted the Space Security Initiative on 13 June 2023 — Japan's first national space security strategy — built on three pillars: security from space, security in space, and promotion of a space industry underpinned by cross-sectoral technological innovation, with enhanced space domain awareness as a key approach.",,,,,Space Security Initiative,"Cabinet Office, Government of Japan (Space Development Strategy Headquarters)",2023-06,https://www8.cao.go.jp/space/anpo/kaitei_fy05/enganpo_fy05.pdf,Partner interest — Japan's declared strategic intent to expand security uses of space and allied cooperation,2026-07-18,Custodian validation pending
EV-JAPANAU-10,japan-au,,FACT,High,"Japan was welcomed into the Combined Space Operations (CSpO) initiative on 8 December 2023 alongside Italy and Norway, joining a grouping begun in 2014 by the US, UK, Australia and Canada (New Zealand 2015, Germany 2019, France 2020) — placing Australia and Japan in a shared multinational military space framework.",,,,,Combined Space Operations (CSpO) Initiative participation,Japan Ministry of Defense,2023-12,https://www.mod.go.jp/en/article/2023/12/f1a28c679305313e551731b1de3359249120cd14.html,Forum — the primary multilateral military-space venue where Australia and Japan both sit,2026-07-18,Custodian validation pending
EV-JAPANAU-11,japan-au,,FACT,High,"The CSpO Initiative Principals' Board met on 17 April 2026 in Colorado Springs with Australia, Canada, France, Germany, Italy, Japan, New Zealand, Norway, the UK and the US participating; principals committed to prioritising protection of freedom of access to space and to strengthening Multinational Force Operation Olympic Defender, with a follow-up meeting scheduled for December 2026 in Oslo.",,,,,Combined Space Operations (CSpO) Initiative Principals' Board Meets to Advance Combined Operations Efforts,New Zealand Defence Force,2026-05,https://www.nzdf.mil.nz/media-centre/news/combined-space-operations-cspo-initiative-principals-board-meets-to-advance-combined-operations-efforts/,Forum — current CSpO agenda in which Australia and Japan jointly participate,2026-07-18,Custodian validation pending
EV-JAPANAU-12,japan-au,,FACT,Medium,"As of late-2025 reporting, Multinational Force Operation Olympic Defender comprised the United States plus Australia, Canada, France, Germany, the United Kingdom and New Zealand; Japan is not a member, while Australia's contribution is integrated through ADF Operation Dyurra.",,,,,SPACECOM discussing expansion of joint space monitoring missions with allies,Breaking Defense (media),2025-09,https://breakingdefense.com/2025/09/spacecom-discussing-expansion-of-joint-space-monitoring-missions-with-allies/,Forum / constraint — Japan's absence from MNF-OOD limits day-to-day operational space integration with Australia to CSpO channels,2026-07-18,Custodian validation pending
EV-JAPANAU-13,japan-au,,FACT,Medium,"The Australia-Japan Joint Declaration on Security Cooperation, signed by Prime Ministers Albanese and Kishida on 22 October 2022, commits both countries to enhance cooperation in the space domain among other strategic capabilities (accessed via search summaries; DFAT primary page could not be fetched this session).",,,,,Australia-Japan Joint Declaration on Security Cooperation,Australian Department of Foreign Affairs and Trade,2022-10,https://www.dfat.gov.au/countries/japan/australia-japan-joint-declaration-security-cooperation,Instrument / partner interest — leaders-level mandate naming space as a cooperation domain,2026-07-18,Custodian validation pending
EV-JAPANAU-14,japan-au,,FACT,Medium,"At the Twelfth Japan-Australia 2+2 Foreign and Defence Ministerial Consultations in Tokyo on 5 September 2025, ministers reiterated continued efforts to strengthen Japan-Australia cooperation in the space domain through dialogues and unit-level exchanges.",,,,,The 12th Japan-Australia 2+2 Foreign and Defence Ministerial Consultations,Ministry of Foreign Affairs of Japan,2025-09,https://www.mofa.go.jp/press/release/pressite_000001_01633.html,Forum — shows current bilateral defence-space content is limited to dialogues and unit-level exchanges,2026-07-18,Custodian validation pending
EV-JAPANAU-15,japan-au,,FACT,High,"Prime Ministers Albanese and Takaichi issued a Joint Statement on Enhanced Defence and Security Cooperation in Canberra on 4 May 2026, building on the 2022 JDSC, the RAA and the December 2025 establishment of the Framework for Strategic Defence Cooperation (FSDC); priorities include expanded information exchange, joint development/manufacture/maintenance of defence systems and defence-industry partnership, though the release text contains no explicit space provisions.",,,,,Enhanced defence and security cooperation with Japan,Prime Minister of Australia,2026-05,https://www.pm.gov.au/media/enhanced-defence-and-security-cooperation-japan,Instrument — the FSDC and 2026 joint statement are the current umbrella under which space lines of effort would sit,2026-07-18,Custodian validation pending
EV-JAPANAU-16,japan-au,,FACT,Medium,"The Australian Ambassador to Japan delivered remarks at an Australia-Japan Space Situational Awareness, Satellite Communications and Autonomous Systems Symposium in Tokyo on 27 November 2023, promoting deeper operational, industrial and technological cooperation including defence-industry collaboration on space capabilities.",,,,,"Remarks by Ambassador Hayhurst - Australia-Japan Space Situational Awareness, Satellite Communications, and Autonomous Systems Symposium",Australian Embassy Tokyo (DFAT),2023-11,https://japan.embassy.gov.au/tkyo/pr2023_tk026.html,Forum — government-endorsed bilateral industry channel specifically covering SSA and satellite communications,2026-07-18,Custodian validation pending
EV-JAPANAU-17,japan-au,,FACT,Medium,"Japan's Three Principles on Transfer of Defense Equipment and Technology (adopted 1 April 2014) govern defence exports, and Japan has concluded an Agreement concerning the Transfer of Defence Equipment and Technology with Australia — one of 15 such bilateral agreements as of March 2024 — alongside the Japan-Australia ACSA and Information Security Agreement.",,,,,Defense Equipment and Technology Cooperation,"Japan Ministry of Defense, Acquisition Technology & Logistics Agency",2024,https://www.mod.go.jp/atla/en/policy/defense_equipment.html,Instrument / constraint — the legal pathway (and policy limits) for transferring Japanese defence space equipment and technology to Australia,2026-07-18,Custodian validation pending
EV-JAPANAU-18,japan-au,,FACT,Medium,"Under Japan's Foreign Exchange and Foreign Trade Act (FEFTA), any export of controlled goods or transfer of controlled technologies — including via 'list controls' and 'catch-all controls' — requires a licence from the Minister of Economy, Trade and Industry, administered under international export control regimes; FEFTA was further amended in May 2025 to tighten scrutiny of transactions involving critical technologies.",,,,,Security Export Control (English page),"Ministry of Economy, Trade and Industry, Japan",2026,https://www.meti.go.jp/policy/anpo/englishpage.html,"Constraint — FEFTA licensing applies to space and dual-use technology transfers to Australia, adding process risk and time to collaboration",2026-07-18,Custodian validation pending
EV-JAPANAU-19,japan-au,,FACT,High,"Australia announced on 5 August 2025 the selection of Mitsubishi Heavy Industries' upgraded Mogami-class frigate for the RAN's general purpose frigate program (~A$10 billion, first three ships built in Japan, first delivery 2029), the first frigate Japan will manufacture for another nation, with the Australian Government concluding contracts with MHI in 2026.",,,,,Mogami-class frigate selected for the Navy's new general purpose frigates,Australian Department of Defence (Defence Ministers),2025-08,https://www.minister.defence.gov.au/media-releases/2025-08-05/mogami-class-frigate-selected-navys-new-general-purpose-frigates,"Partner interest — precedent showing Japan's export-policy constraints can be navigated for major defence capability, a pathfinder for space cooperation",2026-07-18,Custodian validation pending
EV-JAPANAU-20,japan-au,,FACT,Medium,"Geoscience Australia serves as the ALOS Data Node responsible for Oceania in JAXA's worldwide cooperative satellite data distribution network (alongside NOAA/ASF for the Americas, ESA for Europe/Africa and JAXA for Asia), an established Japan-Australia satellite data sharing arrangement.",,,,,ALOS Data Node (ADN) concept,JAXA Earth Observation Research Center,,https://www.eorc.jaxa.jp/ALOS/en/ra/ra_adn_con.htm,Dependency / Australian input — long-standing institutional channel for Japanese Earth observation data sharing with Australia,2026-07-18,Custodian validation pending
EV-JAPANAU-21,japan-au,,ASSESSMENT,Medium,"Australian analysts (ASPI) identify remote sensing and surveillance (civil and military), maritime-domain-awareness ISR via Japanese constellation projects (e.g., IHI Corporation), and the coincidence of longitude giving shared polar LEO coverage as realistic Japan-Australia space cooperation opportunities — while noting bilateral discussion remains general, constrained by a shortage of Japan-focused security expertise in Australia and a preoccupation with US-inclusive trilateral frameworks.",,,,,ASPI Defence Conference tackles Australia's space security risks / Japan-Australia space commentary,Australian Strategic Policy Institute (The Strategist),2026-06,https://www.aspistrategist.org.au/aspi-defence-conference-tackles-australias-space-security-risks/,Partner interest / constraint — think-tank framing of where bilateral space cooperation is realistic and what impedes it,2026-07-18,Custodian validation pending
EV-JAPANAU-22,japan-au,,ASSESSMENT,Medium,"The realistic near-term Japan-Australia defence-space agenda is SDA information sharing and unit-level exchanges through CSpO and bilateral dialogues, QZSS ground-segment hosting and resilience on Australian territory, Earth observation data sharing, and potential Japanese accession to MNF-OOD; deeper capability collaboration is achievable but gated by FEFTA/Three Principles export processes, Japan's US-centric space dependencies, and the current absence of explicit space lines of effort in the FSDC-era bilateral statements.",,,,,The 12th Japan-Australia 2+2 Foreign and Defence Ministerial Consultations (synthesis across sources accessed this session),Ministry of Foreign Affairs of Japan (primary anchor for assessment),2025-09,https://www.mofa.go.jp/press/release/pressite_000001_01633.html,Australian value proposition / constraint — net judgement on partnership opportunities and limiting factors for the framework,2026-07-18,Custodian validation pending
EV-AUINPUTS-01,au-inputs,,FACT,High,"Defence Space Command was established on 18 January 2022 as an integrated tri-service headquarters (Navy, Army, Air Force and APS personnel), initially formed under the Royal Australian Air Force, tasked with strategic space planning and assuring Australia's access to space.",CONFIRMED,,,,Space Command (Australia),Wikipedia (citing Australian Department of Defence),2026,https://en.wikipedia.org/wiki/Space_Command_(Australia),Australian input — institutional capacity and command arrangements for the space domain,2026-07-18,Custodian validation pending
EV-AUINPUTS-02,au-inputs,,FACT,Medium,"Space Command was reorganised under Joint Capabilities Group in July 2023 in response to the 2023 Defence Strategic Review, reporting to Chief of Joint Capabilities as Space Domain Lead, with No. 1 Space Surveillance Unit transferring from the RAAF to Space Command; Major General Greg Novak assumed command on 13 December 2023, succeeding Air Vice-Marshal Catherine Roberts.",CONFIRMED,,,,Space Command (Australia),Wikipedia (citing Defence sources),2026,https://en.wikipedia.org/wiki/Space_Command_(Australia),"Australian input — organisational posture partners must interface with (joint, not single-service)",2026-07-18,Custodian validation pending
EV-AUINPUTS-03,au-inputs,,FACT,Medium,"The 2023 Defence Strategic Review moved space into a joint and integrated context, stated that space command 'needs to be re-postured inside Defence to maximise its effectiveness', called for 'a centralised space domain capability development and management function, and a method for building and sustaining a trained Defence Space workforce', and concluded 'at this stage, there is no need to generate a separate Space Force'.",CONFIRMED,,,,"A higher place for space in the defence strategic review (Malcolm Davis, 8 May 2023)",ASPI The Strategist,2023-05,https://www.aspistrategist.org.au/a-higher-place-for-space-and-the-defence-strategic-review/,Australian input — authoritative strategic guidance on space organisation and workforce gap,2026-07-18,Custodian validation pending
EV-AUINPUTS-04,au-inputs,,FACT,Medium,"The Defence Space Strategy, released in March 2022, committed around $7 billion of investment this decade to assure access to space, space services and geospatial information, and set the objective of a Defence space architecture that is resilient, can be reconstituted if compromised, and defended if under attack.",CONFIRMED,,,,Defence Space Strategy,Royal Australian Air Force / Department of Defence,2022-03,https://www.airforce.gov.au/our-work/strategy/defence-space-strategy,Australian input — foundational statement of defence space priorities including reconstitution ambition,2026-07-18,Custodian validation pending
EV-AUINPUTS-05,au-inputs,,FACT,Medium,"The Space Power eManual (Light-Speed Edition, published 2022 by Defence Space Command via Air Force) is the foundational Defence reference on the employment of space power, intended to support training and education and to situate space power within the Australian strategic context.",CONFIRMED,,,,Space Power eManual - Light-Speed Edition v1.0,Defence Space Command / Royal Australian Air Force,2022-09,https://www.airforce.gov.au/sites/default/files/2022-09/213304_space_power_emanual_v1.0a[1].pdf,Australian input — doctrinal foundation a partner would align terminology and concepts with,2026-07-18,Custodian validation pending
EV-AUINPUTS-06,au-inputs,,FACT,Medium,"The Defence Space Strategy 2022 acknowledges it lacks the detailed 'what', 'how' and 'when' required for execution and deferred specifics to an unpublished space program roadmap; planned investments included up to $7 billion through 2030 for sovereign military SATCOM, up to $2 billion through 2038 for space situational awareness, and $3.1-4.5 billion for SATCOM assurance and contested space operations from 2027 onwards.",CONFIRMED,,,,"The state of Australian defence space strategy (George Henneke, 17 January 2024)",ASPI The Strategist,2024-01,https://www.aspistrategist.org.au/the-state-of-australian-defence-space-strategy/,Australian input — funding envelopes and acknowledged execution gap in the strategy itself,2026-07-18,Custodian validation pending
EV-AUINPUTS-07,au-inputs,,FACT,High,"The 2024 Integrated Investment Program plans $9-12 billion for enhanced space capabilities through to 2033-34 (up from the $7 billion in the 2020 Force Structure Plan), covering resilient satellite communications, surveillance and reconnaissance, and improved space domain awareness and control, within a $330 billion decade-long program.",,,,,"National Defence Strategy: a missed opportunity for space (Malcolm Davis, 23 April 2024); corroborated by 2024 IIP media release search results",ASPI The Strategist / Australian Defence Ministers,2024-04,https://www.aspistrategist.org.au/national-defence-strategy-a-missed-opportunity-for-space/,Australian input — headline funded space priorities in current force design,2026-07-18,Custodian validation pending
EV-AUINPUTS-08,au-inputs,,FACT,Medium,"The 2024 IIP commits to 'measures to enhance Defence's space control capability to deny attempts to interfere with, or attack, Australia's use of the space domain', and the 2024 NDS characterises space primarily as a 'critical enabler of military operations, supporting communications, targeting and situational awareness'.",,,,,"National Defence Strategy: a missed opportunity for space (Malcolm Davis, 23 April 2024)",ASPI The Strategist (quoting 2024 NDS/IIP),2024-04,https://www.aspistrategist.org.au/national-defence-strategy-a-missed-opportunity-for-space/,"Australian input — declared space control ambition, a sensitive area for partnership scoping",2026-07-18,Custodian validation pending
EV-AUINPUTS-09,au-inputs,,TO_VERIFY,Medium,"Per ASPI's reading of the 2024 IIP, only about $590 million of the $9-12 billion planned space investment was actually approved for enhanced space capabilities through 2034, and the NDS/IIP omitted national space-launch capability and commercial space sector integration.",,,,,"National Defence Strategy: a missed opportunity for space (Malcolm Davis, 23 April 2024)",ASPI The Strategist,2024-04,https://www.aspistrategist.org.au/national-defence-strategy-a-missed-opportunity-for-space/,Constraint — gap between planned and approved funding limits what Australia can bring to a partnership near-term,2026-07-18,Custodian validation pending
EV-AUINPUTS-10,au-inputs,,FACT,High,"Lockheed Martin was announced as preferred tenderer for JP9102 Phase 1 (sovereign GEO military SATCOM, estimated ~US$5 billion / reported ~A$7 billion) on 3 April 2023; Defence announced cancellation on 4 November 2024, stating a single-orbit GEO-based satellite communications system would not meet strategic priorities given accelerating space technologies and evolving threats, and that a multi-orbit (LEO/MEO/GEO) capability would instead be prioritised for resilience.",,,,,Australia abandons $5 billion geostationary satellite program to explore 'multi-orbit' options; Defence media release 'Defence to prioritise resilient satellite communications capability' (4 Nov 2024),SpaceNews / Australian Department of Defence,2024-11,https://spacenews.com/australia-abandons-7-billion-geostationary-satellite-program-to-explore-multi-orbit-options/,Australian input — sovereign military SATCOM remains an unfilled priority gap; multi-orbit resilience is the stated requirement,2026-07-18,Custodian validation pending
EV-AUINPUTS-11,au-inputs,,FACT,Medium,"As of mid-2025 no formal replacement project for JP9102 had been adopted: Defence (under SPA9102, which holds only First Pass approval) issued a Request for Information limited to narrowband SATCOM closing 11 August 2025, stated 'Defence must instead prioritise a multi-orbit capability increasing resilience for the Australian Defence Force', and the ADF meanwhile relies on hosted payloads on Optus C-1 and Intelsat IS-22 plus access to the US Wideband Global SATCOM constellation.",,,,,Defence re-visits JP9102 (27 June 2025),Australian Defence Magazine,2025-06,https://www.australiandefence.com.au/defence/cyber-space/defence-re-visits-jp9102,"Dependency — interim SATCOM depends on US WGS and commercial hosts, defining the near-term partnership need",2026-07-18,Custodian validation pending
EV-AUINPUTS-12,au-inputs,,FACT,Medium,"JP9360 (Space Domain Awareness), launched July 2020, consolidated six earlier projects (including AIR 3029 Ph 2) into a tranche-based program with rolling approvals roughly every two years, seeking a distributed, multi-technology, multi-layered capability for threat warning, attribution, detection, tracking and characterisation of space objects; Tranche 1 centred on the Space Surveillance Telescope at Exmouth WA.",,,,,Defence rethinks space surveillance roadmap (9 September 2021) and JP9360 to provide a sharp focus on space,Australian Defence Magazine,2021-09,https://www.australiandefence.com.au/defence/cyber-space/defence-rethinks-space-surveillance-roadmap,Australian input — sovereign space domain awareness program of record and its stated capability goals,2026-07-18,Custodian validation pending
EV-AUINPUTS-13,au-inputs,,FACT,High,"The US, UK and Australia announced the trilateral Deep Space Advanced Radar Capability (DARC) on 1-2 December 2023 under a Memorandum of Understanding (reported duration 22 years), with the first site at Exmouth, Western Australia targeted to be operational by 2026, UK and US sites by end of decade, Northrop Grumman as developer; DARC is publicly presented as a component of AUKUS Pillar 2 advanced capabilities and provides all-weather 24/7 tracking of objects out to geosynchronous orbit.",,,,,"US, UK, Australia Agree to New Space Tracking System (8 December 2023)",Air & Space Forces Magazine (corroborated by Nautilus Institute and SpaceNews),2023-12,https://www.airandspaceforces.com/us-uk-australia-agree-new-space-tracking-system/,Instrument/forum — the concrete AUKUS-badged trilateral space instrument Australia hosts; Australian value proposition (geography),2026-07-18,Custodian validation pending
EV-AUINPUTS-14,au-inputs,,ASSESSMENT,Low,"Hosting DARC demonstrates Australia's southern-hemisphere geographic value to allied space domain awareness, but commentary reports that costs of supporting DARC create funding pressure on the sovereign ground-based JP9360 program — indicating tension between allied hosting and sovereign SDA capability development.",,,,,"We know what's in, but what's out? Assessing the reprioritisations and the 'cuts' of the IIP and NDS (Part 4)",Defence Connect (analyst commentary),2024,https://www.defenceconnect.com.au/geopolitics-and-policy/13999-we-know-whats-in-but-whats-out-assessing-the-reprioratisations-and-the-cuts-of-the-iip-and-nds-part-4,Constraint — resource trade-off between allied contribution and sovereign SDA; Australian value proposition (geography),2026-07-18,Custodian validation pending
EV-AUINPUTS-15,au-inputs,,FACT,Medium,"Defence established a Joint PNT Directorate in April 2024 to lead development of resilient position, navigation and timing capability across Defence, in response to jamming, spoofing and anti-satellite threats to GPS reliance, spanning standards, governance, training, test and evaluation and integration of PNT resilience into future acquisitions.",,,,,Defence strengthens edge against GPS denial (25 August 2025); corroborated by Inside GNSS reporting,Australian Department of Defence,2025-08,https://www.defence.gov.au/news-events/news/2025-08-25/defence-strengthens-edge-against-gps-denial,Australian input — resilient PNT identified as a priority gap with a dedicated institutional lead,2026-07-18,Custodian validation pending
EV-AUINPUTS-16,au-inputs,,FACT,Medium,"Defence Science and Technology Group runs a 'Quantum-Assured PNT' STaR Shot to integrate emerging quantum technologies with conventional solutions so the ADF can maintain accurate PNT in the absence of GNSS signals, alongside a 'Resilient Multi-Mission Space' STaR Shot for space capability research.",,,,,Quantum-Assured PNT / Resilient Multi-Mission Space (STaR Shots),Defence Science and Technology Group,2024,https://www.dst.defence.gov.au/strategy/star-shots/quantum-assured-pnt,Australian input — sovereign R&D contribution Australia can offer partners in assured PNT and resilient space,2026-07-18,Custodian validation pending
EV-AUINPUTS-17,au-inputs,,FACT,Medium,"The Australian Space Agency's civil strategy identifies seven National Civil Space Priority Areas: communications technologies and services; position, navigation and timing infrastructure; space situational awareness and debris monitoring; leapfrog R&D; Earth observation services; robotics and automation on Earth and in space; and access to space, with an ambition for Australia to become a destination of choice for orbital launch.",,,,,About the Agency / Advancing Space: Australian Civil Space Strategy 2019-2028,Australian Space Agency,2019,https://www.space.gov.au/about-the-agency,"Australian input — civil priorities that overlap defence needs (PNT, SSA, EO, access to space) for dual-use partnership framing",2026-07-18,Custodian validation pending
EV-AUINPUTS-18,au-inputs,,FACT,High,"Gilmour Space Technologies conducted the maiden test flight of Eris — the first Australian-designed-and-built orbital-class rocket — from Bowen Orbital Spaceport, Queensland on 30 July 2025; the vehicle flew approximately 14 seconds and did not reach orbit, with a follow-up launch planned within 6-8 months; Defence contracted Gilmour in 2022 for a G-class sovereign surveillance satellite.",,,,,Gilmour Space's Eris rocket fails initial test flight from Australia; corroborated by SatNews and Australian Defence Magazine,NASASpaceFlight.com / SatNews / ADM,2025-07,https://nasaspaceflight.com/2025/07/eris-testflight1/,Australian input — sovereign launch remains nascent; reconstitution ambition currently lacks a proven domestic launch pathway,2026-07-18,Custodian validation pending
EV-AUINPUTS-19,au-inputs,,ASSESSMENT,Medium,"Australia's stated ambition for a resilient, reconstitutable space architecture is not yet matched by a funded sovereign launch or reconstitution pathway: the 2024 NDS/IIP omitted national launch capability, ASPI analysts (Davis 2024; Henneke 2024) identify no strategy for leveraging Australia's geographic launch advantages or commercial LEO capabilities, and national (whole-of-government) space strategy development was reported as on hold in 2024.",,,,,National Defence Strategy: a missed opportunity for space; The state of Australian defence space strategy,ASPI The Strategist,2024,https://www.aspistrategist.org.au/national-defence-strategy-a-missed-opportunity-for-space/,Australian input (gap) — reconstitution/launch is a priority gap a partnership could be designed to close,2026-07-18,Custodian validation pending
EV-AUINPUTS-20,au-inputs,,ASSESSMENT,Medium,"Australia's defence space architecture is structurally dependent on the United States and commercial providers for core services — wideband SATCOM via the US WGS constellation and hosted commercial payloads, and allied networks for much space situational awareness — a dependency deepened in the near term by the JP9102 cancellation.",,,,,Defence re-visits JP9102 (ADM); The state of Australian defence space strategy (ASPI); Australia is axing a $7bn military satellite project (The Conversation),Australian Defence Magazine / ASPI / The Conversation,2025,https://www.australiandefence.com.au/defence/cyber-space/defence-re-visits-jp9102,Dependency — defines the baseline reliance any new partnership would either mitigate or extend,2026-07-18,Custodian validation pending
EV-AUINPUTS-21,au-inputs,,TO_VERIFY,Low,"A 2026 National Defence Strategy and 2026 Integrated Investment Program appear to have been published (an official Defence page for them exists), but their treatment of space, and the final outcome of the SPA9102 narrowband RFI and any multi-orbit SATCOM acquisition decision, were not confirmed from accessed sources this session.",,,,,2026 National Defence Strategy and 2026 Integrated Investment Program (page identified in search; content not accessed),Australian Department of Defence,2026,https://www.defence.gov.au/about/strategic-planning/2026-national-defence-strategy-2026-integrated-investment-program,Australian input — the most current authoritative statement of space priorities still needs extraction,2026-07-18,Custodian validation pending
EV-MILSATCO-01,milsatcom-now,2,FACT,High,"On 4 November 2024 Australia's Department of Defence announced cancellation of JP9102 Phase 1 (Australian Defence Satellite Communications System), ceasing procurement with Lockheed Martin Australia, stating that 'a single orbit GEO-based satellite communications system would not meet strategic priorities' given accelerating space technologies and evolving threats.",CONFIRMED,,,,Australia abandons $7 billion geostationary satellite program to explore 'multi-orbit' options,SpaceNews (quoting Department of Defence statement of 4 Nov 2024),2024-11,https://spacenews.com/australia-abandons-7-billion-geostationary-satellite-program-to-explore-multi-orbit-options/,Constraint / baseline event that reset the entire Australian MILSATCOM opportunity landscape.,2026-07-18,Custodian validation pending
EV-MILSATCO-02,milsatcom-now,2,FACT,High,"Defence stated after cancellation that it would instead prioritise 'a resilient, multi-orbit capability for the Australian Defence Force in the future', combining LEO, MEO and GEO assets rather than an exquisite single-orbit GEO constellation.",CONFIRMED,,,,Defence re-visits JP9102,Australian Defence Magazine,2025-06,https://www.australiandefence.com.au/defence/cyber-space/defence-re-visits-jp9102,Australian value / requirement definition — multi-orbit resilience is the stated design driver for all follow-on procurement.,2026-07-18,Custodian validation pending
EV-MILSATCO-03,milsatcom-now,2,FACT,High,The original JP9102 envisaged at least two (up to three-to-five) GEO satellites delivering wideband ADF communications across the Indo-Pacific at an estimated cost of A$7 billion; Lockheed Martin Australia had been selected in April 2023.,CONFIRMED,,,,Space 9102 reincarnated,Australian Defence Magazine,2026-07,https://www.australiandefence.com.au/news/news/space-9102-reincarnated,Opportunity evidence — establishes the scale of the requirement the restructured program must still eventually satisfy.,2026-07-18,Custodian validation pending
EV-MILSATCO-04,milsatcom-now,2,TO_VERIFY,Medium,"Documents prepared for Senate estimates in early 2025 indicated Lockheed Martin had spent more than A$300 million and Defence A$102 million on JP9102 before cancellation, and that the Commonwealth assessed it had 'no liability' to compensate the businesses involved.",,,,,Lockheed Martin spent $300m on axed JP 9102 project,Space Connect / Defence Connect (reporting Senate estimates documents),2025,https://www.spaceconnectonline.com.au/industry/6499-lockheed-martin-spent-300m-on-axed-jp9102-project,"Constraint — sunk-cost and industry-trust context shaping how Defence structures the follow-on tender; figures seen only in trade-press search excerpts, not Hansard directly.",2026-07-18,Custodian validation pending
EV-MILSATCO-05,milsatcom-now,2,FACT,High,"The program was restructured and re-emerged under the identifier SPA9102: Defence issued a Request for Information on 26 June 2025 addressing 'the narrowband SATCOM component only', with an industry briefing on 10 July 2025 and RFI responses closing 11 August 2025.",CORRECTED,"All elements check out except the closing date as stated: responses were originally due 11 August 2025 (12:00pm ACT) but the RFI closing date was extended, with the tender listing (australiantenders.com.au, Tender ID 588477, Space Systems Branch RFI, published 26 June 2025) recording the actual close as 18 August 2025, 12:00 PM ACT.",,,Defence re-visits JP9102,Australian Defence Magazine,2025-06,https://www.australiandefence.com.au/defence/cyber-space/defence-re-visits-jp9102,Instrument — the RFI is the formal program restart vehicle and defines the narrowband-first sequencing.,2026-07-18,Custodian validation pending
EV-MILSATCO-06,milsatcom-now,2,FACT,Medium,"The SPA9102 narrowband RFI focused on a narrowband UHF SATCOM system with emphasis on resilience against electromagnetic interference/jamming, under a modular approach to which further capabilities can later be added.",CONFIRMED,,,,Australia's SATCOM ambitions resurge in RFI for narrowband capability,Naval Technology (GlobalData),2025-07,https://www.naval-technology.com/news/australias-satcom-ambitions-resurge-in-rfi-for-narrowband-capability/,Partner interest / requirement detail — EMI-resilient UHF narrowband is the first funded capability slice.,2026-07-18,Custodian validation pending
EV-MILSATCO-07,milsatcom-now,2,FACT,High,"On 10 July 2026, Air Vice-Marshal Martin Nussio (Head Air Defence and Space Systems) announced a Request for Tender for the SPA9102 narrowband capability would be released, with a nominal response time of approximately three months; ADM reported (17 July 2026) release expected around August 2026.",CONFIRMED,,,,Space 9102 reincarnated,Australian Defence Magazine,2026-07,https://www.australiandefence.com.au/news/news/space-9102-reincarnated,"Opportunity evidence — the live, nearest-term competitive event in the portfolio (responses due ~late 2026).",2026-07-18,Custodian validation pending
EV-MILSATCO-08,milsatcom-now,2,FACT,High,"The SPA9102 RFT scope is a UHF geostationary SATCOM capability including delivery of spacecraft, launch and introduction into service, initially a single GEO satellite with roughly 10-year service life, requiring high design maturity (COTS/MOTS bias), plus availability-based support services covering spacecraft operations, TT&C, payload control and sustainment.",,,,,Space 9102 reincarnated,Australian Defence Magazine,2026-07,https://www.australiandefence.com.au/news/news/space-9102-reincarnated,"Opportunity evidence / Australian input — defines the deliverable, service model and maturity bar bidders must meet.",2026-07-18,Custodian validation pending
EV-MILSATCO-09,milsatcom-now,2,TO_VERIFY,Medium,"An AusTender notice (ATM ID ADSS/NOT/84124/1, Department of Defence – CASG) titled 'SPA9102 Narrowband Payload Space Segment' is listed with a close date of 19 August 2026; contact spa.9102@defence.gov.au. Reported alongside a statement that SPA9102 has only First Pass Government approval and is not yet a Commonwealth procurement process.",,,,,Current ATM View - ADSS/NOT/84124/1,AusTender (Department of Defence – CASG),2026-07,https://www.tenders.gov.au/Atm/Show/285d13ae-db70-4d58-a23f-e534b43aefe7,"Instrument — official procurement channel and gate status; AusTender page returned 403 this session, details drawn from consistent search excerpts and need direct confirmation.",2026-07-18,Custodian validation pending
EV-MILSATCO-10,milsatcom-now,2,FACT,High,"Defence now structures sovereign space communications acquisition around four lines of effort — wideband SATCOM system and services, narrowband services, ground control systems, and alternative approaches to space communications — under a 'continuous capability development and delivery model' replacing discrete acquisition phases (Brigadier Hamish Ashman, Director General Space and Cyber Capability Development).",,,,,Space 9102 reincarnated,Australian Defence Magazine,2026-07,https://www.australiandefence.com.au/news/news/space-9102-reincarnated,"Instrument / opportunity evidence — the wideband and 'alternative approaches' lines remain unscoped, i.e. future addressable demand beyond the narrowband RFT.",2026-07-18,Custodian validation pending
EV-MILSATCO-11,milsatcom-now,2,FACT,High,"The 2026 National Defence Strategy and 2026 Integrated Investment Program, released 16 April 2026 ($425 billion decade-long investment plan), explicitly prioritise delivery of 'a resilient and secure multi-orbit satellite communications system'; the theatre command-and-control investment band of $14–19 billion includes resilient multi-orbit SATCOM, space sensors, space control and EW.",,,,,2026 National Defence Strategy and Integrated Investment Program,Australian Government / Defence Ministers media release,2026-04,https://www.minister.defence.gov.au/media-releases/2026-04-16/2026-national-defence-strategy-integrated-investment-program,Forum / budget instrument — the governing 2026 policy and funding decision confirming multi-orbit SATCOM as a stated national priority.,2026-07-18,Custodian validation pending
EV-MILSATCO-12,milsatcom-now,2,FACT,High,The 2026 Integrated Investment Program cites a total planned investment of A$5.2–7.2 billion in satellite communications over the next decade (compared with JP9102's estimated A$7 billion single-program cost).,,,,,Space 9102 reincarnated,Australian Defence Magazine (citing 2026 IIP),2026-07,https://www.australiandefence.com.au/news/news/space-9102-reincarnated,Opportunity evidence — quantifies the decade-long funded envelope for the SATCOM portfolio.,2026-07-18,Custodian validation pending
EV-MILSATCO-13,milsatcom-now,2,FACT,High,"On 21 November 2025 Defence announced a A$180 million contract with Intelsat (an SES subsidiary) to continue secure UHF SATCOM for the ADF and coalition partners for at least eight years, extending the IS-22 hosted UHF payload to at least 2033, including a new Australian-based antenna facility with construction expected to start in 2026 (Assistant Secretary Space Systems Michael Hunt quoted).",,,,,$180m agreement secures ADF SATCOMs through the 2030s,Space Connect (reporting Department of Defence announcement of 21 Nov 2025),2025-11,https://www.spaceconnectonline.com.au/industry/6850-180m-agreement-secures-adf-satcoms-through-the-2030s,"Instrument / dependency — the concrete 2025 bridging decision for narrowband UHF while SPA9102 matures, with sovereign ground-segment work from 2026.",2026-07-18,Custodian validation pending
EV-MILSATCO-14,milsatcom-now,2,FACT,High,"SES's press release (January 2026) states the ADF agreement secures IS-22 UHF services through at least 2033 with options extending to 2041, describes the UHF payload as having 'limited comparable capacity in the Indo-Pacific', and confirms SES will build a dedicated purpose-built antenna facility on Australian soil.",,,,,Australian Defence Force Secures Satellite Communications on SES IS-22,SES (press release),2026-01,https://www.ses.com/press-release/australian-defence-force-secures-satellite-communications-ses-22,Partner capability / dependency — corporate confirmation of duration options and sovereign ground infrastructure.,2026-07-18,Custodian validation pending
EV-MILSATCO-15,milsatcom-now,2,FACT,High,The ADF's interim wideband posture continues to rest on hosted payloads on Optus C1 and Intelsat IS-22 plus access to the US Wideband Global SATCOM (WGS) constellation — reaffirmed in ADM reporting of June 2025 and July 2026.,,,,,Defence re-visits JP9102 / Space 9102 reincarnated,Australian Defence Magazine,2026-07,https://www.australiandefence.com.au/defence/cyber-space/defence-re-visits-jp9102,Dependency — the current architecture SPA9102 must complement and eventually relieve.,2026-07-18,Custodian validation pending
EV-MILSATCO-16,milsatcom-now,2,FACT,Medium,"Defence contracted in 2022 to keep using Optus C1 (in fuel-saving inclined orbit; original end-of-life 2027) until September 2034 for A$405.5 million over 12 years, including TT&C and upgrades to Optus's Belrose satellite control centre. NOTE: latest direct evidence is 2022; no 2025-26 source re-validating C1 status was found this session beyond general 'reliance on C1' statements.",,,,,Defence to use Optus C1 satellite until 2034,iTnews,2022-04,https://www.itnews.com.au/news/defence-to-use-optus-c1-satellite-until-2034-578901,Dependency / constraint — aging sovereign-leased GEO asset underpinning interim capability; evidence is pre-2025 and flagged as dated.,2026-07-18,Custodian validation pending
EV-MILSATCO-17,milsatcom-now,2,FACT,Medium,"Australia was the first international WGS partner under a November 2007 US-Australia MOU (Joint Project 2008 Phase 4), funding the sixth WGS satellite and ground infrastructure (~A$927 million) in exchange for proportional access to constellation power/bandwidth (X and Ka bands) until 2029. NOTE: sourcing for the 2029 expiry is older trade-press material; post-2024 status of any extension was not found this session.",,,,,Network Centric Warfare: SATCOMs a work in progress,Australian Defence Magazine / US State Department MOU text,2019,https://www.australiandefence.com.au/news/network-centric-warfare-satcoms-a-work-in-progress,"Dependency / constraint — WGS access terms expire 2029, inside the SPA9102 delivery window; dated evidence, extension status unverified.",2026-07-18,Custodian validation pending
EV-MILSATCO-18,milsatcom-now,2,FACT,Medium,"SpaceX signed its first direct contract with the Australian government in about March 2025: approximately A$541,000 over 15 months to supply Starlink satellite internet services to Defence (reported as supporting connectivity modification of the RAAF KC-30A MRTT).",,,,,Defence inks first contract with Elon Musk's SpaceX,InnovationAus,2025-04,https://www.innovationaus.com/defence-inks-first-contract-with-elon-musks-spacex/,"Partner capability / opportunity evidence — first, very small direct ADF-Starlink arrangement; the KC-30A detail came from a paywalled article excerpt and merits confirmation.",2026-07-18,Custodian validation pending
EV-MILSATCO-19,milsatcom-now,2,FACT,High,"On 14 July 2025 Defence signed an agreement committing A$4 million to an Optus-led consortium (Optus, iLAuNCH Trailblazer, HEO, Inovor Technologies, with Defence Science and Technology Group) to build, launch and operate a sovereign LEO satellite — built by Inovor in Adelaide, targeted for launch in early 2028, carrying an optical communications terminal and an HEO space-imaging payload — to build sovereign expertise in optical and LEO communications.",,,,,Defence signs agreement for innovative sovereign space project,Department of Defence / Optus media release,2025-07,https://www.defence.gov.au/news-events/releases/2025-07-14/defence-signs-agreement-innovative-sovereign-space-project,Australian input / partner capability — the concrete (if modest) sovereign LEO/pLEO pathfinder feeding the 'alternative approaches' line of effort.,2026-07-18,Custodian validation pending
EV-MILSATCO-20,milsatcom-now,2,TO_VERIFY,Medium,"No open-source evidence was found this session of any announced ADF arrangement with Starshield, OneWeb/Eutelsat, or Amazon Kuiper as of 18 July 2026; targeted searches returned only US Space Force MILNET/Starshield activity and the small ADF Starlink and Optus-LEO contracts above.",,,,,Search sweep: OneWeb/Eutelsat/Viasat/Inmarsat/Starshield + ADF (multiple queries),"Multiple (SpaceNews, Breaking Defense, S&P Global search results)",2026-07,https://breakingdefense.com/2025/06/space-force-is-contracting-with-spacex-for-new-secretive-milnet-satcom-network/,Opportunity evidence — commercial pLEO space for ADF appears uncontracted at scale in public record; classified or unannounced arrangements cannot be excluded.,2026-07-18,Custodian validation pending
EV-MILSATCO-21,milsatcom-now,2,ASSESSMENT,Medium,ADM analysis (4 July 2025) argues the JP9102 cancellation and narrowband-only rescope reflect Defence budget pressure (e.g. SSN program consuming $3.9bn in 2025-26 rising toward $10bn by 2033-34) as much as the stated single-orbit vulnerability rationale — leaving wideband dependent on WGS and commercial capacity indefinitely. I assess this funding-pressure reading as credible: the 2026 IIP SATCOM envelope ($5.2-7.2bn) sits below the original single-program estimate while spreading spend over four lines of effort.,,,,,Defence backflip on JP 9102 reveals funding pressure,Australian Defence Magazine (analysis) + analyst judgement,2025-07,https://www.australiandefence.com.au/news/news/defence-backflip-on-jp-9102-reveals-funding-pressure,"Constraint — affordability, not just resilience doctrine, will shape evaluation of bids and the pace of the wideband line of effort.",2026-07-18,Custodian validation pending
EV-MILSATCO-22,milsatcom-now,2,ASSESSMENT,Medium,"Assessment: the nearest-term addressable opportunity is the SPA9102 Narrowband Payload Space Segment RFT (release ~Aug 2026, responses due ~Nov 2026, single UHF GEO bird plus launch and availability-based services) and its associated sovereign ground segment (new UHF antenna facility construction from 2026); the unscoped wideband and 'alternative space communications' lines of effort plus the 2029 WGS access horizon represent the larger follow-on demand signal through the $14-19bn theatre C2 band.",,,,,"Synthesis of ADM (17 Jul 2026), 2026 NDS/IIP release, AusTender notice, SES/Defence IS-22 announcements",Analyst synthesis of sources accessed this session,2026-07,https://www.australiandefence.com.au/news/news/space-9102-reincarnated,"Opportunity evidence — portfolio prioritisation: bid the narrowband RFT now, position for wideband/alternative-comms scoping decisions in 2027+.",2026-07-18,Custodian validation pending
EV-SDAPROGR-01,sda-programs,2,FACT,High,"JP9360 (Space Domain Awareness) was launched in July 2020, consolidating six earlier projects (AIR 3029 Ph 2, JP9350, JP9351, JP9352, JP9355, JP9356) under a rolling tranche model seeking government approval roughly every two years; Tranche 1 delivered the SST at Exmouth, Tranche 2 was to focus on ground-based optical sensors, and Tranche 3 planning included an initial C2 mission system plus additional sensors. NOTE: latest authoritative description of this roadmap is 2021-22 — it predates the 2024 change of direction.",CONFIRMED,,,,Defence rethinks space surveillance roadmap / JP9360 to provide a sharp focus on space,Australian Defence Magazine (ADM),2021-09,https://www.australiandefence.com.au/defence/cyber-space/defence-rethinks-space-surveillance-roadmap,Instrument — Australia's sovereign SDA acquisition vehicle and its tranche structure,2026-07-18,Custodian validation pending
EV-SDAPROGR-02,sda-programs,2,FACT,Medium,"On 4 November 2024 the Commonwealth terminated JP9102 (sovereign GEO Defence satcom), and in the same reporting Space Industry Association of Australia chairman Jeremy Hallett noted ""a change in direction for Space Domain Awareness (JP9360) after industry being led along for many years"" — the clearest public signal that JP9360's tranche roadmap was overtaken during 2024.",CONFIRMED,,,,Government cancels sovereign Defence satellite communications project,PS News,2024-11,https://psnews.com.au/government-cancels-sovereign-defence-satellite-communications-project/148567/,Constraint — Defence space procurement volatility undermining industry confidence in sovereign SDA acquisition,2026-07-18,Custodian validation pending
EV-SDAPROGR-03,sda-programs,2,ASSESSMENT,Medium,"No open-source evidence found of a JP9360 Tranche 2 or Tranche 3 contract award, government tranche approval, or formal program restructure announcement in 2025 or 2026; searches this session surfaced nothing authoritative on JP9360 newer than the November 2024 change-of-direction reporting. The program's current formal status (scope, budget line, tranche structure) must be treated as unconfirmed.",,,,,"Absence of results across ADM, Space Connect, Defence, AusTender searches (multiple queries, this session)",Analyst synthesis from session searches,2026-07,https://www.australiandefence.com.au/defence/cyber-space/jp9360-to-provide-a-sharp-focus-on-space,Constraint / dependency — sovereign SDA acquisition appears stalled while alliance-hosted sensors advance,2026-07-18,Custodian validation pending
EV-SDAPROGR-04,sda-programs,2,FACT,Medium,"Boeing Defence Australia teamed with ExoAnalytic Solutions (announced April 2022) to bid for JP9360 Tranche 2, offering RAAF operators exclusive Australian tasking of ExoAnalytic's global network of ~350 telescopes from an Australian command centre; no award to this team has been publicly announced since.",CONFIRMED,,,,Boeing and ExoAnalytic team up for JP9360,Australian Defence Magazine (ADM),2022-04,https://www.australiandefence.com.au/defence/cyber-space/boeing-and-exoanalytic-team-up-for-jp9360,Opportunity evidence — contractor landscape positioned for a sovereign optical-network buy that has not eventuated,2026-07-18,Custodian validation pending
EV-SDAPROGR-05,sda-programs,2,FACT,High,"DARC Site 1 is located on the northern Exmouth Peninsula WA (approx -21.905, 114.114); Northrop Grumman holds the prime integrator contract (US$341m, awarded February 2022); ground was broken October 2023; the site design comprises 27 parabolic dish antennas, with 21 constructed by late 2025.",CONFIRMED,,,,"Deep-Space Advanced Radar Capability, Site 1, Exmouth (page updated 9 May 2026)",Nautilus Institute,2026-05,https://nautilus.org/briefing-books/deep-space-advanced-radar-capability-site-1-exmouth/,Partner capability / Australian value — trilateral AUKUS deep-space radar hosted on Australian territory,2026-07-18,Custodian validation pending
EV-SDAPROGR-06,sda-programs,2,FACT,High,"US Space Force announced in February 2025 that construction at DARC Site 1 Exmouth was completed roughly three months ahead of schedule, with first antennas installed and an initial transmission test completed in September 2024; testing and mission-system integration then commenced.",CONFIRMED,,,,Space Force Finishes Construction at One Site for New Radar,Air & Space Forces Magazine,2025-02,https://www.airandspaceforces.com/space-force-deep-space-radar-australia-construction/,Partner capability — construction milestone for the highest-value SDA sensor on Australian soil,2026-07-18,Custodian validation pending
EV-SDAPROGR-07,sda-programs,2,FACT,High,"In August 2025, Northrop Grumman and USSF Space Systems Command demonstrated at DARC Site 1 the integration of multiple ground-based antennas (seven operational dishes) into a single system tracking and characterising multiple GEO satellites during a multi-week test.",CONFIRMED,,,,"Deep-Space Advanced Radar Capability, Site 1, Exmouth (updated May 2026); corroborated by USSF/executivegov reporting",Nautilus Institute / US Space Force,2026-05,https://nautilus.org/briefing-books/deep-space-advanced-radar-capability-site-1-exmouth/,Partner capability — technical maturation of DARC toward operational use,2026-07-18,Custodian validation pending
EV-SDAPROGR-08,sda-programs,2,FACT,High,"DARC was approved for Early Use capability for US Space Command in September 2025; as of May 2026, Early Use activities are conducted by the 20th Space Surveillance Squadron from the Integrated Radar Operations Center (IROC) at Eglin AFB, Florida — i.e., the Exmouth radar is currently operated remotely from the US.",,,,,Space Force Deploys DARC Early for Space Domain Awareness (5 May 2026),"ExecutiveGov, reporting US Space Force release",2026-05,https://www.executivegov.com/articles/space-force-darc-early-use-space-domain-awareness,"Dependency — early operational control sits with US units, with ADF participation still maturing",2026-07-18,Custodian validation pending
EV-SDAPROGR-09,sda-programs,2,FACT,Medium,"Full operations at DARC Site 1 Exmouth are expected in 2027; DARC Site 2 at Cawdor Barracks, Wales (UK) is scheduled for completion in February 2030, with a third US site planned — completing the trilateral AUKUS global deep-space radar network.",,,,,Space Force Finishes Construction at One Site for New Radar,Air & Space Forces Magazine,2025-02,https://www.airandspaceforces.com/space-force-deep-space-radar-australia-construction/,Forum / partner interest — AUKUS Pillar-adjacent trilateral SDA architecture timeline,2026-07-18,Custodian validation pending
EV-SDAPROGR-10,sda-programs,2,FACT,High,"The Space Surveillance Telescope (SST) at Naval Communication Station Harold E. Holt, Exmouth reached Final Operational Capability, announced by Australian Defence on 19 August 2025; a ~$17m Australian-industry-built mirror recoating facility at the site was a critical enabler of FOC, allowing on-site mirror maintenance for the telescope's life.",,,,,From New Mexico to Exmouth: Space surveillance telescope reaches crucial milestone,Australian Department of Defence,2025-08,https://www.defence.gov.au/news-events/releases/2025-08-19/from-new-mexico-exmouth-space-surveillance-telescope-reaches-crucial-milestone,Australian input / Australian value — jointly operated GEO-search telescope now fully operational with sovereign sustainment infrastructure,2026-07-18,Custodian validation pending
EV-SDAPROGR-11,sda-programs,2,FACT,High,"SST history: US-Australia agreed relocation from White Sands, New Mexico in 2013; achieved first light at Exmouth on 5 March 2020; reached Initial Operational Capability on 4 October 2022 with US operational acceptance; RAAF No. 1 Space Surveillance Unit assumed operating responsibility in early 2023.",,,,,US Space Surveillance Telescope in Australia achieves initial operational capability,US Space Force Space Operations Command,2022-10,https://www.spoc.spaceforce.mil/News/Article-Display/Article/3176245/us-space-surveillance-telescope-in-australia-achieves-initial-operational-capab,Partner capability — baseline provenance of the joint deep-space optical sensor,2026-07-18,Custodian validation pending
EV-SDAPROGR-12,sda-programs,2,FACT,High,"The C-band space surveillance radar at Harold E. Holt — the first US Space Surveillance Network sensor in the Southern Hemisphere, providing LEO catalogue maintenance and space object identification — reached Full Operational Capability in March 2017; it is now operated by RAAF 1 Space Surveillance Unit (since early 2023), with Raytheon Australia stating it operates and maintains both the C-band radar and SST at Exmouth for the RAAF and USAF.",,,,,Australia's Space Surveillance Radar reaches Full Operational Capability; We Are Space (Raytheon Australia),Australian Defence Ministers / Raytheon Australia,2017-03,https://www.minister.defence.gov.au/media-releases/2017-03-07/australias-space-surveillance-radar-reaches-full-operational-capability,Partner capability / Australian input — enduring LEO tracking node with Australian operators and industry sustainment,2026-07-18,Custodian validation pending
EV-SDAPROGR-13,sda-programs,2,TO_VERIFY,Medium,"Trade press reported (6 May 2026, citing a 1 May 2026 announcement) an expanded US-Australia space-surveillance partnership integrating DARC, the SST and a ""recently upgraded"" Holt C-band radar against Chinese/Russian counterspace threats, with USSF intent to connect Australian sensors to the Proliferated Warfighter Space Architecture by late 2026. No official Defence/USSF release confirming the C-band upgrade or PWSA integration plan was located this session.",,,,,U.S. and Australia Expand Space Surveillance Network to Counter Emerging ASAT Threats,SatNews,2026-05,https://satnews.com/2026/05/06/u-s-and-australia-expand-space-surveillance-network-to-counter-emerging-asat-threats/,Partner interest / opportunity evidence — claimed 2026 deepening of alliance SDA integration needing corroboration,2026-07-18,Custodian validation pending
EV-SDAPROGR-14,sda-programs,2,FACT,High,"The 2024 Integrated Investment Program allocates approximately $9-12 billion to the space domain over the decade to 2033-34 (within up to $32bn for space and cyber), explicitly including introduction of a deep-space advanced radar system for detection, tracking and identification of objects in deep space.",,,,,Targeting threats in the wider frontiers (2024 IIP),Australian Department of Defence,2024-04,https://www.defence.gov.au/news-events/news/2024-04-26/targeting-threats-wider-frontiers,Instrument / Australian value — funded policy commitment underwriting DARC hosting and future SDA investment,2026-07-18,Custodian validation pending
EV-SDAPROGR-15,sda-programs,2,FACT,High,"LeoLabs' West Australian Space Radar (two S-band phased-array radars, south-west WA near Collie/Bunbury) was commissioned 31 January 2023 as the company's sixth radar site, pairing with the Kiwi Space Radar (NZ) for Southern Hemisphere LEO coverage; LeoLabs Australia stated in mid-2024 the site had since been upgraded to improve coverage. No 2025-26 status update was found this session.",,,,,LeoLabs expands global radar coverage with its West Australian Space Radar; LeoLabs talks upgrading the West Australian Space Radar,SpaceNews / Space Connect,2023-01,https://spacenews.com/leolabs-expands-global-radar-coverage-with-its-west-australian-space-radar/,Partner capability / opportunity evidence — commercial LEO radar on Australian soil available for sovereign data services,2026-07-18,Custodian validation pending
EV-SDAPROGR-16,sda-programs,2,FACT,Medium,"EOS operates autonomous SDA observatories at Mount Stromlo (ACT) and Learmonth (WA) covering LEO to deep space; per its 2025 Annual Report (released April 2026), the Space Systems division transitioned focus from space domain awareness to space control, introducing its 'Atlas' capability family for space warfare applications (including dazzling/disabling and moving space objects).",,,,,"EOS 2025 Annual Report (ASX release, April 2026); EOS Space Domain Awareness page",Electro Optic Systems (ASX:EOS),2026-04,https://res.cloudinary.com/investorhub/raw/upload/v1776387356/leaf-prod/236/documents/EOS_2025_Annual_Report_jbkfj5.pdf,"Australian input / constraint — key sovereign optical-SDA supplier pivoting toward space control, with implications for sovereign sensor supply",2026-07-18,Custodian validation pending
EV-SDAPROGR-17,sda-programs,2,TO_VERIFY,Medium,"Silentium Defence built the Oculus Observatory at Swan Reach SA hosting its MAVERICK S-series passive radar for LEO tracking (backed by a $1.46m Australian Space Agency grant, announced 2021), plus an Astrosite neuromorphic sensor and SSC data partnership; however, the latest substantive open-source evidence on Oculus/space passive radar dates from 2021-22 (2024 AMOS paper on launch/re-entry support aside), and its current operational/commercial status and any JP9360 role are unconfirmed. Silentium's Avalon 2025 launch (MAVERICK Excalibur) was air/surface-focused.",,,,,World-class observatory to track space objects; South Australia's Oculus Observatory hosts passive radar,Australian Space Agency / SpaceNews,2021,https://www.space.gov.au/news-and-media/world-class-observatory-track-space-objects,Australian input — sovereign passive-radar SDA niche whose current state needs validation,2026-07-18,Custodian validation pending
EV-SDAPROGR-18,sda-programs,2,FACT,High,"In January 2026 HEO (Sydney) acquired Satellogic's NewSat-34, renamed Continuum-1, becoming the first Australian entity to own and operate a sub-metre resolution satellite, to be used as a dedicated non-Earth imaging R&D testbed; HEO also signed a three-year MoU with Astroscale (September 2025) on monitoring/servicing allied space assets and holds a Gen-2 non-Earth-imaging contract with BlackSky.",,,,,Australia Secures First Sovereign Sub-Meter Imaging Capability via Satellogic Asset Sale,SatNews / HEO,2026-01,https://news.satnews.com/2026/01/27/australia-secures-first-sovereign-sub-meter-imaging-capability-via-satellogic-asset-sale/,Australian input / opportunity evidence — sovereign space-based non-Earth imaging as an emerging SDA layer,2026-07-18,Custodian validation pending
EV-SDAPROGR-19,sda-programs,2,FACT,High,"In February 2026, HEO and UNSW Canberra Space conducted Australia's first sovereign propelled satellite rendezvous and proximity operation using Continuum-1 (supported by Defence Trailblazer funding), demonstrating manoeuvre to close range of another orbiting object and generating calibration data for Australia's ground-based SDA sensor networks.",,,,,Australia conducts first sovereign satellite rendezvous manoeuvre in major leap for space security,Space Connect,2026-02,https://www.spaceconnectonline.com.au/satellites/6967-australia-conducts-first-sovereign-satellite-rendezvous-manoeuvre-in-major-leap-for-space-security,Australian input — sovereign RPO capability directly feeding SDA sensor calibration and space-security skills,2026-07-18,Custodian validation pending
EV-SDAPROGR-20,sda-programs,2,FACT,High,"In January 2026, Defence's Advanced Strategic Capabilities Accelerator (ASCA) awarded Space Machines Company a $2.9m, 24-month contract under the Emerging and Disruptive Technologies 'Decision Advantage' program to develop the Space Threat Analysis and Response System (STARS) — an AI-enabled prototype predicting LEO close approaches, RPO windows and interference against Australian/allied spacecraft, ingesting ground-based SDA network and commercial data.",,,,,Space Machines Company awarded Defence contract to develop autonomous space threat detection system,Lot Fourteen / ASCA,2026-01,https://www.lotfourteen.com.au/news/space-machines-company-awarded-defence-contract-to-develop-autonomous-space-threat-detection-system/,Instrument / opportunity evidence — 2026 sovereign SDA decision routed through ASCA innovation contracting rather than JP9360,2026-07-18,Custodian validation pending
EV-SDAPROGR-21,sda-programs,2,ASSESSMENT,Medium,"Mid-2026 pattern: Australia's operational SDA weight rests on alliance-hosted sensors at Exmouth (SST at FOC, C-band radar, DARC in Early Use under US remote operation), while the sovereign acquisition pathway (JP9360) shows no confirmed awards since its 2020-22 roadmap; sovereign momentum has shifted to small ASCA/Trailblazer innovation contracts and commercial capability (LeoLabs, HEO, EOS), deepening near-term dependence on US mission systems and tasking for deep-space awareness.",,,,,Analyst synthesis across sources accessed this session,Analyst assessment,2026-07,https://www.executivegov.com/articles/space-force-darc-early-use-space-domain-awareness,Dependency / Australian value — net posture judgement framing partner leverage and sovereign gaps,2026-07-18,Custodian validation pending
EV-EOCONTIN-01,eo-continuity,2,FACT,High,"The Albanese government cancelled the National Space Mission for Earth Observation (NSMEO) — a ~$1.2 billion program (originally ~$1.16bn through 2039) to build four Australian EO satellites in its first phase — on 29 June 2023, citing 'budget repair'.",CONFIRMED,,,,National Space Mission for Earth Observation axed,Spatial Source,2023-06,https://www.spatialsource.com.au/national-space-mission-for-earth-observation-axed/,Constraint — removal of the planned sovereign EO capability is the origin of Australia's current continuity gap.,2026-07-18,Custodian validation pending
EV-EOCONTIN-02,eo-continuity,2,ASSESSMENT,Medium,"As of mid-2026 no successor sovereign EO satellite-build program has been announced to replace NSMEO; the government's continuity strategy instead rests on the Landsat Next core partnership, Copernicus regional data arrangements, the Japan/Himawari channel, Digital Earth Australia and commercial procurement.",,,,,"Synthesis across government sources accessed this session (GA, DISR, USGS, BoM)",Analyst judgement,2026-07,https://www.ga.gov.au/scientific-topics/space/us-australia-landsat-next-partnership,Constraint / dependency — Australia's EO continuity is entirely partnership- and market-based.,2026-07-18,Custodian validation pending
EV-EOCONTIN-03,eo-continuity,2,FACT,High,"Australia formally joined the US Landsat Next program as a core partner via a bilateral joint communique signed by Foreign Minister Wong and Secretary of State Blinken on 5 August 2024 at AUSMIN, followed by a Geoscience Australia–USGS Memorandum of Understanding signed by Alison Rose (GA Space Division Chief) and Darcee Killpack (acting Associate Director, USGS Core Science Systems).",CONFIRMED,,,,USGS and Australia formally partner for upcoming Landsat Next satellite mission,U.S. Geological Survey,2024-08,https://www.usgs.gov/news/featured-story/usgs-and-australia-formally-partner-upcoming-landsat-next-satellite-mission,Forum / partner interest — the formal instrument underpinning Australia's primary EO continuity bet.,2026-07-18,Custodian validation pending
EV-EOCONTIN-04,eo-continuity,2,FACT,High,"Australia's 2024-25 Budget committed $207.4 million over four years, then $38.2 million per year ongoing, for the Landsat Next partnership; GA news (6 Aug 2024) confirms the $207.4m over four years for developing data processing/analytics capabilities and ground station upgrades.",CONFIRMED,,,,Australia joins Landsat Next satellite program,Geoscience Australia,2024-08,https://www.ga.gov.au/news/australia-joins-landsat-next-satellite-program,Australian input — the funded quid pro quo for prioritised Landsat Next data access.,2026-07-18,Custodian validation pending
EV-EOCONTIN-05,eo-continuity,2,FACT,High,"Under the Landsat Next partnership Australia contributes an upgraded Alice Springs Ground Station, land-imaging data processing/quality assurance/distribution for approximately one-third of Earth, and new science and technology, in exchange for 'free, streamlined, prioritised, and open access' to Landsat Next's 26-band superspectral data.",CONFIRMED,,,,U.S.-Australia Landsat Next partnership,Geoscience Australia,2024-12,https://www.ga.gov.au/scientific-topics/space/us-australia-landsat-next-partnership,Australian input / Australian value — defines the exchange at the heart of the flagship arrangement.,2026-07-18,Custodian validation pending
EV-EOCONTIN-06,eo-continuity,2,FACT,High,"GA's Alice Springs ground station (operational since 1979, one of only three Landsat ground stations outside the US; two 9m antennas, a 3m and a 2.4m antenna) downlinks data from USGS Landsat, NOAA, Terra, Aqua, Copernicus Sentinel and Suomi missions, and relays Landsat command/telemetry for NASA Goddard.",CONFIRMED,,,,Our satellite and ground station network,Geoscience Australia,2024 (page undated; accessed 2026-07),https://www.ga.gov.au/scientific-topics/space/our-satellite-and-ground-station-network,Australian input / instrument — Australia's principal physical contribution across multiple partner EO systems.,2026-07-18,Custodian validation pending
EV-EOCONTIN-07,eo-continuity,2,FACT,High,Landsat Next was designed as a three-satellite constellation (launched on one vehicle in or after 2030) with 26 spectral bands and 6-day revisit versus Landsat 8/9's 11 bands and 8-day tandem revisit; NASA selected Raytheon on 13 June 2024 to build the Landsat Next Instrument Suite (LandIS).,CONFIRMED,,,,"Landsat, What's Next? (CRS Insight IN12281, updated 16 June 2025)",Congressional Research Service,2025-06,https://www.congress.gov/crs_external_products/IN/PDF/IN12281/IN12281.7.pdf,Instrument / partner capability — baseline design Australia signed up to and funded.,2026-07-18,Custodian validation pending
EV-EOCONTIN-08,eo-continuity,2,FACT,High,"The US FY2026 President's Budget request (2 May 2025) proposes restructuring Landsat Next: NASA requests $70m for Sustainable Land Imaging with no funding for Landsat Next as designed, funding studies of cheaper architectures that 'better leverage commercial capabilities' and the LandIS design; the FY2026 USGS budget requests $82m for satellite operations, a $14m cut from FY2025.",,,,,"Landsat, What's Next? (CRS Insight IN12281, updated 16 June 2025)",Congressional Research Service,2025-06,https://www.congress.gov/crs_external_products/IN/PDF/IN12281/IN12281.7.pdf,Dependency / constraint — US budget process directly threatens the mission Australia's continuity strategy is anchored to.,2026-07-18,Custodian validation pending
EV-EOCONTIN-09,eo-continuity,2,TO_VERIFY,Medium,"Reporting indexed in a 2025 Remote Sensing of Environment article states that on 15 August 2025 restructured Landsat Next requirements were disseminated, descoped to a single satellite with sensor characteristics and performance similar to Landsat 8/9 (found via search snippet only; ScienceDirect blocked direct access this session).",,,,,The next Landsat: Mission turning point?,Remote Sensing of Environment (Elsevier),2025,https://www.sciencedirect.com/science/article/pii/S0034425725004912,"Dependency — if confirmed, Australia funded a 26-band constellation but may receive a single Landsat-8/9-class satellite.",2026-07-18,Custodian validation pending
EV-EOCONTIN-10,eo-continuity,2,ASSESSMENT,Medium,"No public statement from Geoscience Australia, DISR or Australian ministers responding to the 2025 US Landsat Next restructure/descope (or renegotiating the $207.4m commitment) could be found as of 18 July 2026; GA's partnership page was last updated December 2024.",,,,,Absence of evidence across GA/DISR/minister sites and trade press searched this session,Analyst judgement,2026-07,https://www.ga.gov.au/scientific-topics/space/us-australia-landsat-next-partnership,Opportunity evidence / constraint — a live policy gap: Australia's flagship EO investment terms appear unadjusted to the US descope.,2026-07-18,Custodian validation pending
EV-EOCONTIN-11,eo-continuity,2,FACT,High,"The Copernicus Australasia Regional Data Hub, managed by Geoscience Australia in consortium with CSIRO and state governments under cooperation with ESA/the European Commission, provides Sentinel-1, -2, -3 and -5P products for Australasia, South-East Asia, the South Pacific, Indian Ocean and Australian Antarctic Territory within ~12 hours of overpass, free and open.",,,,,Copernicus Australasia Regional Data Hub (eCat record 75f4b3fd) / ESA: Australia ensured access to Sentinel data,Geoscience Australia / ESA,2025,https://ecat.ga.gov.au/geonetwork/srv/api/records/75f4b3fd-67e1-49be-8080-ef0dca33b275?language=eng,Partner capability / Australian value — Australia's institutional channel to European EO data.,2026-07-18,Custodian validation pending
EV-EOCONTIN-12,eo-continuity,2,FACT,Medium,"During 2024-25 the Copernicus Australasia Regional Data Hub was re-platformed (to GAEL Store Service) because the legacy hub was incompatible with ESA's move to the Copernicus Data Space Ecosystem; old and new hubs ran in parallel until 30 June 2025, after which synchronisation to the old hub ceased and the legacy hub and SARA portal were slated for decommissioning once archive migration completed (official copernicus.gov.au pages returned 403 to direct fetch; content accessed via search results).",,,,,Hub upgrade / Important changes to the Copernicus Australasia Regional Data Hub (updates series),Copernicus Australasia (Geoscience Australia),2025-06,https://copernicus.gov.au/hub-upgrade,Dependency — continuity of European data access required Australia to track ESA's infrastructure transition.,2026-07-18,Custodian validation pending
EV-EOCONTIN-13,eo-continuity,2,FACT,High,The Bureau of Meteorology and the Japan Meteorological Agency signed a Strategic Relationship Arrangement in Tokyo on 11 November 2024 (Dr Andrew Johnson / Takashi Mori) under which Australia participates in Himawari-10 development and funding — described as Australia's largest contribution to international meteorological satellite activities to date — and JMA will provide high-impact weather imagery over the Australian region every 2.5 minutes.,,,,,Australia and Japan to expand meteorological satellite collaboration,Meteorological Technology International,2024-11,https://www.meteorologicaltechnologyinternational.com/news/early-warning-systems/australia-and-japan-to-expand-meteorological-satellite-collaboration.html,Partner interest / Australian input — secures Australia's geostationary weather-satellite continuity beyond Himawari-8/9.,2026-07-18,Custodian validation pending
EV-EOCONTIN-14,eo-continuity,2,FACT,Medium,"Himawari-10: Mitsubishi Electric was contracted in March 2023 to build the spacecraft (L3Harris supplying primary instruments — 18-band GHMI imager and GHMS, the first hyperspectral IR sounder in the Himawari series; design life >15 years) with delivery targeted by 2029, but as of August 2025 eoPortal records the launch and operational start as postponed due to manufacturing delays.",,,,,Himawari-10,eoPortal (ESA),2025-08,https://www.eoportal.org/satellite-missions/himawari-10,Instrument / constraint — schedule slip affects BoM's next-gen capability timeline; magnitude of delay unquantified in sources found.,2026-07-18,Custodian validation pending
EV-EOCONTIN-15,eo-continuity,2,TO_VERIFY,Low,"Geoscience Australia has historically served as JAXA's cooperative data-distribution node for Oceania for ALOS data, but no Australia-specific access arrangement for ALOS-4 (launched July 2024) was found this session; JAXA's ALOS-4 distribution is proceeding via Japanese commercial providers, with PASCO (Jan 2025) and Tenchijin (Feb 2025) selected as data/service providers.",,,,,Tenchijin selected as data service provider of JAXA's ALOS-4 / JAXA Earth-graphy,SatNews / JAXA,2025-02,https://news.satnews.com/2025/02/28/tenchijin-selected-as-data-service-provider-of-jaxas-alos-4/,Partner capability / opportunity evidence — Japanese L-band SAR is a potential continuity channel but the Australian arrangement is unconfirmed.,2026-07-18,Custodian validation pending
EV-EOCONTIN-16,eo-continuity,2,FACT,High,"Digital Earth Australia switched its Sentinel-2A product stream to Sentinel-2C on 21 January 2025 (Sentinel-2C launched 5 September 2024 on the final Vega); DEA continues producing analysis-ready surface-reflectance products combining Landsat 5/7/8/9 and Sentinel-2A/B/C, calibrated for Australian conditions.",,,,,DEA now providing Sentinel-2C data / Sentinel-2C launch,Spatial Source / Geoscience Australia,2025-01,https://www.spatialsource.com.au/dea-now-providing-sentinel-2c-data/,Australian value / instrument — DEA is the operational national exploitation layer that any continuity option must feed.,2026-07-18,Custodian validation pending
EV-EOCONTIN-17,eo-continuity,2,FACT,Medium,The Australian Department of Defence has been a Maxar Direct Access Program partner since 2018 (direct tasking and downlink of Maxar imagery to its own ground station) and in June 2021 contracted Maxar for its 3D data suite and high-resolution imagery for national security missions; NOTE: the latest authoritative evidence found for this relationship dates from 2021 — current (2025-26) contract status was not confirmed this session.,,,,,Maxar's 3D Data Suite and Satellite Imagery to Support National Security Missions for the Australian Department of Defence,Maxar via Business Wire,2021-06,https://www.businesswire.com/news/home/20210624005195/en/Maxars-3D-Data-Suite-and-Satellite-Imagery-to-Support-National-Security-Missions-for-the-Australian-Department-of-Defence,Dependency / partner capability — commercial US optical imagery is an established but dated-evidence channel; recency gap flagged.,2026-07-18,Custodian validation pending
EV-EOCONTIN-18,eo-continuity,2,FACT,Medium,"Planet Labs announced in June 2024 an expanded contract with the Government of New South Wales (through partner NGIS) supporting emergency response, climate change response, urban planning and biodiversity — a state-level, not federal, procurement (accessed via search results; press page not fetched directly).",,,,,Planet's Expanded Contract with Government of New South Wales Supports Emergency and Climate Change Response,Planet Labs via Business Wire,2024-06,https://www.businesswire.com/news/home/20240620582448/en/Planets-Expanded-Contract-with-Government-of-New-South-Wales-Supports-Emergency-and-Climate-Change-Response,Opportunity evidence — sub-national commercial EO procurement operating below the federal continuity framework.,2026-07-18,Custodian validation pending
EV-EOCONTIN-19,eo-continuity,2,FACT,High,"On 27 January 2026 Australian company HEO acquired full title to Satellogic's in-orbit sub-metre satellite NewSat-34 ('Amelia Earhart', renamed Continuum-1) — described as Australia's first sub-metre resolution remote-sensing satellite under sovereign control — with Satellogic providing ongoing operational support; the press release states no explicit Australian government or Defence participation in the transaction.",,,,,"Satellogic and HEO Establish Australia's First Sovereign Sub-Meter Capability, Through Sale of NewSat-34",Satellogic (press release),2026-01,https://satellogic.com/news/press-releases/satellogic-and-heo-establish-australias-first-sovereign-sub-meter-capability-through-sale-of-newsat-34-a-legacy-in-orbit-satellite/,"Opportunity evidence / Australian input — a novel buy-in-orbit route to sovereign imaging capability, currently commercial rather than government-led.",2026-07-18,Custodian validation pending
EV-EOCONTIN-20,eo-continuity,2,TO_VERIFY,Low,"Defence project DEF799 (Australian Geospatial-Intelligence Organisation lead) was established from the 2016 Defence White Paper to give Australia direct, timely access to commercial imaging satellites; no authoritative source newer than 2016-17 on DEF799 Phase 2 status was found this session, and no confirmed ICEYE-Australia government SAR agreement was found (ICEYE lists an Australian office but its published sovereign-mission customers are European).",,,,,Defence Intelligence Group — DEF799 satellites / ICEYE Missions,Australian Department of Defence / ICEYE,2017 (page undated; accessed 2026-07),https://www.defence.gov.au/AGO/geoint-def799-satellites.htm,Dependency / constraint — classified-adjacent Defence commercial-EO arrangements are the least visible layer of the continuity picture.,2026-07-18,Custodian validation pending
EV-EOCONTIN-21,eo-continuity,2,ASSESSMENT,Medium,"Australia's mid-2026 EO continuity posture is a layered dependency structure — US civil (Landsat Next, under restructure risk), EU (Copernicus via CDSE-aligned regional hub), Japan (Himawari-10 delayed; ALOS channel unclear), and commercial (Maxar DAP, state-level Planet, emergent HEO sovereign sub-metre) — with the US FY2026 budget descope of Landsat Next the single largest near-term risk to the value of Australia's flagship $207.4m continuity investment.",,,,,Synthesis of sources accessed this session,Analyst judgement,2026-07,https://www.congress.gov/crs_external_products/IN/PDF/IN12281/IN12281.7.pdf,"Constraint / opportunity evidence — frames where Australian hedging (European, Japanese, commercial) would add most resilience.",2026-07-18,Custodian validation pending
EV-RESILIEN-01,resilient-pnt,2,FACT,High,"SouthPAN early Open Services have been live since September 2022, comprising three services (L1 SBAS, DFMC SBAS, and Precise Point Positioning via SouthPAN), delivering accuracy 'as little as 10 centimetres' across mainland Australia, New Zealand and both nations' EEZs; page current as of May 2026.",CONFIRMED,,,,Southern Positioning Augmentation Network (SouthPAN),Geoscience Australia,2026-05,https://www.ga.gov.au/scientific-topics/positioning-navigation/positioning-australia/about-the-program/southpan,Australian value / instrument — sovereign(-shared) augmentation infrastructure Australia brings to regional PNT resilience.,2026-07-18,Custodian validation pending
EV-RESILIEN-02,resilient-pnt,2,FACT,High,"The Australian Government has committed A$1.4 billion over ~20 years to SouthPAN; Lockheed Martin Australia was awarded the prime contract (A$1.18 billion over 19 years, September 2022) to build ground infrastructure and deliver services, with Inmarsat to broadcast from an I-8 satellite beginning 2027.",CONFIRMED,,,,Southern Positioning Augmentation Network (SouthPAN); Lockheed Martin Awarded SouthPAN Contract,Geoscience Australia / Lockheed Martin,2026-05,https://www.ga.gov.au/scientific-topics/positioning-navigation/positioning-australia/about-the-program/southpan; https://www.lockheedmartin.com/en-us/news/features/2022/lockheed-martin-awarded-southpan-contract.html,"Instrument / Australian input — funded program of record with US prime, anchoring Australia's augmentation layer.",2026-07-18,Custodian validation pending
EV-RESILIEN-03,resilient-pnt,2,FACT,Medium,"SouthPAN ICAO-certifiable Safety-of-Life services are planned for 2028; the program passed its Critical Design Review in 2025, and a second GEO payload (SGP-02, procurement initiated May 2023) is planned for commissioning around late 2028.",CONFIRMED,,,,SouthPAN program pages and CDR milestone reporting,Geoscience Australia / GeoConnexion (trade press),2025,https://www.ga.gov.au/scientific-topics/positioning-navigation/positioning-australia/about-the-program/southpan; https://www.geoconnexion.com/news/southpan-satellite-navigation-program-successfully-passes-critical-design-review-milestone,Instrument — timeline evidence for when certified high-integrity services become dependable for civil-military users.,2026-07-18,Custodian validation pending
EV-RESILIEN-04,resilient-pnt,2,FACT,High,"The FrontierSI ANCHOR report (Feb 2026) states that SouthPAN 'relies on GPS data as essential input', and that SouthPAN Safety-of-Life coverage excludes northern Australia (per Geoscience Australia's coverage map) because of equatorial ionisation anomaly effects such as storm-enhanced plasma bubbles causing scintillation and loss-of-lock.",CONFIRMED,,,,"Australia's Navigation and Timing Challenges on Hazards, Operations, and Resilience (ANCHOR)",FrontierSI,2026-02,https://frontiersi.com.au/wp-content/uploads/2026/02/FrontierSI_ANCHOR_Report_Feb_2026.pdf,Constraint / dependency — SouthPAN inherits GPS dependence and has a coverage gap precisely in Australia's strategically critical north.,2026-07-18,Custodian validation pending
EV-RESILIEN-05,resilient-pnt,2,ASSESSMENT,Medium,"SouthPAN is a civil augmentation system, not a hardened military PNT capability: its defence relevance is as a dual-use integrity/accuracy layer for benign environments and logistics, but its GPS dependence and unprotected signals mean it does not provide assured PNT for the ADF in contested (jammed/spoofed) environments.",,,,,Analyst judgement drawing on Geoscience Australia program pages and FrontierSI ANCHOR (Feb 2026),Analyst (this study),2026-07,https://www.ga.gov.au/scientific-topics/positioning-navigation/positioning-australia/about-the-program/southpan,Constraint / Australian value — bounds what SouthPAN contributes to ADF resilient PNT versus civil resilience.,2026-07-18,Custodian validation pending
EV-RESILIEN-06,resilient-pnt,2,FACT,High,"Australian Defence's Joint PNT Directorate conducted live GPS-denial testing during Exercise Talisman Sabre 2025, and Joint Capabilities Group (LTGEN Susan Coyle) describes the ADF approach as multi-layered PNT 'fusing a diversity of sources across space-based, terrestrial, inertial, environmental, and advanced timing sources', with a Defence Time System for assured timing and quantum sensors/optical clocks advanced through AUKUS and ASCA.",CONFIRMED,,,,PNT assurance in the age of NAVWAR (10 Feb 2026),"Spatial Source (trade press, quoting Defence)",2026-02,https://www.spatialsource.com.au/pnt-assurance-in-the-age-of-navwar/,Partner capability / Australian input — evidences an active ADF NAVWAR test-and-integrate program and its architecture philosophy.,2026-07-18,Custodian validation pending
EV-RESILIEN-07,resilient-pnt,2,TO_VERIFY,Medium,"The Joint PNT Directorate was established in April 2024 as a ~17-person team of ADF and APS staff, and its Talisman Sabre 2025 GPS-denial trials were conducted at RAAF Base Tindal and Delamere Air Weapons Range under an 'inform, toughen, augment' approach.",,,,,Defence strengthens edge against GPS denial (25 Aug 2025) — content obtained via search summary; direct fetch of defence.gov.au timed out this session,Australian Department of Defence,2025-08,https://www.defence.gov.au/news-events/news/2025-08-25/defence-strengthens-edge-against-gps-denial,"Partner capability — establishment date, scale and test locations of the ADF's dedicated PNT organisation; details need direct confirmation.",2026-07-18,Custodian validation pending
EV-RESILIEN-08,resilient-pnt,2,FACT,Medium,"Project JP9380 'Assured PNT in a Contested Environment' aims to provide assured PNT to the ADF; Phase 1 includes establishing a Navigation Warfare Centre and developing a multi-layered PNT strategy, with DSTG supporting requirement quantification and evaluation of PNT systems through lab testing, analysis and field trials, and exploring quantum sensors, digital FOG INS and multi-sensor/multi-platform exploitation.",CONFIRMED,,,,"Australian Defence Force (ADF) navigation warfare capability (project page; direct fetch returned 403 this session, content via search)",Defence Science and Technology Group (DSTG),n.d. (page undated; corroborated by 2025-2026 reporting),https://www.dst.defence.gov.au/projects/australian-defence-force-adf-navigation-warfare-capability,Instrument — the ADF's formal acquisition/S&T vehicle for assured PNT.,2026-07-18,Custodian validation pending
EV-RESILIEN-09,resilient-pnt,2,FACT,Medium,"A US Space Force multinational Project Arrangement effective December 2020 authorises loan of M-code-capable MGUE Increment 1 receiver cards to partner nations (initially Canada, France, Germany, South Korea, UK) for laboratory and field testing; Australia (with Italy, Netherlands, Sweden) expressed interest/intent to join in 2021. No newer open-source confirmation of Australia's current M-code receiver fielding status was found this session.",,,,,Military GPS testing to go forward as U.S. Space Force lends allies M-Code receivers; Military GPS user equipment capability heads to allies,Military Embedded Systems / GPS World / SpaceNews,2021,https://militaryembedded.com/comms/satellites/military-gps-testing-to-go-forward-as-us-space-force-lends-allies-m-code-receivers,"Dependency / forum — Australia's pathway to M-code runs through a US-controlled multinational arrangement; evidence is dated (2021), flagged accordingly.",2026-07-18,Custodian validation pending
EV-RESILIEN-10,resilient-pnt,2,FACT,High,"The final GPS III satellite (SV10) launched 21 April 2026, bringing the operational GPS constellation to 32 satellites — all ten GPS III vehicles broadcasting M-code — and Lockheed Martin is under contract for 12 GPS IIIF satellites featuring Regional Military Protection with a claimed >60x anti-jam improvement.",,,,,"Lockheed Martin Launches GPS III Satellite, Paving the Way for Next-Generation GPS IIIF Spacecraft (21 Apr 2026); SpaceX launches final GPS III satellite",Lockheed Martin / Spaceflight Now,2026-04,"https://news.lockheedmartin.com/2026-04-21-Lockheed-Martin-Launches-GPS-III-Satellite,-Paving-the-Way-for-Next-Generation-GPS-IIIF-Spacecraft","Partner capability — the US M-code space segment Australia would draw on is now at full GPS III strength, with IIIF anti-jam growth funded.",2026-07-18,Custodian validation pending
EV-RESILIEN-11,resilient-pnt,2,FACT,Medium,"L3Harris announced in March 2026 that it has delivered more than 100,000 M-code military GPS receivers under the MGUE Increment 1 program, indicating a mature allied user-equipment supply base.",,,,,"L3Harris Military GPS Receiver Deliveries Surpass 100,000 Units (Mar 2026)",L3Harris / The Defense Post,2026-03,https://www.l3harris.com/newsroom/editorial/2026/03/l3harris-military-gps-receiver-deliveries-surpass-100000-units,"Partner capability / opportunity evidence — M-code user equipment is now produced at scale, lowering ADF adoption risk.",2026-07-18,Custodian validation pending
EV-RESILIEN-12,resilient-pnt,2,FACT,Medium,"DSTG leads a project to develop quantum technologies for secure, persistent PNT for the ADF, partnering with CSIRO, ANU and the University of Western Australia, including a planned ground-to-satellite optical quantum link (optical ground stations plus quantum light sources) for robust, secure timing synchronisation across the battlespace; DSTG also runs a 'Quantum-Assured PNT' STaR Shot (DSTG page fetch blocked this session).",,,,,Australia launches quantum research project for enhanced PNT; Quantum-Assured PNT STaR Shot,Janes / DSTG,2025,https://www.janes.com/osint-insights/defence-news/defence/australia-launches-quantum-research-project-for-enhanced-pnt; https://www.dst.defence.gov.au/strategy/star-shots/quantum-assured-pnt,Australian input / partner capability — sovereign quantum-PNT S&T niche Australia can contribute to allied resilient-PNT architectures.,2026-07-18,Custodian validation pending
EV-RESILIEN-13,resilient-pnt,2,FACT,Medium,"In September 2024 Defence announced two contracts worth A$2.7 million with Adelaide-based QuantX Labs for quantum optical atomic clocks to deliver PNT capabilities to the ADF, framed as enabling AUKUS partners' PNT development (note: evidence pre-dates 2025).",,,,,$2.7 million for cutting-edge quantum optical atomic clocks (13 Sep 2024),Australian Department of Defence,2024-09,https://www.defence.gov.au/news-events/releases/2024-09-13/27-million-cutting-edge-quantum-optical-atomic-clocks,"Instrument / Australian input — concrete Defence spend on sovereign quantum timing, linked to AUKUS Pillar 2.",2026-07-18,Custodian validation pending
EV-RESILIEN-14,resilient-pnt,2,FACT,High,"QuantX Labs launched an optical frequency comb (critical subsystem of its TEMPO.Space optical atomic clock) to orbit on 30 March 2026 aboard Exotrail's spacevan on a SpaceX launch (KAIROS mission), with the complete TEMPO.Space clock — intended to be the first optical atomic clock in orbit — planned for launch later in 2026; the demonstrator was supported by a ~A$3.7M Australian Space Agency Moon to Mars grant.",,,,,QuantX Labs Launches World-First Optical Atomic Clock Technology into Orbit,QuantX Labs,2026-03,https://quantxlabs.com/quantx-labs-launches-world-first-optical-atomic-clock-technology-into-orbit/,Australian input / opportunity evidence — Australia fielding world-leading space timing hardware relevant to GNSS-independent timing layers.,2026-07-18,Custodian validation pending
EV-RESILIEN-15,resilient-pnt,2,FACT,Medium,"QZSS currently has five operational satellites (QZS-1R, -2, -3, -4, -6); QZS-6 launched 2 February 2025, QZS-7 is scheduled for 6 August 2026 to complete the planned 7-satellite configuration (with an 11-satellite expansion announced for the late 2030s); the system serves the Asia-Oceania region with sub-metre to centimetre augmentation services (SLAS, CLAS, MADOCA-PPP) and signal authentication.",,,,,Quasi-Zenith Satellite System (accessed July 2026; single tertiary source for current status),Wikipedia (tertiary; consistent with Cabinet Office/UNOOSA material seen in search),2026-07 (accessed),https://en.wikipedia.org/wiki/Quasi-Zenith_Satellite_System,"Partner capability — Japan's regional augmentation constellation reaching design strength during the assessment window, with Oceania footprint.",2026-07-18,Custodian validation pending
EV-RESILIEN-16,resilient-pnt,2,FACT,High,"QZS-6 hosts a US Space Force space domain awareness hosted payload (the MIT Lincoln Laboratory-built SĀCHI optical sensing instrument), which achieved first light in 2025, and a second US hosted payload has been delivered/integrated for QZS-7 — establishing a working allied hosted-payload model on Japan's PNT satellites (payloads are SDA sensors, not PNT-signal payloads).",,,,,"Space Force delivers first payload for Japan's QZSS satellites; Space Force delivers second U.S. payload to be hosted on Japanese satellite; US, Japan Mark Completion of QZS-6",MIT Lincoln Laboratory / SpaceNews / ExecutiveGov,2025,https://www.ll.mit.edu/news/space-force-delivers-first-payload-japans-qzss-satellites; https://spacenews.com/space-force-delivers-second-u-s-payload-to-be-hosted-on-japanese-satellite/,"Forum / opportunity evidence — precedent for allied defence payloads hosted on regional PNT constellations, a model Australia could seek to join.",2026-07-18,Custodian validation pending
EV-RESILIEN-17,resilient-pnt,2,TO_VERIFY,Low,"Australia already participates in the QZSS ground segment (a monitoring station in Canberra is part of the QZSS monitoring network) and conducted an Australia-Japan QZSS Emergency Warning Service trial reported in 2020; no evidence of a defence-specific Australia-QZSS arrangement was found this session, and the latest Australia-specific evidence found pre-dates 2025.",,,,,QZSS (Navipedia); Australia-Japan QZSS Emergency Warning Service Trial Project (2020),ESA Navipedia / ISPRS,2020,https://gssc.esa.int/navipedia/index.php/QZSS; https://isprs-archives.copernicus.org/articles/XLIV-3-W1-2020/21/2020/isprs-archives-XLIV-3-W1-2020-21-2020.pdf,Australian input / forum — existing but dated civil hooks into QZSS that could underpin deeper PNT cooperation; current status unverified.,2026-07-18,Custodian validation pending
EV-RESILIEN-18,resilient-pnt,2,FACT,Medium,"Xona Space Systems' Pulsar LEO PNT program: production-class demonstrator Pulsar-0 has operated in orbit for over a year and has been tracked by receivers from over a dozen vendors across four continents including demonstrations in Australia; Aerospacelab is building eight production satellites, with rollout begun in early 2026 (four planned to launch in 2026, remainder 2027) toward a planned ~300-satellite constellation, and Xona holds a $4.65M AFRL demonstration contract.",,,,,Seeing Is Believing: One Year of Pulsar-0 in Orbit; Aerospacelab to build eight satellites for Xona's navigation constellation,Xona Space Systems / SpaceNews,2026,https://www.xonaspace.com/news/seeing-is-believing; https://spacenews.com/aerospacelab-to-build-eight-satellites-for-xonas-navigation-constellation/,"Opportunity evidence — commercial LEO PNT signals already demonstrably usable in Australian skies, a candidate 'augment' layer for ADF/civil resilience.",2026-07-18,Custodian validation pending
EV-RESILIEN-19,resilient-pnt,2,FACT,High,TrustPoint secured a US$4 million US Space Force SpaceWERX TACFI contract (announced May 2026) to demonstrate an end-to-end GPS-independent PNT system — four C-band LEO satellites plus four ground stations with live trilateration — with initial deployments within 12 months; no Australian involvement evidenced.,,,,,TrustPoint Secures U.S. Space Force TACFI Contract to Demonstrate End-to-End GPS-Independent PNT (12 May 2026),TrustPoint / Via Satellite / SpaceNews,2026-05,https://www.trustpointgps.com/news/trustpoint-secures-u.s.-space-force-tacfi-contract-to-demonstrate-end-to-end-gps-independent-pnt,Partner capability — US military pathfinding of commercial GPS-independent LEO PNT that the ADF could later leverage via alliance channels.,2026-07-18,Custodian validation pending
EV-RESILIEN-20,resilient-pnt,2,FACT,High,"As of February 2026 Australia 'has not formalised a national PNT strategy or policy'; the FrontierSI ANCHOR report (funded under the Department of Defence's 2024 Strategic Policy Grants Program) recommends: (1) nationally coordinated threat-driven PNT resilience requirements, (2) feasibility studies of layered PNT architectures — explicitly including terrestrial broadcast options such as eLoran and R-Mode, (3) review of policy/regulatory/standards frameworks, and (4) development of a whole-of-nation Australian PNT Strategy including steps toward a Radio Navigation Plan.",,,,,"Australia's Navigation and Timing Challenges on Hazards, Operations, and Resilience (ANCHOR) — full PDF accessed and text-extracted this session",FrontierSI,2026-02,https://frontiersi.com.au/wp-content/uploads/2026/02/FrontierSI_ANCHOR_Report_Feb_2026.pdf,"Constraint / instrument — the central policy gap: no national PNT strategy exists, and the leading Defence-funded study says one is needed.",2026-07-18,Custodian validation pending
EV-RESILIEN-21,resilient-pnt,2,FACT,Medium,"The Cyber and Infrastructure Security Centre (Home Affairs) advises that loss of access to, or deliberate/accidental manipulation of, PNT systems may constitute a material risk to critical infrastructure under the Security of Critical Infrastructure Act 2018 Risk Management Program Rules — Australia's main existing regulatory hook for PNT resilience obligations.",,,,,"PNT Factsheet for Critical Infrastructure (Nov 2024; identified via search, PDF not directly fetched this session)","Cyber and Infrastructure Security Centre, Dept of Home Affairs",2024-11,https://www.cisc.gov.au/resources-subsite/Documents/pnt-factsheet.pdf,Instrument — the only current binding-adjacent policy lever for civil PNT resilience absent a national strategy.,2026-07-18,Custodian validation pending
EV-RESILIEN-22,resilient-pnt,2,TO_VERIFY,Medium,"Australian geospatial-sector leaders are campaigning (through 2025 into 2026) for a Resilient PNT Cooperative Research Centre ('SHIELD PNT CRC') to coordinate national research on secure, hardened PNT; this remains an advocacy proposal, not a funded government decision, in sources accessed this session.",,,,,Best of 2025: The need for a Resilient PNT CRC,Spatial Source (trade press),2025,https://www.spatialsource.com.au/best-of-2025-the-need-for-a-resilient-pnt-crc/,Opportunity evidence / forum — a proposed national mechanism that could institutionalise resilient-PNT R&D; funding status unconfirmed.,2026-07-18,Custodian validation pending
EV-RESILIEN-23,resilient-pnt,2,ASSESSMENT,Medium,"The ADF's most credible mid-2026 resilient-PNT posture is a layered one now visibly under assembly — M-code access via US arrangements (space segment complete, receivers at scale), SouthPAN as a civil integrity layer, sovereign quantum timing (QuantX/DSTG) as a differentiated contribution, and LEO PNT as an emergent augment — but the absence of a national PNT strategy and of confirmed M-code fielding are the two open-source-visible weak points.",,,,,"Analyst synthesis of sources accessed this session (Defence, DSTG, Geoscience Australia, FrontierSI ANCHOR, Lockheed Martin, trade press)",Analyst (this study),2026-07,https://frontiersi.com.au/wp-content/uploads/2026/02/FrontierSI_ANCHOR_Report_Feb_2026.pdf,Australian value / constraint — net judgement mapping strengths and the two principal gaps in Australia's resilient-PNT posture.,2026-07-18,Custodian validation pending
EV-JAPANSDA-01,japan-sda-depth,2,FACT,High,"At the 12th Japan–Australia 2+2 Foreign and Defence Ministerial Consultations (Tokyo, 5 September 2025), ministers stated: ""We reiterated continued efforts in strengthening Japan–Australia cooperation in the space domain through dialogues and unit-level exchanges.""",CONFIRMED,,,,Joint Statement on the Twelfth Japan–Australia 2+2 Foreign and Defence Ministerial Consultations,Australian Department of Defence (Defence Ministers),2025-09,https://www.minister.defence.gov.au/statements/2025-09-06/joint-statement-twelfth-japan-australia-22-foreign-defence-ministerial-consultations,Instrument — the standing ministerial mandate for bilateral defence-space dialogues and unit-level exchanges,2026-07-18,Custodian validation pending
EV-JAPANSDA-02,japan-sda-depth,2,FACT,High,"At the same 12th 2+2 (5 September 2025), Japan and Australia welcomed the establishment of reciprocal liaison officer exchanges of each operations command, commencing with the dispatch of an Australian liaison officer to the Japan Joint Operations Command (JJOC) — the joint HQ (stood up March 2025) that centrally commands SDF units including those operating in the space and cyber domains.",CONFIRMED,,,,The 12th Japan-Australia 2+2 Foreign and Defence Ministerial Consultations (overview),Japan Ministry of Defense,2025-09,https://www.mod.go.jp/en/images/8ed296fb8445cf69dc54a8556b7ca83fbfe7228c.pdf,Instrument — a standing officer-exchange channel that reaches Japan's joint C2 layer over space units,2026-07-18,Custodian validation pending
EV-JAPANSDA-03,japan-sda-depth,2,FACT,Medium,"JASDF personnel participated for the first time in a multinational space defence serial during Exercise Talisman Sabre 2025 at Townsville, Australia (July 2025) — a tabletop exercise of nearly 10 nations practising procedures for collecting and analysing satellite-jamming signals and avoiding satellite collisions with debris.",CONFIRMED,,,,Japan joined multinational space defence drill in Australia (Kyodo News),Kyodo News via The Nation (Thailand),2025,https://www.nationthailand.com/blogs/news/world/40053542,Opportunity evidence — space serials in Australia-hosted exercises now include JASDF; single wire-service source,2026-07-18,Custodian validation pending
EV-JAPANSDA-04,japan-sda-depth,2,FACT,High,"Japan joined the Combined Space Operations (CSpO) Initiative in December 2023; the initiative now comprises ten members — Australia, Canada, France, Germany, Italy, Japan, New Zealand, Norway, the UK and the US.",CONFIRMED,,,,Combined Space Operations (CSpO) Initiative participation,Japan Ministry of Defense,2023-12,https://www.mod.go.jp/en/article/2023/12/f1a28c679305313e551731b1de3359249120cd14.html,Forum — Japan and Australia share the principal multinational defence-space policy forum,2026-07-18,Custodian validation pending
EV-JAPANSDA-05,japan-sda-depth,2,FACT,High,The CSpO Principals' Board convened on 17 April 2026 in Colorado Springs with senior representatives of all ten member nations including Japan and Australia; principals prioritised support to Multi-National Force–Operation Olympic Defender (MNF-OOD) and will reconvene in Oslo in December 2026.,CONFIRMED,,,,Combined Space Operations (CSpO) Initiative Principals' Board Meets to Advance Combined Operations Efforts,New Zealand Defence Force,2026-04,https://www.nzdf.mil.nz/media-centre/news/combined-space-operations-cspo-initiative-principals-board-meets-to-advance-combined-operations-efforts/,"Forum — current, operationally-focused agenda where Japan and Australia sit together at principals level",2026-07-18,Custodian validation pending
EV-JAPANSDA-06,japan-sda-depth,2,FACT,Medium,"Japan is not a member of Multi-National Force–Operation Olympic Defender: publicly announced members as of mid-2026 are the US, UK, Australia, Canada, France, Germany and New Zealand (New Zealand's membership recognised 11 April 2025); no announcement of Japanese accession was found in sources accessed this session.",CONFIRMED,,,,New Zealand joins space multinational force – Operation Olympic Defender,US Space Command,2025-04,https://www.spacecom.mil/Newsroom/News/Article-Display/Article/4154114/new-zealand-joins-space-multinational-force-operation-olympic-defender/,"Constraint — Australia is inside the operational space coalition, Japan is not, limiting operational-level bilateral integration",2026-07-18,Custodian validation pending
EV-JAPANSDA-07,japan-sda-depth,2,TO_VERIFY,Medium,"In March 2026, US Senators Cramer and Bennet introduced the Indo-Pacific Space Partnership Act of 2026, which would require the Commander of US Space Command to evaluate expanding MNF-OOD to include additional allies such as Japan and South Korea (press release seen only in search results; page returned 403 on direct access).",,,,,"Cramer, Bennet Introduce Bill to Expand Indo-Pacific Space Cooperation",Office of US Senator Kevin Cramer,2026-03,https://www.cramer.senate.gov/news/press-releases/cramer-bennet-introduce-bill-to-expand-indo-pacific-space-cooperation,Opportunity evidence — a US legislative pathway that could bring Japan into the coalition Australia already operates in,2026-07-18,Custodian validation pending
EV-JAPANSDA-08,japan-sda-depth,2,FACT,High,"Japan's Ministry of Defense issued its first Space Domain Defense Guidelines in July 2025, with pillars of battlespace awareness (satellite constellation, HGV tracking), SATCOM resilience, mission assurance (strengthened SDA, satellite protection, response/recovery), and reinforcing capabilities to disrupt an opponent's C4I; it commits Japan to a ""mutually complementary structure with our Ally and like-minded countries"".",,,,,Outline of Space Domain Defense Guidelines (provisional translation),Japan Ministry of Defense,2025-07,https://www.mod.go.jp/en/images/outline_space-domain-defense-guidelines_20250807.pdf,Partner interest — Japan's first defence-space strategy explicitly seeks complementary partners beyond the US,2026-07-18,Custodian validation pending
EV-JAPANSDA-09,japan-sda-depth,2,FACT,High,"The international-cooperation section of Japan's July 2025 Space Domain Defense Guidelines names only the United States (LEO HGV-tracking constellation collaboration, PATS participation, US Space Forces–Japan) and multilateral frameworks (Schriever Wargame, CSpO); Australia is not named anywhere in the outline.",,,,,Outline of Space Domain Defense Guidelines (provisional translation),Japan Ministry of Defense,2025-07,https://www.mod.go.jp/en/images/outline_space-domain-defense-guidelines_20250807.pdf,Constraint — Japan's space strategy is US-first; the Australia channel is subsumed under generic 'like-minded countries',2026-07-18,Custodian validation pending
EV-JAPANSDA-10,japan-sda-depth,2,FACT,Medium,"The JASDF Space Operations Group was restructured into the Space Operations Wing in March 2026 with 670 personnel (up from 310 the previous year), and Japan plans during FY2026 to upgrade it to a Space Operations Command of approximately 880 personnel led by a lieutenant general, covering space domain awareness and satellite operations.",,,,,Japan Approves Air and Space Self-Defense Force Reorganization / Japan to rename air force in nod to growing space capabilities,The Defense Post; Breaking Defense,2026-06,https://thedefensepost.com/2026/06/29/japan-air-space-defense-force/,"Partner capability — Japan's dedicated space force structure is scaling fast, creating a real counterpart for ADF space units",2026-07-18,Custodian validation pending
EV-JAPANSDA-11,japan-sda-depth,2,FACT,High,"On 26 June 2026 Japan's Diet enacted the bill amending the Ministry of Defense Establishment Act to rename the Japan Air Self-Defense Force the ""Japan Aerospace Self-Defense Force""; Breaking Defense reports the change effective 1 April 2027, while the official JASDF account says the reorganisation occurs ""in later FY2026"".",,,,,Japan to rename air force in nod to growing space capabilities,Breaking Defense,2026-06,https://breakingdefense.com/2026/06/japan-to-rename-air-force-in-nod-to-growing-space-capabilities/,Partner interest — legislated institutional elevation of space within Japan's defence organisation,2026-07-18,Custodian validation pending
EV-JAPANSDA-12,japan-sda-depth,2,FACT,High,"Japan's national SSA architecture splits roles: JAXA operates the LEO-surveillance radar at Kamisaibara Space Guard Center (Okayama), optical telescopes at Bisei Space Guard Center and the analysis system at Tsukuba (facilities renewed circa 2023, using US CSpOC data), while the national/defence SSA system is mainly developed by the Ministry of Defense — whose JASDF space unit combines data from its own deep-space (GEO-surveillance) radar near Sanyo-Onoda, Yamaguchi, with JAXA and US Space Force information.",,,,,Space Situational Awareness (SSA) System,JAXA Space Tracking and Communications Center,n.d. (accessed 2026-07),https://track.sfo.jaxa.jp/en/project/ssa.html,Partner capability — Japan brings a two-agency SSA architecture (LEO + deep space) that Australia's southern-hemisphere sensors complement,2026-07-18,Custodian validation pending
EV-JAPANSDA-13,japan-sda-depth,2,FACT,High,"Japan's MOD plans to launch its first space domain awareness (SDA) satellite in Japanese fiscal year 2026; the July 2025 Guidelines timeline shows SDA-satellite development transitioning to operation around FY2026-27, with consideration of multiple SDA satellites, more sensors and commercial SDA services, alongside continued SSA radar operation and development of an RPO demonstration satellite in GEO.",,,,,Outline of Space Domain Defense Guidelines (timeline); Kyodo reporting on FY2026 SDA satellite,Japan Ministry of Defense; Kyodo News,2025-07,https://www.mod.go.jp/en/images/outline_space-domain-defense-guidelines_20250807.pdf,"Partner capability — Japan is adding space-based deep-space SDA, raising the value of SDA data-sharing with Australia",2026-07-18,Custodian validation pending
EV-JAPANSDA-14,japan-sda-depth,2,FACT,High,"Under a December 2020 US Space Force–Japan (National Space Policy Secretariat) agreement, two US electro-optical volume-search SDA payloads built by MIT Lincoln Laboratory are hosted on QZSS satellites QZS-6 and QZS-7 (QZSS Hosted Payload program); QZS-6 with the first payload launched successfully on 2 February 2025.",,,,,Quasi-Zenith Satellite System Hosted Payload (QZSS-HP): Pathfinder to Space Domain Awareness (SDA) Partnerships (AMOS 2025),AMOS Conference / US Space Systems Command; MIT Lincoln Laboratory,2025-09,https://amostech.com/TechnicalPapers/2025/Poster/McCollum.pdf,Dependency — QZSS-hosted US payloads tie Japan's navigation constellation into allied GEO-belt SDA that Australia also consumes via US channels,2026-07-18,Custodian validation pending
EV-JAPANSDA-15,japan-sda-depth,2,FACT,High,"QZS-7 (carrying the second US-hosted SDA payload) had not launched as of 18 July 2026: its 1 February 2026 launch on H3 F9 was postponed pending investigation of the H3 F8 launch failure, and JAXA's 8 July 2026 release rescheduled the launch with a reserve period in early August 2026.",,,,,Launch Schedule of MICHIBIKI No. 7 (QZS-7) aboard H3 F9 [Rescheduled] (Addition of Reserved Launch Period),JAXA,2026-07,https://global.jaxa.jp/press/2026/07/20260708-1_e.html,Dependency/constraint — Japan's launch-vehicle reliability currently gates completion of the QZSS SSA-relevant payload architecture,2026-07-18,Custodian validation pending
EV-JAPANSDA-16,japan-sda-depth,2,FACT,High,"In September 2025 the ADF's 1 Space Surveillance Unit Commercial Data Mission Centre delivered Australia's first international Joint Commercial Operations JCO-200 course in Adelaide: a four-week course qualifying space event analysts, with eight students including two JASDF members (alongside ADF and Australian Space Agency staff).",,,,,ADF delivers first international space course,Australian Department of Defence,2025-11,https://www.defence.gov.au/news-events/news/2025-11-12/adf-delivers-first-international-space-course,"Australian input — Australia is now training JASDF space operators, concrete evidence of the 2+2 'unit-level exchanges'",2026-07-18,Custodian validation pending
EV-JAPANSDA-17,japan-sda-depth,2,FACT,High,"Japan and Australia already cooperate operationally in the US-developed Joint Commercial Operations (JCO) commercial-SDA construct: Australia contributes through the Commercial Data Mission Centre in Adelaide and participates in the Pacific Cell, which is headed by New Zealand and supported by Japan and South Korea; about 20 countries contribute across three follow-the-sun cells.",,,,,ADF delivers first international space course,Australian Department of Defence,2025-11,https://www.defence.gov.au/news-events/news/2025-11-12/adf-delivers-first-international-space-course,Forum — an existing operational (unclassified commercial-SDA) construct where Japanese and Australian space units already mesh,2026-07-18,Custodian validation pending
EV-JAPANSDA-18,japan-sda-depth,2,FACT,High,"JASDF space operators participated in USSPACECOM's multilateral SSA exercise Global Sentinel 2025 (28 April – 9 May 2025, Vandenberg SFB) alongside 30 other nations and organisations, practising SSA information-sharing; Australia was among the participating nations per the US Space Force release.",,,,,Participation in the multilateral exercise Global Sentinel 2025 hosted by USSPACECOM,Japan Air Self-Defense Force (Koku-Jieitai),2025-05,https://www.mod.go.jp/asdf/news/uploads/docs/20250512e.pdf,Forum — recurring multilateral SSA exercise where Japanese and Australian operators train side by side,2026-07-18,Custodian validation pending
EV-JAPANSDA-19,japan-sda-depth,2,FACT,Medium,"Exercise Keen Edge 24 (February 2024) — the US-Japan command post exercise in which the Australian Defence Force participated for the first time — explored space and cyberspace issues in a multi-domain environment with inputs from US Space Command, US Cyber Command and US Transportation Command; the trilateral Keen Edge 26 CPX concluded 5 February 2026, but a specific space serial in KE26 was not confirmed in sources accessed (latest confirmed space-serial evidence is 2024).",,,,,Ex. Keen Edge 24 Concludes with Trilateral Successes,US Forces Japan,2024-02,https://www.usfj.mil/Media/Press-Releases/Article-View/Article/3677748/ex-keen-edge-24-concludes-with-trilateral-successes/,Opportunity evidence — trilateral CPX series already carries space play with Australia present; recency gap flagged,2026-07-18,Custodian validation pending
EV-JAPANSDA-20,japan-sda-depth,2,ASSESSMENT,Medium,"Near-term potential: the 2+2 mandate for space 'dialogues and unit-level exchanges', Japan's FY2026 Space Operations Command stand-up, the JCO-200/Pacific Cell linkages, shared CSpO membership and the US push to evaluate Japan for MNF-OOD together make a dedicated Japan–Australia defence-space arrangement (or a space annex to existing cooperation frameworks), reciprocal space-unit exchanges, and a Japanese space serial in Talisman Sabre 2027 the most credible next steps — but no dedicated bilateral defence-space annex, arrangement or standing space dialogue is publicly evidenced as of July 2026.",,,,,Analyst synthesis of records in this evidence base,This study,2026-07,n/a — analytical judgement from sources cited above,"Opportunity evidence — where the bilateral relationship can concretely go next, and the current instrument gap",2026-07-18,Custodian validation pending
EV-USSFFORC-01,ussf-force-design,2,FACT,High,"The USSF International Partnership Strategy (June 2025) commits the service to integrate allies 'across the full spectrum of Force Design, Force Development and Force Employment' through three lines of effort — Create, Integrate, Operate — with LOE#1 explicitly 'designed to bring Allies and partners in at the beginning of the Force Design process', including developing Capability Area Designs and Mission Area Designs together with allies and combined concept design, experimentation and wargaming.",CONFIRMED,,,,U.S. Space Force International Partnership Strategy (June 2025),US Space Force (PDF mirrored by Aerospace Corp CSPS),2025-06,https://csps.aerospace.org/sites/default/files/2025-10/USSF%20International%20Partnership%20Strategy%20(June%202025).pdf,Instrument — the standing USSF policy that opens the objective-force/force-design process to allied (incl. Australian) input,2026-07-18,Custodian validation pending
EV-USSFFORC-02,ussf-force-design,2,FACT,High,"In the Strategy's foreword, CSO Gen Saltzman states he 'invited a Senior Allied Officer to assume the role of Assistant Chief of Space Operations for Future Concepts and Partnerships (ACSO/FCP)' and is 'entrusting ACSO/FCP with the responsibility to help me hold the Service accountable to the concepts defined here'; ACSO/FCP is responsible for producing the Strategy's Implementation Plan and tracking milestones, and all subordinate commands are directed to manage international activities in accordance with the Strategy.",CONFIRMED,,,,"U.S. Space Force International Partnership Strategy (June 2025), Foreword and Executive Summary",US Space Force,2025-06,https://csps.aerospace.org/sites/default/files/2025-10/USSF%20International%20Partnership%20Strategy%20(June%202025).pdf,Instrument/Australian input — defines the Senior Allied Officer's documented authority inside USSF HQ,2026-07-18,Custodian validation pending
EV-USSFFORC-03,ussf-force-design,2,FACT,High,"Air Marshal Paul Godfrey (RAF, inaugural commander of UK Space Command 2021-2024) assumed the ACSO for Future Concepts and Partnerships role on 17 June 2024, the first foreign officer ever placed on the USSF service staff (three-star equivalent), charged with advising the CSO on space superiority and resilience through international partnerships and integrating allies with USSF capability development.",CONFIRMED,,,,"Space Force Appoints First Ever Foreign Officer for Command Staff / Space Force announces space staff, international partnership",Air & Space Forces Magazine / US Space Force,2024-07,https://www.airandspaceforces.com/space-force-first-ever-foreign-officer-command-staff/,Partner interest/precedent — a non-US officer holds a named HQ post shaping future concepts; precedent for other allies seeking senior placement,2026-07-18,Custodian validation pending
EV-USSFFORC-04,ussf-force-design,2,FACT,Medium,"Godfrey remained in post as ACSO for Future Concepts and Partnerships as of 1 April 2026, when he appeared under that title in a fireside chat at the Mitchell Institute's 4th Annual Spacepower Security Forum in Washington DC; no public announcement of a successor or tour extension was found up to July 2026.",,,,,2026 Spacepower Security Forum agenda,Mitchell Institute for Aerospace Studies,2026-04,https://www.mitchellaerospacepower.org/events/2026-spacepower-security-forum/,Partner interest — confirms the Senior Allied Officer seat is still UK-held in mid-2026; relevant to any Australian aspiration to the role,2026-07-18,Custodian validation pending
EV-USSFFORC-05,ussf-force-design,2,FACT,High,"Space Futures Command — announced by Saltzman in 2024 as a fourth field command comprising a Concepts and Technologies Center, a Wargaming Center and the existing Space Warfighting Analysis Center (SWAC) — was never activated: the incoming administration halted activation in February 2025 and by October 2025 Pentagon officials stated 'Futures Command is dead', with SECAF Troy Meink declining major organizational changes.",CONFIRMED,,,,"No future for Space Futures Command, sources say",Breaking Defense,2025-10,https://breakingdefense.com/2025/10/no-future-for-space-futures-command-sources-say/,Constraint — the organization the 2025 Partnership Strategy designated to lead allied objective-force coordination no longer exists as planned,2026-07-18,Custodian validation pending
EV-USSFFORC-06,ussf-force-design,2,FACT,High,"A new headquarters staff group, SF/S9, was formally established by Saltzman memo effective 21 April 2026 to 'support the CSO in execution of the statutory responsibility to serve as the Force Design Architect for Space' — forecasting the future operating environment, developing operational concepts, maintaining force design and updating the objective force — absorbing SWAC, Task Force Futures personnel, the Chief Science Officer, Space Delta 10 and an S9 Analysis Directorate.",CORRECTED,"Core facts and quote are accurate but the absorbed-organizations list is incomplete and the establishment status is slightly overstated. The Saltzman Service Decision Memorandum (dated 31 Mar 2026) states S9 Force Design and Analysis stands up on 21 April, with the quote verbatim as '...support the CSO in execution of the statutory responsibility to serve as the Force Design Architect for Space for the Armed Forces.' Per Breaking Defense and Air & Space Forces Magazine, SF/S9 oversees/absorbs SWAC, Task Force Futures personnel, the Chief Science Officer, Space Delta 10 (Doctrine and Wargaming) and the S9 Analysis Directorate — but ALSO the Space Security and Defense Program and most Space Combat Power/innovation-and-prototyping organizations from SSC's System Delta 89 (excluding Space Safari and the Rapid Reaction branch). Additionally, the memo required SF/S9 to deliver a fully coordinated staff package to SECAF by 15 May 2026 to 'officially establish' SF/S9, and Breaking Defense (Apr 2026) reported official establishment still awaited Secretary Meink's approval — so '21 April 2026' is the memo's stand-up date on the CSO's staff, not necessarily final official establishment.",,,Space Force to Create Futures-Like Group on HQ Staff,Air & Space Forces Magazine,2026-04,https://www.airandspaceforces.com/space-force-to-create-futures-like-group-hq-staff/,Forum/Australian input — SF/S9 is now the institutional owner of the force-design process allies must plug into,2026-07-18,Custodian validation pending
EV-USSFFORC-07,ussf-force-design,2,FACT,High,"The Space Force publicly released its first objective force baseline — 'The Objective Force 2040' (104 pages) — together with 'Future Operating Environment 2040' on 15 April 2026 at the Space Foundation Space Symposium; Saltzman framed the force as 'allied by design', standing with 'partners in industry and our allies around the globe' in securing the domain, and the objective force is to be updated annually.",,,,,Two New Documents Outline Future Evolution of the U.S. Space Force,SpacePolicyOnline.com,2026-04,https://spacepolicyonline.com/news/two-new-documents-outline-future-evolution-of-the-u-s-space-force/,Opportunity evidence — the 15-year demand signal allies are invited to shape and align investments against,2026-07-18,Custodian validation pending
EV-USSFFORC-08,ussf-force-design,2,FACT,High,"The Partnership Strategy assigns named leads for allied force-design integration: 'Establish a coordination activity that integrates Allies and partners to augment the objective force' (Lead: Task Force Futures/Space Futures Command), and integrate allies into Mission Area Working Groups (MAWG) and SWAC-led International Partner Working Groups (IPWG) 'if, and when applicable' (Lead: Chief Strategy & Resourcing Officer), plus incorporation of allies into future concepts development, wargames and experiments (Lead: SFC, supported by SAF/IA, STARCOM, SSC, SDA and SpRCO).",,,,,"U.S. Space Force International Partnership Strategy (June 2025), Means section",US Space Force,2025-06,https://csps.aerospace.org/sites/default/files/2025-10/USSF%20International%20Partnership%20Strategy%20(June%202025).pdf,Australian input — the specific working-group machinery through which Australia can inject requirements into force design,2026-07-18,Custodian validation pending
EV-USSFFORC-09,ussf-force-design,2,FACT,High,"The Partnership Strategy directs Force Development tasks that go beyond consultation to resourcing: 'Integrate Allies and partners in acquisition and architecture activities that translate to investments' (Lead: SAF/SQ, supported by SDA among others); develop a 'fast track' for 'the acceptance and integration of internationally developed and invested prototypes into USSF Force Design process'; and provide input into the current, 2nd and 3rd Future Years Defense Program 'to include emerging Allied and partner capabilities'.",,,,,"U.S. Space Force International Partnership Strategy (June 2025), Means section",US Space Force,2025-06,https://csps.aerospace.org/sites/default/files/2025-10/USSF%20International%20Partnership%20Strategy%20(June%202025).pdf,"Opportunity evidence — a documented pathway for Australian-developed capabilities (e.g., SDA sensors) to be counted in US planning and budgets",2026-07-18,Custodian validation pending
EV-USSFFORC-10,ussf-force-design,2,ASSESSMENT,Medium,"With Space Futures Command cancelled and SF/S9 standing up in April 2026, the allied force-design coordination tasks the June 2025 Strategy assigned to 'Task Force Futures / SFC' most plausibly now sit with SF/S9 (which absorbed Task Force Futures and SWAC) working with ACSO/FCP — but no public document re-mapping these leads, and no published Implementation Plan for the Partnership Strategy, was located as of 18 July 2026.",,,,,Analyst judgement from IPS (June 2025) + SF/S9 establishment reporting (April 2026),Analyst synthesis (USSF/Air & Space Forces Magazine sources),2026-04,https://www.airandspaceforces.com/space-force-to-create-futures-like-group-hq-staff/,"Dependency — Australia's entry point into objective-force iteration mid-2026 runs through SF/S9 and ACSO/FCP, pending formal confirmation",2026-07-18,Custodian validation pending
EV-USSFFORC-11,ussf-force-design,2,FACT,Medium,"An Australian O-6 officer is embedded as deputy commander of U.S. Space Forces Indo-Pacific, and Australian military space personnel — liaisons and officers — are embedded in both USSF and USSPACECOM (including a space plans role) plus other commands, with Australian enlisted personnel operating wideband SATCOM within a USSF Delta, according to Brigadier Christopher Gardiner, Australia's Space and Cyber Attaché in Washington, speaking in October 2025.",,,,,Australia Is Improving Allied Space Operations,AFCEA Signal Media,2025-10,https://www.afcea.org/signal-media/international/australia-improving-allied-space-operations,"Australian input/partner capability — named seniority level of Australian embeds in US space organizations; single authoritative speaker, positions not individually published",2026-07-18,Custodian validation pending
EV-USSFFORC-12,ussf-force-design,2,FACT,High,"On 3 June 2026 in Canberra, Australia's Chief of Space and Cyber, Lieutenant General Susan Coyle, and US CSO Gen Saltzman signed a Statement of Intent 'outlining Australia's and the United States' intent to deepen cooperation in military space operations', recognising space-based capabilities as 'foundational to modern conflict'; during the same visit Saltzman attended the inaugural graduation of the ADF's Space Initial Employment Training (first ADF members to complete space operations officer and specialist courses).",,,,,"Australia, US strengthen space ties",Australian Department of Defence,2026-06,https://www.defence.gov.au/news-events/news/2026-06-03/australia-us-strengthen-space-ties,"Instrument — the current (mid-2026) bilateral service-to-service arrangement between the ADF space organization and USSF, plus partner-capability evidence (sovereign space workforce)",2026-07-18,Custodian validation pending
EV-USSFFORC-13,ussf-force-design,2,ASSESSMENT,Medium,"No 2013 'Space Framework Agreement' on defence space cooperation was identified; the documented Australia-US instrument set comprises the 2010 Space Situational Awareness Partnership statement of principles, the 2012 AUSMIN Memorandum of Understanding committing to relocation of a C-band space surveillance radar and the Space Surveillance Telescope to Australia, and the 2007 WGS MOU — with a 'Space Framework Agreement' still described as 'in development' by the US Studies Centre in August 2023.",,,,,The space between alliance and self-reliance: The evolution of the Australia-US defence space relationship,United States Studies Centre (University of Sydney),2023-08,https://www.ussc.edu.au/the-evolution-of-the-australia-us-defence-space-relationship,Instrument — corrects the framework's '2013 Space Framework Agreement?' hypothesis; latest comprehensive open review found is 2023,2026-07-18,Custodian validation pending
EV-USSFFORC-14,ussf-force-design,2,FACT,Medium,"A treaty-level 'Framework Agreement between the Government of the United States of America and the Government of Australia on Cooperation in Aeronautics and the Exploration and Use of Airspace and Outer Space for Peaceful Purposes' was signed 30 September 2025 at the 76th IAC in Sydney by Acting NASA Administrator Sean Duffy and Australian Space Agency head Enrico Palermo; it covers civil cooperation (Artemis, Earth science, aeronautics), complements the TSA, and required parliamentary treaty review expected to take four to six months in Australia.",,,,,US and Australia Sign Treaty-Level Space Framework Agreement at IAC Sydney,SatNews,2025-10,https://satnews.com/2025/10/02/us-and-australia-sign-treaty-level-space-framework-agreement-at-iac-sydney/,"Instrument — the actual 'Space Framework Agreement' now in force-track is civil, not defence; defence cooperation rides on the SoI/MOU/CSpO lattice instead",2026-07-18,Custodian validation pending
EV-USSFFORC-15,ussf-force-design,2,FACT,High,"The US-Australia Technology Safeguards Agreement, signed 26 October 2023, entered into force on 23 July 2024, providing the legal framework for US entities to conduct space launches from Australian territory while protecting US launch and satellite technology.",,,,,Technology Safeguards Agreement,"Australian Space Agency / Australian Department of Industry, Science and Resources",2024-07,https://www.space.gov.au/technology-safeguards-agreement,"Instrument/Australian value — in-force bilateral treaty enabling Australia as a launch location for US systems, including potential resilience/responsive-launch roles",2026-07-18,Custodian validation pending
EV-USSFFORC-16,ussf-force-design,2,FACT,High,"Under a Memorandum of Understanding signed 14 November 2007, Australia funded the sixth Wideband Global SATCOM satellite (WGS-6, launched August 2013; roughly A$927m programme) in exchange for assured access to a share of the whole WGS constellation's capacity, under an arrangement running to about 2029 — the canonical precedent of an ally buying into a US military space architecture rather than a single satellite.",,,,,Australia To Fund Sixth WGS Satellite / Wideband Global SATCOM programme records,Via Satellite; US State Department MOU text; Australian Department of Defence,2007-10,https://www.satellitetoday.com/government-military/2007/10/03/australia-to-fund-sixth-wgs-satellite/,Precedent — the funding-for-constellation-access model most often cited as the template for an Australian buy-in to SDA-style proliferated architectures,2026-07-18,Custodian validation pending
EV-USSFFORC-17,ussf-force-design,2,FACT,High,"The USSF Partnership Strategy itself cites the service's hosted-payload and shared-architecture precedents: partnerships on WGS, 'hosting payloads on Allied systems such as Norway's Arctic Satellite Broadband Mission (ASBM) and Japan's Quasi-Zenith Satellite System (QZSS)', SATCOM provision to NATO, the Deep Space Advanced Radar Capability (DARC) 'with the United Kingdom and Australia', and the Joint Commercial Operations (JCO) cell with multiple allies.",,,,,"U.S. Space Force International Partnership Strategy (June 2025), Introduction",US Space Force,2025-06,https://csps.aerospace.org/sites/default/files/2025-10/USSF%20International%20Partnership%20Strategy%20(June%202025).pdf,Precedent — USSF's own list of two-way hosting models (US payloads on allied buses) directly applicable to a future Australian host satellite,2026-07-18,Custodian validation pending
EV-USSFFORC-18,ussf-force-design,2,FACT,High,"DARC is a trilateral US-UK-Australia programme with radar sites in each nation sharing data; Site 1 at Exmouth, Western Australia completed construction in December 2024 (three months early) with first antennas installed and initial transmission test in September 2024, site operations expected by 2027; the UK site is expected to complete construction around February 2030 and full three-site capability around 2032.",,,,,Space Force Finishes Construction at One Site for New Radar,Air & Space Forces Magazine,2025-02,https://www.airandspaceforces.com/space-force-deep-space-radar-australia-construction/,"Australian value — Australia hosts the first node of a premier allied deep-space SDA capability, a geography-for-access contribution model; 2025-2026 'Early Use' milestones located only in secondary snippets (see open questions)",2026-07-18,Custodian validation pending
EV-USSFFORC-19,ussf-force-design,2,FACT,High,"SDA's published policy on international participation (FAQ, accessed July 2026) states it will 'work with our Allies where it is practical and makes sense', lists pathways — flying sensors, payloads and/or Optical Communication Terminals meeting SDA interoperability standards, hosting compatible ground terminal sites, teaming with US industry, and investing in proliferated-architecture technologies — and conditions any partnership on 'specific security and data information sharing standards'; no formal mechanism for an ally to purchase Transport Layer satellites or planes has been published.",,,,,Space Development Agency FAQ,Space Development Agency,"2026 (undated page, accessed 2026-07)",https://www.sda.mil/home/about-us/faq/,"Constraint/opportunity evidence — defines what allied buy-in to the proliferated architecture can currently look like: payload hosting, ground segment and standards compliance, not constellation shares",2026-07-18,Custodian validation pending
EV-USSFFORC-20,ussf-force-design,2,FACT,Medium,"SDA conducted the first space-to-ground Link 16 transmissions from Tranche 0 Transport Layer satellites on 21-27 November 2023 to a ground test site 'located within the territory of a Five Eyes partner nation' (nation withheld at that ally's request; contemporaneous reporting assessed it was likely Australia or New Zealand given INDOPACOM's interest), because FAA restrictions prevented broadcasting Link 16 into US airspace.",,,,,SDA demos first-ever space-to-ground Link 16 connection,Breaking Defense / Space Development Agency,2023-11,https://breakingdefense.com/2023/11/sda-demos-first-ever-space-to-ground-link-16-connection/,Dependency/precedent — PWSA tactical integration already exercised on Five Eyes territory; identity of host nation (Australia?) unconfirmed,2026-07-18,Custodian validation pending
EV-USSFFORC-21,ussf-force-design,2,FACT,Medium,"The Transport Layer's future is in flux: the FY26 request dropped Tranche 3 Transport Layer in favour of a $277M MILNET request (June 2025); Congress restored Tranche 3 transport funding in the FY26 defense bill (January 2026); and the FY27 request again includes no Tranche 3 Transport Layer funding, instead pivoting to a 'Space Data Network' backbone — an expanded MILNET-style hybrid military-commercial mesh — with roughly $1.6B sought under a 'proliferated LEO SATCOM' line, even as Tranche 1 launches continued (21 SDA satellites launched by SpaceX on 16 July 2026).",,,,,"Space Force shifts from SDA transport layer to new Space Data Network 'backbone' (with corroborating Via Satellite, SatNews, Spaceflight Now reporting)",Breaking Defense,2026-04,https://breakingdefense.com/2026/04/space-force-shifts-from-sda-transport-layer-to-new-space-data-network-backbone-for-orbital-relay/,"Constraint — architectural and budget instability of the very layer an ally would buy into; any Australian participation case must target the SDN construct, not legacy Tranche 3",2026-07-18,Custodian validation pending
EV-USSFFORC-22,ussf-force-design,2,FACT,Medium,"Australia participates in the two standing multinational operational frameworks: the Combined Space Operations (CSpO) initiative, a ten-nation grouping (Five Eyes plus France, Germany, Italy, Norway and Japan), and USSPACECOM's multinational force Operation Olympic Defender, which Australia (with Canada) joined in 2020; the Australian Space Operations Centre took part in the November 2024 OOD common operational picture working group with US, Canadian and UK centres.",,,,,US Olympic Defender allies seek 'common' space picture / United in Defense,Breaking Defense / US Indo-Pacific Defense Forum,2024-11,https://breakingdefense.com/2024/11/us-olympic-defender-allies-seek-common-space-picture/,Forum — the operational-level venues that sit alongside force-design mechanisms and through which Australian planning input currently flows,2026-07-18,Custodian validation pending
EV-INDIACOC-01,india-cocos-maitri,2,FACT,High,"The Third Australia-India Annual Summit was held in Melbourne 8-10 July 2026 (PMs Albanese and Modi); the joint statement's paragraph 15 'highlighted the importance of strengthening space cooperation, including industry-to-industry partnerships' and commits to deepening ISRO-Australian Space Agency collaboration.",CORRECTED,"The summit itself was held in Melbourne on 9 July 2026; 8-10 July 2026 was Modi's visit to Australia, not the summit dates. Paragraph 15's quoted phrase is verbatim-correct, but the statement 'expressed hope to further deepen collaboration' between ISRO and the ASA — softer language than 'commits to deepening'.",,,Third Australia-India Annual Summit Joint Statement,Prime Minister of Australia (pm.gov.au),2026-07,https://www.pm.gov.au/media/australia-india-joint-statement,Partner interest - leader-level endorsement of space cooperation as a strategic partnership pillar.,2026-07-18,Custodian validation pending
EV-INDIACOC-02,india-cocos-maitri,2,FACT,High,The July 2026 leaders' joint statement announced the commissioning of a 'temporary space tracking terminal on Cocos Keeling Islands' to support India's Gaganyaan human spaceflight program - the word 'temporary' is the official framing; no end date is given in any source accessed.,CONFIRMED,,,,Third Australia-India Annual Summit Joint Statement,Prime Minister of Australia (pm.gov.au),2026-07,https://www.pm.gov.au/media/australia-india-joint-statement,Instrument - the terminal is Australia's most concrete operational contribution; 'temporary' framing bounds its duration.,2026-07-18,Custodian validation pending
EV-INDIACOC-03,india-cocos-maitri,2,FACT,High,"Nova Systems (Australian company) successfully commissioned the Cocos (Keeling) Islands satellite tracking ground station under contract to ISRO, acting as project manager and continuing project-management support through future mission phases; the station forms part of ISRO's Telemetry, Tracking and Command (TT&C) network for Gaganyaan (reported 10 July 2026 by ADM; Nova/AIDN release 17 July 2026).",CORRECTED,"'Under contract to ISRO' is not supported by any source accessed — ADM, AIDN, Space Connect, and Nova Systems' own release all use partnership language ('Nova Systems Partners with ISRO', announced ~17 April 2026); none states a contract with ISRO. All other elements are accurate.",,,Nova Systems supports Indian spaceflight program / Nova Systems successfully commissions Cocos (Keeling) Islands Ground Station,Australian Defence Magazine; Australian Industry & Defence Network (AIDN),2026-07,https://www.australiandefence.com.au/news/news/nova-systems-supports-indian-spaceflight-program ; https://aidn.org.au/nova-systems-successfully-commissions-cocos-keeling-islands-ground-station-supporting-indias-gaganyaan-human-spaceflight-program/,Australian input - Australian industry delivering and sustaining ground-segment infrastructure for an Indian flagship program.,2026-07-18,Custodian validation pending
EV-INDIACOC-04,india-cocos-maitri,2,FACT,Medium,"The Cocos (Keeling) terminal is reported to provide mission-critical tracking support for all four planned ISRO Gaganyaan missions, covering communications and tracking as crews transit to a 400 km orbit for ~3-day missions with splashdown in Indian waters.",CONFIRMED,,,,Australian tracking terminal commissioned for historic Indian human spaceflight program (via search summary); India's space ambitions meet Australia's innovation power,Australian Space Agency; The Australia Today,2026-07,https://www.space.gov.au/news-and-media/australian-tracking-terminal-commissioned-for-historic-indian-human-spaceflight-program ; https://www.theaustraliatoday.com.au/indias-space-ambitions-meet-australias-innovation-power-as-modi-visit-delivers-landmark-breakthroughs/,"Dependency - the terminal's utility is tied to the Gaganyaan launch schedule; ASA page itself timed out on direct fetch (content via search extract), hence Medium.",2026-07-18,Custodian validation pending
EV-INDIACOC-05,india-cocos-maitri,2,FACT,High,"The ISRO/Department of Space - Australian Space Agency MoU dates originally to 2012 and was amended on 17 February 2021 (signed by Dr K. Sivan and Enrico Palermo); the amended MoU covers Earth observation, satellite navigation, space situational awareness and support to Gaganyaan via a transportable terminal in Australia, and designates DoS and ASA as executive organisations empowered to conclude implementing arrangements.",CONFIRMED,,,,Australia MoU for space cooperation,ISRO (isro.gov.in),2021-02,https://www.isro.gov.in/Australia%20MoU.html,Instrument - the umbrella legal framework; its SSA clause is the existing hook for any future SSA cooperation.,2026-07-18,Custodian validation pending
EV-INDIACOC-06,india-cocos-maitri,2,FACT,High,"On 20 November 2024 ISRO and the Australian Space Agency signed an Implementing Arrangement on crew and crew-module recovery for Gaganyaan, enabling Australian authorities to support search-and-rescue of crew and recovery of the crew module for ascent-phase abort contingencies near Australian waters (signed by D.K. Singh, Director HSFC, and Jarrod Powell, GM Space Capability Branch, ASA).",CONFIRMED,,,,ISRO & ASA sign Implementing Arrangement for Gaganyaan,ISRO (isro.gov.in),2024-11,https://www.isro.gov.in/ISRO_ASA_sign_Gaganyaan.html,Instrument / Australian value - operational-level MoU implementation covering contingency SAR in Australia's maritime approaches.,2026-07-18,Custodian validation pending
EV-INDIACOC-07,india-cocos-maitri,2,TO_VERIFY,Medium,"The Australian Space Agency states that Australia's Gaganyaan space-tracking support was formalised through Implementing Arrangements signed in November AND December 2024 - i.e. a second IA (December 2024) covering the tracking terminal, distinct from the crew-recovery IA; the full text/scope of the December IA was not directly accessed this session (ASA pages repeatedly timed out).",,,,,New phase of Australia-India space collaboration / International partnerships (via search extracts),Australian Space Agency,2024-12,https://www.space.gov.au/news-and-media/new-phase-australia-india-space-collaboration,Instrument - completes the MoU implementation chain; scope of the December 2024 IA needs primary-text confirmation.,2026-07-18,Custodian validation pending
EV-INDIACOC-08,india-cocos-maitri,2,FACT,High,"Space MAITRI (Mission for Australia-India's Technology, Research and Innovation) is the first dedicated Australia-India launch agreement: NewSpace India Limited will launch Space Machines Company's second Optimus spacecraft (450 kg, the largest Australian-designed-and-built spacecraft to date) on a dedicated SSLV, for a debris-management/space-sustainability and on-orbit servicing mission (agreement announced mid-2024).",,,,,Indian launch firm wins Space Machines deal; Historic signing to see India launch largest Australian-made spacecraft,Space Connect; Australian Space Agency,2024-07,https://www.spaceconnectonline.com.au/launch/6253-indian-launch-firm-wins-space-machines-deal,Opportunity evidence - flagship commercial instrument pairing Australian spacecraft capability with Indian launch.,2026-07-18,Custodian validation pending
EV-INDIACOC-09,india-cocos-maitri,2,FACT,High,Space MAITRI received an A$8.5 million grant (received May 2024) from the Australian Space Agency's International Space Investment - India Projects (ISI India Projects) program.,,,,,Indian launch firm wins Space Machines deal,"Space Connect (trade press, corroborated by ASA announcements)",2024-07,https://www.spaceconnectonline.com.au/launch/6253-indian-launch-firm-wins-space-machines-deal,Australian input - direct Australian Government funding instrument dedicated to India-partnered projects.,2026-07-18,Custodian validation pending
EV-INDIACOC-10,india-cocos-maitri,2,TO_VERIFY,Medium,"Space MAITRI's launch date is uncertain as of mid-2026: original agreements said 2026 on SSLV, but the rocketlaunch.org aggregator now lists the mission NET 2027 and Gunter's Space Page (updated March 2026) shows it unscheduled ('xx.xx.202x'); no 2026-dated authoritative statement from SMC, NSIL or ASA confirming a current launch date was found this session.",,,,,ISRO Launch Schedule (rocketlaunch.org); SSLV launch manifest (Gunter's Space Page),rocketlaunch.org; Gunter's Space Page,2026-03,https://rocketlaunch.org/launch-schedule/indian-space-research-organization ; https://space.skyrocket.de/doc_lau/sslv.htm,Constraint / dependency - apparent schedule slip to NET 2027 rests on tertiary aggregators; needs primary confirmation.,2026-07-18,Custodian validation pending
EV-INDIACOC-11,india-cocos-maitri,2,FACT,Medium,"Space MAITRI embeds Indian industry deeply: Ananth Technologies provides assembly, integration and testing (Bengaluru cleanrooms) plus launch-site fuelling, and Indian SSA company Digantara supplies an electro-optical payload integrated on Optimus to track resident space objects including debris (announced September 2024).",,,,,Space Machines Company Partners with Ananth Technologies and Digantara to Advance Space MAITRI Mission,Entrepreneur India / The Bridge Chronicle (trade press),2024-09,https://india.entrepreneur.com/news-and-trends/space-machines-company-partners-with-ananth-technologies/480040,Partner capability - industry-to-industry integration; the Digantara payload is de facto bilateral SSA cooperation in kind.,2026-07-18,Custodian validation pending
EV-INDIACOC-12,india-cocos-maitri,2,FACT,High,"LeoLabs was selected (19 November 2024) to support Space MAITRI with pre-mission and launch planning, launch and early-operations support, and safety-of-flight/tracking through the mission lifecycle - commercial SSA services underpinning the bilateral mission.",,,,,Space Machines Company Selects LeoLabs to Support Australian-Indian Space Sustainability Mission,LeoLabs,2024-11,https://leolabs.space/blog/leolabs-to-support-space-maitri-mission/,Opportunity evidence - commercial SSA layer (LeoLabs operates radar in Western Australia) linked into the India mission.,2026-07-18,Custodian validation pending
EV-INDIACOC-13,india-cocos-maitri,2,FACT,Medium,"Space Machines Company remains an active, growing partner in 2026: a SMC-led consortium won A$2.9m in Australian Government CRC-P funding (A$6m total with UTS, AMRF Bradfield and Fordyno, announced ~May 2026) for AI-driven mass-manufacturable spacecraft design, and SMC is manufacturing 'Optimus Viper' rapid-response spacecraft targeting 20+ vehicles/year from Australian facilities.",,,,,Consortium developing rapid AI-driven spacecraft manufacturing; Partnership to develop AI-driven spacecraft manufacturing,AeroTime / Technology.org / APDR (trade press),2026-05,https://www.aerotime.aero/articles/australian-consortium-ai-driven-spacecraft-manufacturing,Partner capability - the Australian industrial anchor of the bilateral commercial relationship is viable and scaling.,2026-07-18,Custodian validation pending
EV-INDIACOC-14,india-cocos-maitri,2,FACT,Medium,"Official Gaganyaan timeline as of early 2026: Minister of State (Space) Jitendra Singh stated on 21 January 2026 that the uncrewed Gaganyaan-1 (G1) mission is likely in H2 2026 (carrying the Vyommitra half-humanoid robot, ECLSS engineering model and fruit-fly biology payloads); Vyommitra spacecraft integration began 28 April 2026; a crew-module air-drop test succeeded 10 April 2026; aggregators list G1 NET September 2026 and first crewed flight (Gaganyaan-4) NET March 2027.",,,,,"Gaganyaan-1 (Wikipedia, citing official statements); ISRO Launch Schedule","Wikipedia (tertiary, citing ISRO/PIB); rocketlaunch.org",2026-04,https://en.wikipedia.org/wiki/Gaganyaan-1 ; https://rocketlaunch.org/launch-schedule/indian-space-research-organization,Dependency - Cocos terminal utilisation and Australian recovery-support commitments hinge on this schedule; tertiary sourcing hence Medium.,2026-07-18,Custodian validation pending
EV-INDIACOC-15,india-cocos-maitri,2,TO_VERIFY,Low,"Indian press reported on 7 July 2026 that ISRO Chairman V. Narayanan indicated uncrewed G1 'may now slip to the third quarter of 2027, pushing the crewed flight to 2028 or beyond', citing safety testing, human-rating demands and funding/recruitment pressures - this directly contradicts the January 2026 official H2-2026 line and was NOT confirmed via ISRO/PIB primary sources this session.",,,,,India's Gaganyaan Human Spaceflight Faces Fresh Delays Amid Safety Tests And Funding Challenges,Indian Defence News (aggregator blog),2026-07,https://www.indiandefensenews.in/2026/07/indias-gaganyaan-human-spaceflight.html,"Constraint - if true, the 'temporary' Cocos terminal must operate years longer than implied, or sit idle; needs primary confirmation.",2026-07-18,Custodian validation pending
EV-INDIACOC-16,india-cocos-maitri,2,FACT,Medium,"India's Project NETRA (ISRO's indigenous SSA network, announced 2019, ~Rs 400 crore) now comprises an SSA Control Centre in Bengaluru (2020), the Sriharikota Multi-Object Tracking Radar and a three-site optical telescope network; construction of India's first dedicated debris-tracking phased-array radar began in 2025 at Chandrapur, Assam, and ISRO published its first Indian Space Situational Assessment Report in 2024.",,,,,Project NETRA,"Wikipedia (tertiary, citing ISRO/press)",2025,https://en.wikipedia.org/wiki/Project_NETRA,Partner capability - India is building sovereign SSA that could exchange data with Australian sensors (geographic complementarity).,2026-07-18,Custodian validation pending
EV-INDIACOC-17,india-cocos-maitri,2,ASSESSMENT,Medium,"No dedicated India-Australia SSA/space-domain-awareness agreement or NETRA data-sharing arrangement with Australia was found in open sources this session; the visible foundations are the SSA clause of the amended 2021 ISRO-ASA MoU, the Digantara SSA payload flying on an Australian spacecraft, and LeoLabs' commercial tracking role - SSA cooperation is latent, not formalised.",,,,,Project NETRA; Australia MoU for space cooperation; LeoLabs MAITRI announcement (synthesis),"Analyst synthesis across ISRO, Wikipedia, LeoLabs sources",2026-07,https://en.wikipedia.org/wiki/Project_NETRA ; https://www.isro.gov.in/Australia%20MoU.html,Opportunity evidence - an SSA implementing arrangement under the existing MoU is the most obvious unexploited next step.,2026-07-18,Custodian validation pending
EV-INDIACOC-18,india-cocos-maitri,2,FACT,High,"The joint statement of the Second India-Australia Defence Ministers' Dialogue (Rajnath Singh - Richard Marles, 1 June 2026, held in India; first dialogue was 9 October 2025) contains no mention of space, space domain awareness or satellites; its domain-awareness content is exclusively maritime (Quad IPMDA, Common Operational Picture, undersea domain awareness) plus a planned Defence Articles and Services MoU.",,,,,Joint Statement on the Second India-Australia Defence Ministers' Dialogue (republished),Australian Department of Defence (via Mirage News republication; defence.gov.au fetch timed out),2026-06,https://www.miragenews.com/india-australia-defence-ministers-dialogue-1683902/,Forum / constraint - the premier bilateral defence forum is not yet carrying a space agenda.,2026-07-18,Custodian validation pending
EV-INDIACOC-19,india-cocos-maitri,2,ASSESSMENT,Medium,"As of July 2026 India-Australia space cooperation is structurally civil-and-commercial: leader-level and ASA-ISRO instruments are active and delivering (Cocos terminal, recovery IA, MAITRI), while defence-track space cooperation is absent from published dialogue outcomes - any Australian Defence space equity (e.g. SDA in the Indian Ocean region) would currently have to route through Quad mechanisms or the civil MoU rather than a bilateral defence space channel.",,,,,"Synthesis: summit joint statement, defence ministers' joint statement, ASA/ISRO instruments",Analyst synthesis,2026-07,https://www.pm.gov.au/media/australia-india-joint-statement ; https://www.miragenews.com/india-australia-defence-ministers-dialogue-1683902/,Australian value / opportunity - identifies the gap between mature civil instruments and the undeveloped defence space track.,2026-07-18,Custodian validation pending
EV-PACIFICC-01,pacific-connectivity,2,FACT,High,"As of June 2025, Starlink was operating with authorised resellers and retailers in Fiji, Tonga, Vanuatu and Solomon Islands, but governance across the 18 Pacific Islands Forum members remained a 'mixed bag', with several states not yet launched and regulatory approaches varying widely.",CONFIRMED,,,,"Starlink is transforming Pacific internet access - but in some countries it's still illegal (Watson & Chand, ANU)",The Conversation,2025-06,https://theconversation.com/starlink-is-transforming-pacific-internet-access-but-in-some-countries-its-still-illegal-257905,Partner interest - uneven Pacific regulatory uptake of LEO services defines where connectivity partnerships and governance support are sought,2026-07-18,Custodian validation pending
EV-PACIFICC-02,pacific-connectivity,2,FACT,High,"Tonga's communications regulator (MEIDECC) approved a full Starlink operating licence in December 2024, after ordering Starlink to cease unlicensed operations in July 2024 and then granting a six-month provisional permit; services are distributed via authorised resellers TokoWireless (Wantok Tonga), Digicel Tonga and Tonga Communications Corporation.",CONFIRMED,,,,Communications regulator approves Starlink operation in Tonga,Matangi Tonga,2024-12,https://matangitonga.to/2024/12/23/communications-regulator-approves-starlink-operation-tonga,"Partner interest / instrument - shows a Pacific state moving from enforcement to licensing, with incumbent telcos (incl. Telstra-owned Digicel) as reseller channel",2026-07-18,Custodian validation pending
EV-PACIFICC-03,pacific-connectivity,2,FACT,High,"PNG's National Court ruled on 24 April 2026 that the Ombudsman Commission had exceeded its powers in blocking Starlink's licence (a March 2024 directive had halted NICTA's near-complete licensing process), clearing the way for NICTA to grant operating and spectrum licences; SpaceX had disabled Starlink service to PNG on 16 December 2025 during the dispute, and service restoration was reported in early May 2026.",CONFIRMED,,,,PNG court clears the way for Starlink (with NICTA statements and RNZ reporting),Lowy Institute / RNZ / NICTA,2026-04,https://www.rnz.co.nz/news/pacific_papua-new-guinea/593514/starlink-set-to-return-to-papua-new-guinea-after-court-quashes-ban-clearing-path-for-connectivity,Constraint / partner interest - largest Pacific state's two-year legal blockage and 2026 resolution shows sovereignty and integrity-institution friction around LEO entry,2026-07-18,Custodian validation pending
EV-PACIFICC-04,pacific-connectivity,2,FACT,High,"Niue prohibits Starlink use, with authorities warning of fines or imprisonment for unauthorised use; Kacific satellite service is the legal provider in Niue.",CORRECTED,"Outdated. Niue did ban Starlink (Communications Act 1989 penalties of a fine up to $200 or up to three months' imprisonment, per PMN Aug 2024; SpaceX geo-blocked Niue from Aug 2024) and Kacific was the legal satellite provider at the time of the cited June 2025 article. However, on 19 March 2026 the Government of Niue announced approval of a temporary 12-month Spectrum and Internet Communications Licence for Starlink after it completed national regulatory requirements (gov.nu media release; RNZ), and Starlink announced service availability in Niue on 14 March 2026. As of 18 July 2026 Starlink is legally operating in Niue under that temporary licence, so the present-tense prohibition claim is no longer accurate.",,,Starlink is transforming Pacific internet access - but in some countries it's still illegal,The Conversation,2025-06,https://theconversation.com/starlink-is-transforming-pacific-internet-access-but-in-some-countries-its-still-illegal-257905,"Constraint - at least one PIF member actively excludes Starlink, preserving space for alternative providers (Kacific) and regulatory diversity",2026-07-18,Custodian validation pending
EV-PACIFICC-05,pacific-connectivity,2,FACT,High,"Nauru launched the Pacific's first Starlink community gateway in December 2024, and Kosrae (Federated States of Micronesia) deployed one in February 2025 - a model where ground infrastructure is placed in-country rather than relying solely on user terminals.",CONFIRMED,,,,Gateways and barriers to Starlink in the Pacific,Asia Times,2025-07,https://asiatimes.com/2025/07/gateways-and-barriers-to-starlink-in-the-pacific/,Partner capability / dependency - community gateways deepen structural reliance on SpaceX infrastructure in micro-states with no cable redundancy,2026-07-18,Custodian validation pending
EV-PACIFICC-06,pacific-connectivity,2,FACT,High,"After the magnitude-7.3 earthquake struck Vanuatu on 17 December 2024 and knocked out the country's sole submarine cable, more than 300 Starlink units were rapidly deployed, restoring connectivity for the National Disaster Management Office, residents, businesses and emergency services.",CONFIRMED,,,,Gateways and barriers to Starlink in the Pacific (corroborated by ETC Vanuatu Earthquake December 2024 emergency page),Asia Times / UN Emergency Telecommunications Cluster,2025-07,https://asiatimes.com/2025/07/gateways-and-barriers-to-starlink-in-the-pacific/,Opportunity evidence / dependency - LEO satellite services are now the proven disaster-resilience layer where single-cable states lose connectivity,2026-07-18,Custodian validation pending
EV-PACIFICC-07,pacific-connectivity,2,FACT,Medium,"Kacific put its second satellite (Kacific2) on hold and diversified into 4G and fibre, repositioning its business away from enterprise retail toward government-funded connectivity projects; its Kacific1 GEO satellite (in service since December 2019, ADB-supported) continues serving Pacific markets including Tonga Communications Corporation and a five-year Tuvalu Telecommunications Corporation deal.",,,,,"Asia-Pacific satellite broadband provider Kacific puts 2d satellite on hold, adds 4G, fiber to its portfolio",Space Intel Report (with Kacific and ADB corroboration),2024-06,https://www.spaceintelreport.com/asia-pacific-satellite-broadband-provider-kacific-puts-2d-satellite-on-hold-adds-4g-fiber-to-its-portfolio/,"Partner capability / constraint - the main non-Starlink Pacific satellite provider is under commercial pressure; latest detailed evidence is mid-2024, no 2025-26 strategic update located",2026-07-18,Custodian validation pending
EV-PACIFICC-08,pacific-connectivity,2,FACT,High,"Telstra completed its acquisition of Digicel Pacific (operations in PNG, Fiji, Nauru, Samoa, Tonga and Vanuatu) on 14 July 2022 for US$1.6bn, with the Australian Government contributing US$1.33bn via Export Finance Australia in debt and equity-like securities and Telstra contributing US$270m equity.",,,,,Telstra finalises acquisition of Digicel Pacific,Australian Minister for Foreign Affairs / Export Finance Australia,2022-07,https://www.foreignminister.gov.au/minister/penny-wong/media-release/telstra-finalises-acquisition-digicel-pacific,"Australian input - structural (2022, still current) state-backed ownership of the region's dominant mobile operator underpins Australia's connectivity influence",2026-07-18,Custodian validation pending
EV-PACIFICC-09,pacific-connectivity,2,FACT,High,"The Central Pacific Connect initiative, announced 18 January 2024 by Google with Telstra International, APTelecom and ATH Fiji, will build the Bulikula (Guam-Fiji) and Halaihai (Guam-French Polynesia) subsea cables, with Telstra owning and operating a fibre pair on Bulikula; the Tuvalu Vaka branch off Bulikula, announced November 2024, is Tuvalu's first-ever subsea cable connection.",,,,,Telstra International partners with Google and APTelecom to connect central and south Pacific with new subsea cable system / Bulikula and Halaihai (Google Cloud blog),Telstra / Google (via PR Newswire and Google Cloud blog),2024-01,https://www.prnewswire.com/apac/news-releases/telstra-international-partners-with-google-and-aptelecom-to-connect-central-and-south-pacific-with-new-subsea-cable-system-302038226.html,Instrument / Australian input - trusted-vendor cable builds with Telstra participation diversify Pacific backhaul away from satellite-only dependency,2026-07-18,Custodian validation pending
EV-PACIFICC-10,pacific-connectivity,2,FACT,High,"Tonga's second international submarine cable, Tu'i Vava'u (Tonga Hawaiki Branch System), landed at Vava'u on 18 March 2026 and was ready for service / inaugurated on 26 May 2026, jointly funded by the Australian Infrastructure Financing Facility for the Pacific (A$35.6m grant) and New Zealand (A$19m), ending Tonga's reliance on a single vulnerable international cable.",,,,,Tonga Activates Second International Submarine Cable - Tu'i Vava'u - Tonga Hawaiki Cable Branch,Submarine Telecoms/Submarine Networks (reporting AIFFP/NZ-funded project),2026-05,https://www.submarinenetworks.com/en/systems/australia-usa/hawaiki-cable/tonga-activates-tonga-hawaiki-cable,Australian input / Australian value - flagship 2026 AIFFP connectivity delivery directly reducing a partner's single-point-of-failure risk,2026-07-18,Custodian validation pending
EV-PACIFICC-11,pacific-connectivity,2,FACT,High,"Australia's Cable Connectivity and Resilience Centre (launched July 2024, embedded in DFAT, >A$18m over four years) is Australia's contribution to the Quad Partnership for Cable Connectivity and Resilience announced at the May 2023 Quad Leaders' Summit; its Pacific work includes technical assistance, policy support and training, e.g. a Telecommunications and Radiocommunications Training Program in Melbourne, 25-27 November 2024, with 33 delegates from 14 Pacific island countries and territories plus Timor-Leste.",,,,,Cable Connectivity and Resilience Centre / Launch of the Cable Connectivity and Resilience Centre,DFAT / Australian Minister for Foreign Affairs,2024-07,https://www.dfat.gov.au/international-relations/regional-architecture/quad/cable-connectivity-and-resilience-centre,Australian input / forum - Quad-badged Australian institution delivering cable resilience capacity-building to Pacific partners,2026-07-18,Custodian validation pending
EV-PACIFICC-12,pacific-connectivity,2,FACT,High,"The Cable Connectivity and Resilience Centre launched a research report, 'Low Earth orbit satellites in the Pacific: Opportunities, risks, and governance for resilient connectivity', at the 30th Pacific Islands Telecommunications Association AGM in Rarotonga, Cook Islands, 13-17 April 2026.",,,,,Pacific | Cable Connectivity & Resilience Centre,Australian Government CCRC (ccrc.gov.au),2026-04,https://www.ccrc.gov.au/pacific,"Australian input / opportunity evidence - Australia is actively shaping Pacific LEO governance debates as of April 2026, the most recent Australian policy artefact found on this topic",2026-07-18,Custodian validation pending
EV-PACIFICC-13,pacific-connectivity,2,FACT,High,"IPMDA, announced at the May 2022 Quad Leaders' Summit in Tokyo, harnesses commercial satellite radio-frequency data collection to provide partners across Southeast Asia, the Indian Ocean region and the Pacific with near-real-time information on activities in their maritime zones, delivered through regional information centres.",,,,,Indo-Pacific Partnership for Maritime Domain Awareness (Quad Leaders' Summit 2023 fact sheet),Australian Department of the Prime Minister and Cabinet,2023,https://www.pmc.gov.au/resources/quad-leaders-summit-2023/indo-pacific-partnership-maritime-domain-awareness,Instrument - official Australian description of the satellite-RF data offering to Pacific maritime agencies,2026-07-18,Custodian validation pending
EV-PACIFICC-14,pacific-connectivity,2,FACT,Medium,"IPMDA's Pacific delivery is routed through the Pacific Islands Forum Fisheries Agency (Honiara, Solomon Islands) and the Pacific Fusion Centre (Port Vila, Vanuatu - established under the PIF's 2018 Boe Declaration and supported by Australia), which fuse satellite-based tracking data alongside centres in India and Singapore; official Quad documents accessed this session do not explicitly name the Pacific Fusion Centre as an IPMDA data recipient.",,,,,Quad's maritime domain awareness initiative strengthens Indo-Pacific security,Indo-Pacific Defense Forum (US INDOPACOM-affiliated); corroborated by Pacific Forum PacNet 48,2025-06,https://ipdefenseforum.com/2025/06/quads-maritime-domain-awareness-initiative-strengthens-indo-pacific-security/,"Forum / Australian value - identifies the two Australia-supported Pacific institutions through which Quad satellite MDA data reaches island states; trade-press sourced, needs official confirmation",2026-07-18,Custodian validation pending
EV-PACIFICC-15,pacific-connectivity,2,FACT,High,"Australia's DFAT awarded HawkEye 360 a contract in July 2023 for a pilot program providing satellite RF data, analytics and training to the Pacific Islands Forum Fisheries Agency and its members to detect illegal, unreported and unregulated (IUU) fishing, including vessels not broadcasting AIS; HawkEye 360 has been an IPMDA commercial partner since late 2022. No post-2023 open-source evidence of renewal or scaling of the DFAT-FFA pilot was found this session.",,,,,HawkEye 360 satellites to monitor illegal fishing in Pacific Islands,SpaceNews (with HawkEye 360/PR Newswire release),2023-07,https://spacenews.com/hawkeye-360-satellites-to-monitor-illegal-fishing-in-pacific-islands/,Australian input / partner capability - concrete Australian purchase of commercial space RF data for Pacific MDA; recency caveat: latest confirmed evidence is 2023,2026-07-18,Custodian validation pending
EV-PACIFICC-16,pacific-connectivity,2,FACT,High,"The 10th Quad Foreign Ministers' Meeting (Washington DC, 1 July 2025) committed to continued IPMDA implementation 'including the increased provision of space-based collection and sharing of radio frequency data, analytical training, and capacity building', geographic expansion of IPMDA across the Indian Ocean region, exploration of an IPMDA common operating picture, and launched the complementary Indo-Pacific Maritime Surveillance Collaboration (IPMSC) initially in the Indian Ocean Region.",,,,,2025 Quad Foreign Ministers' Meeting joint statement,US Department of State,2025-07,https://www.state.gov/releases/office-of-the-spokesperson/2025/07/2025-quad-foreign-ministers-meeting,"Forum / instrument - authoritative 2025 statement of IPMDA's satellite-RF growth and its expansion vector (Indian Ocean, not Pacific)",2026-07-18,Custodian validation pending
EV-PACIFICC-17,pacific-connectivity,2,FACT,High,"The 11th Quad Foreign Ministers' Meeting (New Delhi, 26 May 2026) welcomed India's operationalisation of IPMDA's Indian Ocean Region program through the Information Fusion Centre - Indian Ocean Region in Gurugram, and committed to developing a Common Operational Picture across the Indo-Pacific drawing on existing IPMDA efforts, with IPMSC coordination of maritime surveillance initially in the Indian Ocean Region.",,,,,Joint Statement from the Quad Foreign Ministers' Meeting in New Delhi,"US Department of State (consistent across State, MOFA Japan and Australian FM mirrors)",2026-05,https://www.state.gov/releases/office-of-the-spokesperson/2026/05/joint-statement-from-the-quad-foreign-ministers-meeting-in-new-delhi,"Forum - most recent (May 2026) authoritative IPMDA status; Pacific-specific commitments absent from excerpts accessed, suggesting Pacific arm is steady-state",2026-07-18,Custodian validation pending
EV-PACIFICC-18,pacific-connectivity,2,FACT,Medium,"SPC's Digital Earth Pacific is an operational regional Earth-observation service turning open satellite data into decision-ready products for coastal planning, disaster risk management and climate adaptation; a governance review reported in February 2026 found nine regional products deployed or scaled, more than 220 people trained during 2025, cloud computing secured to sustain operations, and participation from 20 Pacific countries and territories.",,,,,Turning satellite data into decisions across the Pacific,The Pacific Community (SPC),2026-02,https://www.spc.int/updates/blog/blog-post/2026/02/turning-satellite-data-into-decisions-across-the-pacific,"Partner capability / forum - the strongest PIF-family (CROP) operational space service, and a vehicle for Australian EO contributions; content accessed via search extract, direct page blocked",2026-07-18,Custodian validation pending
EV-PACIFICC-19,pacific-connectivity,2,FACT,High,"The PIF-level digital agenda rests on the Lagatoi Declaration adopted by Pacific ICT Ministers on 28 August 2023 (six priorities including digital transformation, digital infrastructure, security and regional cooperation) under the 2050 Strategy; no dedicated PIF-level space initiative for 2025-26 was identified in sources accessed this session - regional space activity sits with SPC (Digital Earth Pacific) and externally-driven programs (IPMDA, CCRC).",,,,,Technology and Connectivity,Pacific Islands Forum Secretariat,2023,https://forumsec.org/technology-and-connectivity,"Forum / constraint - PIF's own framing stops at digital/ICT; the absence of a PIF space agenda is itself a finding (negative result, latest PIF page content dated 2023)",2026-07-18,Custodian validation pending
EV-PACIFICC-20,pacific-connectivity,2,ASSESSMENT,Medium,"Starlink has become the de facto disaster-resilience connectivity layer for Pacific island states (Vanuatu 2024 earthquake, Tonga outer-island restoration), and this operational indispensability is what converted regulatory resistance into licensing across 2024-26 (Tonga, PNG, Nauru/FSM gateways); the resulting single-vendor dependency on SpaceX is a growing strategic exposure that Australia's CCRC LEO-governance work (April 2026 report) is the first visible Australian policy response to.",,,,,"Analyst synthesis of The Conversation (2025-06), Asia Times (2025-07), Matangi Tonga (2024-12), RNZ (2026-04) and CCRC (2026-04) evidence above",Analyst assessment,2026-07,https://www.ccrc.gov.au/pacific,Dependency / opportunity evidence - frames the dual-use risk and the opening for Australian sovereign or multi-vendor resilience offerings,2026-07-18,Custodian validation pending
EV-PACIFICC-21,pacific-connectivity,2,ASSESSMENT,Medium,"Quad IPMDA's 2025-26 expansion energy is directed at the Indian Ocean (IFC-IOR operationalisation, IPMSC), implying the Pacific arm has reached steady-state delivery through FFA and the Pacific Fusion Centre; Australia effectively carries the Pacific tier (DFAT-funded HawkEye 360 pilot, support to both centres), which is both a burden and an opportunity for Australia to insert sovereign space-derived MDA data (RF/EO) into an established, partner-accepted channel.",,,,,"Analyst synthesis of Quad FMM statements (2025-07, 2026-05), PM&C IPMDA fact sheet (2023), SpaceNews (2023-07) and IP Defense Forum (2025-06) evidence above",Analyst assessment,2026-07,https://www.state.gov/releases/office-of-the-spokesperson/2026/05/joint-statement-from-the-quad-foreign-ministers-meeting-in-new-delhi,Australian value / opportunity evidence - identifies where Australian space capability could plug into existing Quad-Pacific MDA architecture,2026-07-18,Custodian validation pending
EV-MULTILAT-01,multilateral-ops,2,FACT,High,"As of May 2026, Multinational Force Operation Olympic Defender (MNF-OOD) comprises seven nations: the United States, United Kingdom, Canada, Australia, France, Germany and New Zealand.",CONFIRMED,,,,"US, close allies creating joint 'orbital warfare' plan: SPACECOM chief",Breaking Defense,2026-05,https://breakingdefense.com/2026/05/us-close-allies-creating-joint-orbital-warfare-plan-spacecom-chief/,Forum — current membership of the primary multilateral space operations vehicle Australia belongs to.,2026-07-18,Custodian validation pending
EV-MULTILAT-02,multilateral-ops,2,FACT,High,Gen Stephen Whiting formally declared MNF-OOD Initial Operational Capability on 8 April 2025 and signed the seven-nation force's first campaign plan at the Coordination Board on 11 April 2025.,CONFIRMED,,,,"Whiting declares Multinational Force – Operation OLYMPIC DEFENDER Initial Operational Capability, signs campaign plan",US Space Command (accessed via search results; corroborated by spaceforce.mil MNF-OOD tag and Breaking Defense),2025-04,https://www.spacecom.mil/Newsroom/News/Article-Display/Article/4153319/whiting-declares-multinational-force-operation-olympic-defender-initial-operati/,Instrument — MNF-OOD milestone and first shared campaign plan Australia operates under.,2026-07-18,Custodian validation pending
EV-MULTILAT-03,multilateral-ops,2,FACT,Medium,"MNF-OOD is commanded by the USSPACECOM commander (Gen Stephen Whiting), with USSPACECOM staff overseeing day-to-day activities, each member nation supplying liaison officers, and Vandenberg SFB (home of CFSCC and CSpOC) serving as the hub for multinational personnel.",CORRECTED,"Mostly accurate, but the parenthetical is outdated: CFSCC no longer exists. The Combined Force Space Component Command was deactivated (along with JTF-Space Defense) at a January 9, 2024 ceremony, when USSPACECOM designated the commander of U.S. Space Forces–Space (S4S) as the Combined Joint Force Space Component Commander; S4S had been activated December 6, 2023. Vandenberg SFB is today home of the CSpOC and S4S headquarters, not CFSCC.",,,Multinational Force Operation Olympic Defender (About page) and Building the New Space Coalition,US Space Command / Air & Space Forces Magazine (accessed via search results; spacecom.mil page returned 403 on direct fetch),2025,https://www.spacecom.mil/About/Multinational-Force-Operation-Olympic-Defender/,"Instrument — command arrangements Australia plugs into; US-led, not a rotating combined command.",2026-07-18,Custodian validation pending
EV-MULTILAT-04,multilateral-ops,2,FACT,Medium,"Operation Olympic Defender was publicly announced in April 2019 by then-USSTRATCOM commander Gen John Hyten as an initiative to share space war plans with allies; US Space Command assumed control from STRATCOM in 2020, when it issued its first formal order to execute multinational space operations.",CONFIRMED,,,,DoD's Operation Olympic Defender,Kratos Constellations,2024-12,https://www.kratosspace.com/constellations/articles/dods-operation-olympic-defender,Instrument — lineage of OOD before its elevation to a named multinational force (MNF-OOD).,2026-07-18,Custodian validation pending
EV-MULTILAT-05,multilateral-ops,2,TO_VERIFY,Low,The April 2026 CSpO Principals' Board joint statement describes MNF-OOD as 'established in 2013' to strengthen resilience and deterrence against malicious acts in space — a date that conflicts with the 2019 public announcement lineage; the exact establishment date and the date the 'MNF' designation was created need reconciliation.,,,,,Combined Space Operations (CSpO) Initiative Principals' Board Meets to Advance Combined Operations Efforts,Australian Department of Defence / True North Strategic Review (fetched),2026-05,https://www.truenorthstrategicreview.ca/p/combined-space-operations-initiative,Instrument — OOD vs MNF-OOD naming and establishment lineage is inconsistently reported across official sources.,2026-07-18,Custodian validation pending
EV-MULTILAT-06,multilateral-ops,2,FACT,High,"Australia joined Operation Olympic Defender in 2020 and executes its participation through Operation Dyurra (Ngunnawal for 'stars'), the ADF's overarching space domain operation run under Headquarters Joint Operations Command with the Space Operations Group; note the US Studies Centre dates Australian OOD participation from 2018 with weekly headquarters-level ops/intel briefings from 2019.",CORRECTED,"No ADF 'Space Operations Group' exists in the sources — that phrase is a misparse of the cited article's sentence: 'Headquarters Joint Operations Command Acting Joint Force Space Component Director Space Operations, Group Captain Darrell May' (Group Captain is the RAAF rank of the Director of Space Operations). Operation Dyurra is run by Headquarters Joint Operations Command through its Joint Force Space Component. The rest of the claim is accurate.",,,More nations combine to defend space,"Australian Department of Defence (via CONTACT magazine mirror, fetched) and defence.gov.au Operation Dyurra page",2024-11,https://www.contactairlandandsea.com/2024/11/22/more-nations-combine-to-defend-space/,Australian input — the national mechanism through which Australia contributes to MNF-OOD.,2026-07-18,Custodian validation pending
EV-MULTILAT-07,multilateral-ops,2,FACT,Medium,"New Zealand announced it would join Operation Olympic Defender in September 2024, and Germany and France joined in late 2024, expanding the operation from the four original participants (US, UK, Canada, Australia) to seven.",CONFIRMED,,,,New Zealand to join Operation Olympic Defender / France and Germany join U.S.-led space defense coalition,NZ Government (Beehive) / SpaceNews / US Space Command (accessed via search results),2024-09,https://www.beehive.govt.nz/release/new-zealand-join-operation-olympic-defender,Partner interest — 2024 membership growth that set the seven-nation composition still current in mid-2026.,2026-07-18,Custodian validation pending
EV-MULTILAT-08,multilateral-ops,2,FACT,High,"Three members of the Australian Space Operations Centre (AUSSpOC) joined a 4-6 November 2024 working group at Vandenberg SFB with Canadian, UK and US (CSpOC) counterparts to refine the concept of operations and plan for a shared Space Common Operational Picture under Operation Olympic Defender.",,,,,Operation Olympic Defender: Allied Space Operations Centers prioritize efforts for a shared Space Common Operational Picture,DVIDS / US Space Force (fetched),2024-11,https://www.dvidshub.net/news/484860/operation-olympic-defender-allied-space-operations-centers-prioritize-efforts-shared-space-common-operational-picture,Australian input — concrete AUSSpOC contribution to MNF-OOD's flagship shared-COP data project.,2026-07-18,Custodian validation pending
EV-MULTILAT-09,multilateral-ops,2,FACT,Medium,"Royal Australian Air Force Group Captain Julien Greening served as Deputy Director of the Combined Space Operations Center (CSpOC) at Vandenberg SFB as of November 2024, continuing a pattern of Australian personnel embedded at CSpOC since at least 2019; no 2025-26 source confirming the current Australian incumbent was found this session.",,,,,Operation Olympic Defender: Allied Space Operations Centers... (DVIDS) and The evolution of the Australia-US defence space relationship (USSC),DVIDS / United States Studies Centre (both fetched),2024-11,https://www.dvidshub.net/news/484860/operation-olympic-defender-allied-space-operations-centers-prioritize-efforts-shared-space-common-operational-picture,"Australian input — embedded staff in coalition space C2 at CSpOC, including a deputy-director-level post.",2026-07-18,Custodian validation pending
EV-MULTILAT-10,multilateral-ops,2,FACT,Medium,"Australia hosts a US C-band space surveillance radar and the relocated Space Surveillance Telescope at the Harold E. Holt site near Exmouth, WA, feeding the allied space surveillance network — the geographic/sensor contribution underpinning Australia's value to OOD and CSpOC (latest detailed source 2023; arrangement not re-verified in 2025-26 sources this session).",,,,,The space between alliance and self-reliance: The evolution of the Australia-US defence space relationship,United States Studies Centre (fetched),2023-08,https://www.ussc.edu.au/analysis/the-evolution-of-the-australia-us-defence-space-relationship,Australian value — southern-hemisphere SDA sensors are Australia's core material contribution to coalition space operations.,2026-07-18,Custodian validation pending
EV-MULTILAT-11,multilateral-ops,2,FACT,High,"The CSpO initiative, founded 2014 by the US, UK, Canada and Australia, has ten participants as of 2025-26: those four plus New Zealand, France, Germany, Italy, Japan and Norway.",,,,,Statement of the annual Combined Space Operations (CSpO) Initiative Principals' Board,New Zealand Defence Force (fetched); consistent with Australian Defence and US releases,2025-12,https://www.nzdf.mil.nz/media-centre/news/statement-of-the-annual-combined-space-operations-cspo-initiative-principals-board/,Forum — CSpO is the 10-nation policy/interoperability layer above the 7-nation operational MNF-OOD.,2026-07-18,Custodian validation pending
EV-MULTILAT-12,multilateral-ops,2,FACT,High,"The annual CSpO Principals' Board met 2-4 December 2025 at the newly inaugurated French Space Command headquarters in Toulouse; the ten nations committed to improved cooperation, coordination and information sharing, greater shared understanding of space threats, and strengthened interoperability, citing 'increasingly irresponsible and hostile behaviours' by some states.",,,,,Statement of the annual Combined Space Operations (CSpO) Initiative Principals' Board,"New Zealand Defence Force (fetched); joint statement also released by Australian Defence, UK MOD, Norway, Canada",2025-12,https://www.nzdf.mil.nz/media-centre/news/statement-of-the-annual-combined-space-operations-cspo-initiative-principals-board/,Forum — most recent annual CSpO output with Australia as signatory.,2026-07-18,Custodian validation pending
EV-MULTILAT-13,multilateral-ops,2,FACT,High,"A further CSpO Principals' Board met 17 April 2026 in Colorado Springs; principals judged the space domain 'more complex and less secure', agreed to review the initiative's approach, committed to redouble capability delivery in support of MNF-OOD (noting allies had demonstrated a collective ability to detect space events and threats), and set the next board for December 2026 in Oslo.",,,,,Combined Space Operations (CSpO) Initiative Principals' Board Meets to Advance Combined Operations Efforts,"True North Strategic Review reproduction of the joint statement (fetched); same statement released by Australian Defence 2026-05-14, US DoW, Japan MOD, Canada",2026-05,https://www.truenorthstrategicreview.ca/p/combined-space-operations-initiative,Forum — the 2026 pivot of CSpO from policy alignment toward delivering capability for MNF-OOD operations.,2026-07-18,Custodian validation pending
EV-MULTILAT-14,multilateral-ops,2,FACT,Medium,"Australia hosted the CSpO Policy and Legal Working Group (PLWG) in Canberra, 23-27 June 2025, with participants from all ten CSpO nations, focused on strategic communications and on barriers and opportunities for information sharing.",,,,,Global partners shape access to space,Australian Department of Defence (accessed via search results; defence.gov.au timed out on direct fetch),2025-06,https://www.defence.gov.au/news-events/news/2025-06-30/global-partners-shape-access-space,"Australian input / forum — concrete CSpO working-group output beyond the Vision, hosted by Australia.",2026-07-18,Custodian validation pending
EV-MULTILAT-15,multilateral-ops,2,FACT,Medium,"Australian Defence states that CSpO space domain awareness collaboration enables sharing of strategic and tactical intelligence across multiple classification levels, alongside CSpO lines of effort on resilient interoperable architectures and enhanced command, control and communications.",,,,,Space domain | Defence Activities,Australian Department of Defence (accessed via search results),2025,https://www.defence.gov.au/defence-activities/military-domains/space-domain,Instrument — CSpO's practical data-sharing outcome for Australia beyond the 2022 Vision document.,2026-07-18,Custodian validation pending
EV-MULTILAT-16,multilateral-ops,2,FACT,High,"Global Sentinel 2025, USSPACECOM's premier space security cooperation capstone, ran 28 April to early May 2025 at Vandenberg SFB with roughly 29-30 nations plus NATO — Australia among returning participants and Chile, Denmark, Greece and India new — involving 250+ participants in modelling-and-simulation gameplay on a Space-Track.org portal; no evidence of a Global Sentinel 2026 iteration was found as of 18 July 2026.",,,,,US Space Command Global Sentinel 2025 Exercise Seeks International Collaboration,GovCon Exec International (fetched); corroborated by US Space Force release via search,2025-05,https://www.govconexec.com/2025/05/spacecom-global-collaboration-exercise/,Forum / Australian input — the broad-membership SDA cooperation exercise Australia attends annually.,2026-07-18,Custodian validation pending
EV-MULTILAT-17,multilateral-ops,2,FACT,High,"Schriever Wargame 2025 ran two weeks in August 2025 at the LeMay Center Wargame Institute, Maxwell AFB, hosted by Space Delta 10 with 350+ participants from ten nations including Australia; it was the last iteration planned unilaterally by the US, with participating nations — including Australia — expected to jointly set objectives for Schriever Wargame 2027 for the first time.",,,,,Australia strengthens space partnerships at Schriever Wargame 2025 / 2025 Schriever space wargame last to be planned unilaterally by US,"Space Connect, Defence Connect, Breaking Defense, US Space Force (accessed via search results)",2025-08,https://www.spaceconnectonline.com.au/global/6680-australia-strengthens-space-partnerships-at-schriever-wargame-2025,Forum / opportunity evidence — shift to coalition co-planned wargaming gives Australia design input from SW27.,2026-07-18,Custodian validation pending
EV-MULTILAT-18,multilateral-ops,2,TO_VERIFY,Low,"Space Flag runs about three times a year with one coalition iteration, and Australia first participated with Canada and the UK at Space Flag 19-3 in August 2019; no open-source confirmation of Australian participation in a 2025-26 Space Flag iteration was found this session — latest Australia-specific evidence predates 2025.",,,,,Space Flag holds first exercise with coalition partners / Australia and coalition partners attend USAF Space Flag exercise,US Air Force / Air University and Space Connect (accessed via search results),2019-08,https://www.airuniversity.af.edu/News/Display/Article/1943783/space-flag-holds-first-exercise-with-coalition-partners/,Forum — Space Flag coalition participation status is a recency gap; current Australian involvement unconfirmed.,2026-07-18,Custodian validation pending
EV-MULTILAT-19,multilateral-ops,2,FACT,High,"In spring 2026 MNF-OOD executed Operation Selene, a persistent joint space-domain-awareness activity in which all seven nations tracked a high-interest orbital target, and the seven members are building a joint 'defence of orbital assets' concept of operations for orbital warfare expected to be complete by the end of 2026 (an SDA CONOPS is already drafted).",,,,,"US, close allies creating joint 'orbital warfare' plan: SPACECOM chief","Breaking Defense (fetched; reporting Gen Whiting remarks at the Mitchell Institute, 12 May 2026)",2026-05,https://breakingdefense.com/2026/05/us-close-allies-creating-joint-orbital-warfare-plan-spacecom-chief/,Instrument / opportunity evidence — the most concrete 2026 MNF-OOD operational outputs Australia participates in.,2026-07-18,Custodian validation pending
EV-MULTILAT-20,multilateral-ops,2,FACT,Medium,"MNF-OOD launched Apollo Insights in 2026, a quarterly tabletop-exercise series with commercial industry — more than 60 companies took part in the first (nuclear-payload scenario), with three further TTXs planned on dynamic space operations, proliferated constellations and missile warning.",,,,,"US, close allies creating joint 'orbital warfare' plan: SPACECOM chief",Breaking Defense (fetched),2026-05,https://breakingdefense.com/2026/05/us-close-allies-creating-joint-orbital-warfare-plan-spacecom-chief/,Instrument — commercial-integration mechanism of MNF-OOD; single-source reporting so far.,2026-07-18,Custodian validation pending
EV-MULTILAT-21,multilateral-ops,2,FACT,Medium,"The AUKUS Deep Space Advanced Radar Capability (DARC), established under a US-UK-Australia MOU signed 2 December 2023, completed construction of Site 1 at Exmouth WA about three months ahead of schedule in early 2025; an August 2025 Space Systems Command/Northrop Grumman test successfully linked multiple antennas, the site has begun feeding GEO tracking data to AUKUS partners, and full operational capability is targeted around 2027.",,,,,AUKUS Deep Space Advanced Radar Capability construction complete / Space Force Finishes Construction at One Site for New Radar / Nautilus DARC briefing book,"Defence Connect, Air & Space Forces Magazine, Nautilus Institute (accessed via search results)",2025,https://www.defenceconnect.com.au/joint-capabilities/15604-deep-space-advanced-radar-capability-construction-complete,Dependency / Australian value — 2025-26 trilateral infrastructure initiative making Australia a data provider to allied deep-space SDA.,2026-07-18,Custodian validation pending
EV-MULTILAT-22,multilateral-ops,2,FACT,Medium,"During Resolute Space 2025 (US Space Force's largest exercise, from 8 July 2025 at Joint Base Pearl Harbor-Hickam), RAAF Group Captain Darrell May served as Deputy Commander of US Space Forces – Indo-Pacific, making command decisions on behalf of the US Space Force.",,,,,US Space Force's biggest exercise puts Australia at the heart of allied space warfighting,Space Connect (fetched),2025-08,https://www.spaceconnectonline.com.au/situational-awareness/6641-us-space-force-s-biggest-exercise-puts-australia-at-the-heart-of-allied-space-warfighting,Australian input — deputy-command role evidences depth of Australian integration into US space C2 during exercises.,2026-07-18,Custodian validation pending
EV-MULTILAT-23,multilateral-ops,2,ASSESSMENT,Medium,"By mid-2026 Australia participates across all four layers of allied space cooperation — operations (MNF-OOD via Operation Dyurra, embedded CSpOC staff), policy (CSpO boards and hosting the PLWG), exercises (Global Sentinel, Schriever, Resolute Space) and infrastructure (DARC, Exmouth sensors) — with its value proposition resting on southern-hemisphere geography and trusted personnel integration, and its principal dependency being US-owned command structures, data architectures and campaign plans.",,,,,Analyst synthesis of sources accessed this session,This research session,2026-07,https://breakingdefense.com/2026/05/us-close-allies-creating-joint-orbital-warfare-plan-spacecom-chief/,Australian value / dependency — framing judgement across the evidence base.,2026-07-18,Custodian validation pending
EV-NZ-01,new-zealand,,FACT,High,Australia's 2024 National Defence Strategy contains six references to New Zealand. Paragraph 7.15 states Australia will 'seek to enhance interoperability with New Zealand and - building on our alliance and long history of close cooperation - jointly pursue security and stability in our region.' New Zealand is listed first among key partners beyond the United States (para 1.6). New Zealand appears only in the partnerships chapter and scene-setting - it is absent from force structure and capability sections.,,,,,2024 National Defence Strategy,Australian Department of Defence,2024-04-17,https://www.globalsecurity.org/military/library/policy/int/2024-australia-national-defence-strategy_20240417.pdf,Australia's own top-level strategy characterises the relationship as an alliance,2026-07-21,
EV-NZ-02,new-zealand,,FACT,High,"New Zealand's Defence Capability Plan 2025 states Defence Policy Objective 2 as 'Enhance the ANZUS alliance with Australia and New Zealand's most important security partnerships', and states that NZ land forces support 'our alliance with Australia, by acting as a force multiplier as part of the trans-Tasman coalition'.",,,,,Defence Capability Plan 2025,NZ Ministry of Defence,2025-04-07,https://www.defence.govt.nz/assets/publications/Defence-Capability-Plan-25.pdf,Both governments use alliance language in their own strategy documents,2026-07-21,
EV-NZ-03,new-zealand,,FACT,High,"The NZ Defence Capability Plan 2025 states that 'New Zealand will seek to procure the same assets and equipment as Australia where it makes sense to do so', applies a standing business-case test of 'what is the Australian approach, and is there any reason for New Zealand to take a different approach?', and records that both countries committed to prioritising combined defence procurement at the Australia-New Zealand Leaders' Meeting in August 2024. Its interoperability heading is 'A force multiplier with Australia and interoperable with partners'.",,,,,Defence Capability Plan 2025,NZ Ministry of Defence,2025-04-07,https://www.defence.govt.nz/assets/publications/Defence-Capability-Plan-25.pdf,Procurement-alignment doctrine - the strongest available hook for any Australian space offer,2026-07-21,
EV-NZ-04,new-zealand,,FACT,High,"The full text of the 2018 Australia-New Zealand Joint Statement on Closer Defence Relations contains no mention of space. The cooperation domains listed are strategic assessment and planning, combined and joint operations and exercises, command/control/communications, force design and capability development, logistics, personnel, and cyber security.",,,,,Australia - New Zealand Joint Statement on Closer Defence Relations,Australian Minister for Defence,2018-03-09,https://www.minister.defence.gov.au/statements/2018-03-09/australia-new-zealand-joint-statement-closer-defence-relations,Evidenced absence - space is not a CDR line of effort,2026-07-21,
EV-NZ-05,new-zealand,,FACT,High,The joint statement of the 17 March 2026 Australia-New Zealand Foreign and Defence Ministerial Consultations (2+2) contains no space content.,,,,,Joint Statement Australia-New Zealand Foreign and Defence Ministerial Consultations 2+2,NZ Government (Beehive),2026-03-17,https://www.beehive.govt.nz/release/joint-statement-australia%E2%80%93new-zealand-foreign-and-defence-ministerial-consultations-22,Evidenced absence - space absent from the most recent bilateral ministerial statement,2026-07-21,
EV-NZ-06,new-zealand,,FACT,High,"New Zealand announced on 1 July 2022 that it would not conduct destructive direct-ascent anti-satellite missile testing: 'We will not conduct destructive direct-ascent anti-satellite missile testing. We do not have that capability, and neither are we looking to develop it.' New Zealand was an original co-sponsor of UNGA resolution 77/41 and voted in favour in the First Committee (154-8-10, 1 November 2022).",,,,,"Otago Foreign Policy School, opening address",NZ Government (Beehive),2022-07-01,https://www.beehive.govt.nz/speech/otago-foreign-policy-school-opening-address,Shared space-norms position with Australia - the clearest bilateral space alignment on record,2026-07-21,
EV-NZ-07,new-zealand,,FACT,High,"New Zealand became a member of the UN Committee on the Peaceful Uses of Outer Space in 2016, in the expansion to 84 members effected by General Assembly resolution 71/90.",,,,,COPUOS Membership Evolution,UNOOSA,2026-05-18,https://www.unoosa.org/oosa/en/ourwork/copuos/members/evolution.html,Shared multilateral space governance forum,2026-07-21,
EV-NZ-08,new-zealand,,FACT,High,"The New Zealand Nuclear Free Zone, Disarmament, and Arms Control Act 1987 defines the Zone (s4) as land, inland waters, internal waters, territorial sea and 'the airspace above' those areas; all operative prohibitions key on a 'nuclear explosive device' (a weapon or explosive device); and s11 prohibits entry to internal waters only of ships whose propulsion is nuclear-powered. The terms 'outer space' and 'radioactive' appear only within treaty texts reproduced in the schedules, never in the operative sections.",,,,,"New Zealand Nuclear Free Zone, Disarmament, and Arms Control Act 1987",NZ Parliamentary Counsel Office,2026-07-21,https://www.legislation.govt.nz/act/public/1987/0086/latest/DLM115116.html,Determines whether NZ's nuclear-free regime constrains space cooperation,2026-07-21,
EV-NZ-09,new-zealand,,ASSESSMENT,Medium,"On the plain text of the 1987 Act, New Zealand's nuclear-free regime does not restrict radioisotope-powered space payloads: the Zone stops at airspace rather than orbit, prohibitions are keyed to explosive devices rather than power sources, and the nuclear-propulsion bar applies to ships. Any actual restriction would sit in the Minister's broad national-interest discretion under s17(2)-(3) of the Outer Space and High-altitude Activities Act 2017, which carries no nuclear-specific criterion. No case law, official guidance or commentary confirming this reading was located.",,,,,Textual analysis of the 1987 and 2017 Acts,This analysis,2026-07-21,https://www.legislation.govt.nz/act/public/2017/0029/latest/DLM6966283.html,Removes a commonly assumed blocker to Australia-NZ space cooperation - but unconfirmed,2026-07-21,
EV-NZ-10,new-zealand,,FACT,High,"New Zealand's Maritime Fleet Renewal Programme is prioritising discussions with the Royal Navy and Royal Australian Navy, with a shortlist of the Upgraded Mogami and Type 31. No procurement decisions have been made and no solutions ruled out; advice on next steps is expected to go to Cabinet before the end of 2027. Budget 2026 allocated NZ$51 million operating over four years. All RNZN ships except HMNZS Aotearoa reach end of life between 2032 and 2036.",,,,,MOD-OIA-161 response,NZ Ministry of Defence,2026-06-25,https://www.defence.govt.nz/publications/mod-oia-161/,No instrument links NZ to Australia's frigate programmes - the relationship is consultative,2026-07-21,
EV-NZ-11,new-zealand,,ASSESSMENT,Medium,"No treaty, memorandum of understanding, arrangement, joint acquisition, statement of intent or contract linking New Zealand to Australia's Hunter class or General Purpose Frigate programme was located in New Zealand primary sources as at mid-2026. Hunter class has zero linkage in any NZ primary source.",,,,,"Search of defence.govt.nz publications, capability projects and Beehive releases 2024-2026",This analysis,2026-07-21,https://www.defence.govt.nz/our-work/equip/projects-in-definition/maritime-fleet-renewal/,Evidenced absence bounded to NZ-side sources; Australian-side primaries not searched,2026-07-21,
EV-NZ-12,new-zealand,,TO_VERIFY,Low,New Zealand joined The Technical Cooperation Program in 1969. TTCP has eleven groups and no dedicated space group or panel - space and aerospace matters fall under the Aerospace Systems (AER) Group. The group list dates from 2009 and may be stale.,,,,,The Technical Cooperation Program,Australian DSTG / Wikipedia,2026-07-21,https://www.dst.defence.gov.au/partnership/technical-cooperation-program,Likely channel for any Australia-NZ defence science cooperation on space,2026-07-21,
EV-NZ-13,new-zealand,,TO_VERIFY,Low,"No New Zealand-specific or bilateral science and technology page was found across a full sweep of the defence.gov.au sitemap, and the DSTG organisation page carries no New Zealand mention. This is suggestive but not conclusive evidence that Australia-NZ defence science cooperation runs through TTCP rather than a bilateral instrument.",,,,,Sweep of defence.gov.au sitemap and DSTG pages,This analysis,2026-07-21,https://www.dst.defence.gov.au/partnership/technical-cooperation-program,Bilateral defence-science instrument not evidenced,2026-07-21,
EV-NZ-14,new-zealand,,TO_VERIFY,Medium,"Australia's 2026 National Defence Strategy was released in April 2026 and runs to 98 pages, but is published only through a FlippingBook viewer with no downloadable PDF and with search and text selection disabled. The two published factsheets (NDS Overview and NDS Budget) contain zero occurrences of 'New Zealand'. What the full 2026 NDS says about New Zealand is unresolved.",,,,,2026 National Defence Strategy landing page and factsheets,Australian Department of Defence,2026-07-21,https://www.defence.gov.au/about/strategic-planning,Current Australian strategic framing of New Zealand is unverified,2026-07-21,
EV-NZ-15,new-zealand,,FACT,High,"New Zealand is a member of the Combined Space Operations initiative, which grew from a 2014 memorandum among the United States, Australia, Canada and the United Kingdom to ten members. CSpO is the only space-specific vehicle Australia and New Zealand share, and it is multilateral rather than bilateral.",CORRECTED,"Round 2 (22 Jul 2026): CSpO is NOT the only shared space vehicle. Australia and New Zealand also share MNF-Operation Olympic Defender (NZ joined 5 September 2024, NZDF liaison officer at US Space Command — Beehive primary, independently re-verified 24 Jul 2026), the jointly delivered SouthPAN positioning network, the Catalyst: Strategic Australia-NZ Collaborative Space Programme (Takahē MDA space-radar mission to February 2029), and Joint Commercial Operations, where No. 62 Squadron RNZAF leads the Pacific cell alongside Australia.",,,Combined Space Operations Vision 2031,US DoD / Australian Dept of Defence,2022-02-22,https://media.defense.gov/2022/Feb/22/2002942522/-1/-1/0/CSPO-VISION-2031.PDF,"The single shared space channel; multilateral, not bilateral",2026-07-21,
EV-NZ-16,new-zealand,,FACT,High,"New Zealand participated in the UN Open-Ended Working Group on Reducing Space Threats from its first session and delivered five statements in the third session (31 January - 2 February 2023). It argued that responsible behaviour must avoid orbital debris creation, supported extending restraint beyond direct-ascent testing to co-orbital, directed-energy and non-kinetic destructive capabilities, and proposed six transparency norms including publication of national space policy and deployed capabilities and SSA data sharing.",,,,,OEWG on Reducing Space Threats - New Zealand statements,UNODA,2023-02-02,https://meetings.unoda.org/meeting/57866/statements,NZ space-norms positions closely track Australia's; a ready-made alignment surface,2026-07-21,
EV-NZ-17,new-zealand,,ASSESSMENT,Medium,"No Australia-New Zealand space memorandum of understanding, Australian Space Agency - New Zealand Space Agency arrangement, or joint space activity was located in any primary source searched.",CORRECTED,"Round 2 (22 Jul 2026): a bilateral civil space instrument DOES exist — the Arrangement between NZ MBIE and the Australian Space Agency Regarding Space Cooperation for Peaceful Purposes, signed 22 October 2019, establishing a Joint Steering Committee and listing space situational awareness among its areas of cooperation (space.gov.au, independently re-verified 24 Jul 2026). The round-1 search missed space.gov.au. Corrected finding: the bilateral space channel exists but is entirely civil; the defence-space lane remains multilateral.",,,"Search of defence.govt.nz, beehive.govt.nz and mfat.govt.nz",This analysis,2026-07-21,https://www.defence.govt.nz/publications/,The core negative finding driving the maturity assessment,2026-07-21,
EV-CANADA-01,canada,,FACT,High,"Canada's April 2024 Defence Policy Update 'Our North, Strong and Free' frames Arctic sovereignty and continental defence as the most urgent and important task, adds C$8.1 billion over five years and C$73 billion over 20 years, and projects defence spending of 1.76% of GDP by 2029-30 (below the 2% NATO commitment); Canadian industry noted much funding remains dependent on future government decisions.",,,,,Government of Canada Allocates $5.72 Billion in Defence Policy Update for Additional Space Capabilities,SpaceQ,2024-04-09,https://spaceq.ca/government-of-canada-allocates-5-72-billion-in-defence-policy-update-for-additional-space-capabilities/,"Authoritative funding frame for Canada's defence-space trajectory; DPU primary text unreachable this session (canada.ca network-blocked), so carried on same-day trade-press reporting.",2026-07-22,
EV-CANADA-02,canada,,FACT,High,"The 2024 DPU allocates approximately C$5.72 billion across two space initiatives: C$5.5 billion over 20 years for assured worldwide military satellite communications access with resilience against jamming and adversarial disruption, and C$222 million over 20 years for a new Arctic satellite ground station enabling threat detection and allied communication in northern regions.",,,,,Government of Canada Allocates $5.72 Billion in Defence Policy Update for Additional Space Capabilities,SpaceQ,2024-04-09,https://spaceq.ca/government-of-canada-allocates-5-72-billion-in-defence-policy-update-for-additional-space-capabilities/,Canada's funded space commitments — the milsatcom line intersects directly with the shared WGS partnership and Australia's own milsatcom programmes; may undercount other DPU space lines (see validation backlog).,2026-07-22,
EV-CANADA-03,canada,,FACT,Medium,"3 Canadian Space Division (3 CSD), established in July 2022 (22 July 2022 per the RCAF page cited by Wikipedia), is one of the three divisions of the Royal Canadian Air Force and is responsible for delivering space power effects in support of Canadian Armed Forces operations; it comprises 7 Wing (Space) in Ottawa with 7 Space Operations Squadron and 7 Operations Support Squadron.",,,,,"Structure of the Royal Canadian Air Force (Wikipedia; corroborated by 'Royal Canadian Air Force' and 'List of space forces, units, and formations' articles)",Wikipedia (secondary; forces.gc.ca primary unreachable),2026-07-22,https://en.wikipedia.org/wiki/Structure_of_the_Royal_Canadian_Air_Force,Identifies Canada's military-space counterpart organisation — the direct opposite number to Australia's Defence Space Command for any bilateral defence-space engagement.,2026-07-22,
EV-CANADA-04,canada,,FACT,High,"Sapphire, Canada's military space-surveillance satellite (148 kg, MDA prime contractor, SSTL-150 bus, COM DEV optical payload), was launched 25 February 2013 on an Indian PSLV, began its operational mission 13 November 2013, and has provided data on objects at 6,000-40,000 km altitude to the United States Space Surveillance Network since January 2014.",,,,,Sapphire (satellite),Wikipedia (secondary),2026-07-22,https://en.wikipedia.org/wiki/Sapphire_(satellite),Canada holds the same functional role Australia does in the allied SDA architecture — a national sensor feeding the US SSN — making SDA the most natural bilateral space lane.,2026-07-22,
EV-CANADA-05,canada,,FACT,High,"Under the Surveillance of Space 2 programme, Canada's Defence Investment Agency selected MDA Space (announced 19 March 2026, C$32 million, at MDA's Richmond BC facility) to build and operate three remotely controlled ground-based optical observatories across Alberta, Manitoba and New Brunswick by 2028, with maintenance and integration support through 2031, complementing Sapphire to create a 24/7 architecture for detecting and tracking deep-space objects.",,,,,The Defence Investment Agency taps MDA Space for $32M Surveillance of Space 2 observatories,SpaceQ,2026-03-19,https://spaceq.ca/the-defence-investment-agency-taps-mda-space-for-32m-surveillance-of-space-2-observatories/,Canada's SDA recapitalisation is live and entirely northern-hemisphere — Australia's southern-sky geography is the evident complement inside the shared US SSN framework.,2026-07-22,
EV-CANADA-06,canada,,FACT,High,"The RADARSAT Constellation Mission — three identical C-band SAR Earth-observation satellites built by MDA and operated by the Canadian Space Agency — launched together on a Falcon 9 on 12 June 2019 into a 600 km sun-synchronous orbit, designed for maritime surveillance (ice, surface wind, oil pollution, ship monitoring), disaster management and ecosystem monitoring, with an AIS ship-tracking payload and ~95% daily global access.",,,,,RADARSAT Constellation,Wikipedia (secondary),2026-07-22,https://en.wikipedia.org/wiki/RADARSAT_Constellation,Canada's sovereign space-based maritime-ISR baseline — the capability family where Canadian data and Australian maritime-surveillance needs could intersect.,2026-07-22,
EV-CANADA-07,canada,,FACT,High,"The Combined Space Operations (CSpO) initiative's Vision 2031, published 22 February 2022, was jointly released by the then-seven participants — Australia, Canada, France, Germany, New Zealand, the United Kingdom and the United States — and commits partners to act as responsible space actors and to accelerate and improve their ability to conduct combined military space operations; the initiative has since expanded to ten members (Italy, Japan and Norway added), per the existing register's records.",,,,,Combined Space Operations Vision 2031,UK Government (gov.uk),2022-02-22,https://www.gov.uk/government/publications/combined-space-operations-vision-2031,"The standing multilateral defence-space venue containing both Canada and Australia; the gov.uk source supports the seven-nation picture as at February 2022 only. The existing register records the 2014 founding MoU (US, Australia, Canada, UK) and current ten-nation membership as FACT (register VEH-US-22, VEH-MULTILATERAL-10); the 2014 MoU was not primary-confirmed this session.",2026-07-22,
EV-CANADA-08,canada,,FACT,High,"On 22 June 2026 Australia and Canada signed a government-to-government arrangement — Australia's largest-ever defence export at $2.5 billion — to export a JORN-derived Over-the-Horizon Radar system for Canada's Arctic OTHR (A-OTHR) capability, establishing a framework for joint research and development, supporting ~300 Australian jobs, with BAE Systems Australia commencing delivery on 1 July 2026; the PMs had reaffirmed the collaboration in March 2026 and both nations committed to exploring further joint development as the first stage of broader A-OTHR collaboration.",,,,,Australia and Canada sign landmark agreement on Over the Horizon Radar export,Australian Government Defence Ministers (minister.defence.gov.au),2026-06-22,https://www.minister.defence.gov.au/media-releases/2026-06-22/australia-canada-sign-landmark-agreement-over-horizon-radar-export,"The live bilateral G2G channel: domain-adjacent (surveillance/NORAD) rather than space, but with an extensible joint R&D framework — the strongest foundation identified for a future defence-space line of effort.",2026-07-22,
EV-CANADA-09,canada,,FACT,High,"DFAT's Canada country brief records: the March 2026 visit of PM Carney (with the Ministers for National Defence and for Finance) produced an Australia-Canada Joint Statement announcing strengthened cooperation on investment, economic security and critical minerals, defence, and institutional links (space not named); a comprehensive range of bilateral agreements cover issues 'such as trade, space cooperation, social security, air services...'; the Glasgow-Burchell Declaration on diplomatic cooperation was signed July 2015; DPM/Defence Minister Marles visited Canada in August 2024 and Canada's Secretary of State (Defence Procurement) Stephen Fuhr visited Australia in June 2026.",,,,,Canada country brief,Australian Department of Foreign Affairs and Trade,2026-07-22,https://www.dfat.gov.au/geo/canada/canada-country-brief,"The authoritative Australian-side picture of the bilateral architecture: leader-level momentum, an explicit (unidentified) space-cooperation agreement layer, dense defence visit tempo — and no named space theme at leaders' level.",2026-07-22,
EV-CANADA-10,canada,,FACT,Medium,"NORAD is the binational Canada-US aerospace defence organisation (from 1958, the commander is always a US officer with a Canadian deputy); Wikipedia further records that in June 2026 Canada signed agreements with Australia in Canberra to acquire long-range over-the-horizon radar technology for its Arctic OTHR programme, formalising the partnership and moving the project from planning into delivery, in support of NORAD modernisation.",,,,,NORAD,Wikipedia (secondary),2026-07-22,https://en.wikipedia.org/wiki/NORAD,"Establishes the binational gravity shaping Canada's defence-space spending, and independently corroborates the A-OTHR arrangement and its NORAD-modernisation framing.",2026-07-22,
EV-CANADA-11,canada,,FACT,High,"The Wideband Global SATCOM system is planned for use in partnership by the US Department of Defense, the Canadian Department of National Defence and the Australian Department of Defence: Australia announced funding of the sixth satellite on 3 October 2007, Canada signed on in January 2012 (per a Government of Canada article cited by Wikipedia), and WGS-9 (launched 19 March 2017) was part-funded by Canada, Denmark, the Netherlands, Luxembourg and New Zealand in exchange for access to the whole constellation.",,,,,Wideband Global SATCOM,"Wikipedia (secondary, citing forces.gc.ca and satellite trade press)",2026-07-22,https://en.wikipedia.org/wiki/Wideband_Global_SATCOM,"Canada and Australia already share an operational military SATCOM programme — an existing space equity requiring no new instrument, and the natural table for milsatcom-resilience cooperation as Canada spends C$5.5bn.",2026-07-22,
EV-CANADA-12,canada,,FACT,High,"The Canadian Space Agency, Canada's national civil space agency, was established by the Canadian Space Agency Act (S.C. 1990, c. 13), which received royal assent on 10 May 1990 and came into force on 14 December 1990, with a mandate to promote the peaceful use and development of space.",,,,,Canadian Space Agency,"Wikipedia (secondary, citing the Act)",2026-07-22,https://en.wikipedia.org/wiki/Canadian_Space_Agency,Identifies the civil governance anchor and the Canadian party to the CSA-ASA MoU channel; asc-csa.gc.ca was unreachable this session.,2026-07-22,
EV-CANADA-13,canada,,FACT,Medium,"At the 39th Space Symposium (Colorado Springs, April 2024) the Canadian Space Agency announced updated MoUs with the UK Space Agency and the Australian Space Agency; the UK update built on a 2021 MoU, while no public details were released on the updated MoU with the Australian Space Agency, and the original CSA-ASA MoU's date and scope were not established.",,,,,Canadian Space Agency Signs Updated MOU's with UK and Australia Space Agencies,SpaceQ,2024-04-11,https://spaceq.ca/canadian-space-agency-signs-updated-mous-with-uk-and-australia-space-agencies/,"Confirms a bilateral civil-space instrument exists and was refreshed in 2024 — but its contents are unknown, making it a priority validation item and an existing hook for any expanded space cooperation.",2026-07-22,
EV-CANADA-14,canada,,FACT,High,"Canadian launch developer Reaction Dynamics (RDX), builder of the Aurora hybrid-propulsion launch vehicle, and Australian on-orbit servicing company Space Machines Company (developer of the Optimus Viper rapid-response vehicle) announced an MoU at the International Astronautical Congress in Sydney on 10 October 2025 establishing a framework for joint technical exchanges, coordinated planning and cooperative outreach for rapid-response constellation upkeep and satellite servicing.",,,,,RDX signs MOU with Space Machines Company on responsive space operations,SpaceQ,2025-10-10,https://spaceq.ca/rdx-signs-mou-with-space-machines-company-on-responsive-space-operations/,The only Canada-Australia space-specific commercial instrument identified this round — evidence that industry-level space cooperation is forming ahead of any bilateral defence-space instrument.,2026-07-22,
EV-CANADA-15,canada,,FACT,High,"MDA Space Ltd., headquartered in Brampton, Ontario (~3,802 employees, 2025), is Canada's space prime: prime contractor for Sapphire and the RADARSAT Constellation, owner of RADARSAT-2, heir to the Canadarm robotics line (Spar Aerospace robotics division acquired 1999; Canadarm3 contracted for the NASA-led Lunar Gateway), and prime for Telesat Lightspeed; it returned to Canadian ownership in a C$1 billion transaction completed in 2020.",,,,,MDA Space,Wikipedia (secondary),2026-07-22,https://en.wikipedia.org/wiki/MDA_Space,Canada's industrial centre of gravity for any capability-level cooperation; any MDA-Australia footprint was not identified this session (TO_VERIFY).,2026-07-22,
EV-CANADA-16,canada,,FACT,High,The US International Traffic in Arms Regulations contain standing 'Canadian exemptions' at 22 CFR 126.5 — a long-standing Canada-specific licence-exemption regime distinct in instrument and scope from the 2024 AUKUS-era ITAR exemption route that covers Australia and the UK.,,,,,22 CFR 126.5 — Canadian exemptions,US Electronic Code of Federal Regulations (eCFR),2026-07-22,https://www.ecfr.gov/current/title-22/chapter-I/subchapter-M/part-126/section-126.5,"Export-control asymmetry-and-alignment point: both partners sit in preferential US export lanes, but under different instruments — first-order compliance mapping for any trilateral-content space programme. Section existence and heading verified on eCFR; detailed sub-provisions not analysed this session.",2026-07-22,
EV-CANADA-17,canada,,TO_VERIFY,Medium,"Canada is reported to have committed in May 2022 — as the second state after the United States — not to conduct destructive direct-ascent anti-satellite missile testing, a commitment aligned with UNGA resolution 77/41 that Australia also shares; the primary Global Affairs Canada statement, exact date and announcing minister could not be verified this session.",,,,,Announcement of Canada's DA-ASAT test commitment (primary unfetched; canada.ca network-blocked),Global Affairs Canada (unreachable this session),2022-05,canada.ca (URL not confirmed this session),Norms alignment with Australia at near-zero political cost — but the record must be anchored to the primary statement before use; carried TO_VERIFY per one-round honesty.,2026-07-22,
EV-CANADA-18,canada,,ASSESSMENT,Medium,"No Australia-Canada bilateral defence-space instrument of any kind was identified this session: DFAT's bilateral agreements list is civil in character (space cooperation named alongside trade, social security, air services), the CSA-ASA MoU is a civil agency instrument, the 22 June 2026 A-OTHR arrangement is radar/air-domain materiel, space is absent from the named themes of the March 2026 Joint Statement, and the defence-space relationship runs exclusively through multilateral channels (CSpO, Five Eyes, WGS) — an evidenced absence bounded by this session's reachable sources (Canadian federal web estate network-blocked).",,,,,"Session synthesis across DFAT country brief, Defence Ministers release, gov.uk CSpO page, SpaceQ and Wikipedia records",Partnerships model (this baseline round),2026-07-22,"See EV-CANADA-07, -08, -09, -13 sources","The headline negative finding: the closest structural twin Australia has in defence space has no bilateral defence-space channel — the inverse of the New Zealand finding (deep alliance, no space) is 'dense space parallelism, no bilateral defence-space instrument'.",2026-07-22,
EV-FRANCE-01,france,,FACT,Medium,"The Commandement de l'espace (CDE), a joint-service organism of the French Air and Space Force, was created 3 September 2019 and is garrisoned at BA 101 Toulouse on the CNES campus; it superseded the Joint Space Command (CIE) created in 2010, was announced by President Macron on 13 July 2019, has a nominal 2025 strength of about 500 permanent plus 100 non-permanent staff, and is currently commanded by General Vincent Chusseau. It operates or coordinates France's military space assets including CSO, Helios 2 and Pleiades EO, ELISA and CERES SIGINT, Syracuse III/IV communications, and the GRAVES and SATAM space-surveillance systems.",,,,,Commandement de l'espace,Wikipedia (French); corroborated by Wikipedia (English) 'French Space Command',2026-07-22 (accessed),https://fr.wikipedia.org/wiki/Commandement_de_l%27espace,"Identifies Australia's military counterpart, its location, scale and asset portfolio; secondary source, primary French MOD pages not fetched.",2026-07-22,
EV-FRANCE-02,france,,FACT,Medium,"France's 2019 Space Defence Strategy (strategie spatiale de defense) was rolled out in July 2019 — Macron announced the creation of a space command on 13 July 2019 and Armed Forces Minister Florence Parly set out the implementation on 25 July 2019 (Toulouse basing, initial 220 staff, legal-framework evolution) — creating a new military function of 'action in space' assigned to the renamed Armee de l'air et de l'espace and implemented by the CDE, whose objective is to deter and, if necessary, protect and defend French interests in space.",,,,,Commandement de l'espace,Wikipedia (French),2026-07-22 (accessed),https://fr.wikipedia.org/wiki/Commandement_de_l%27espace,France's authoritative defence-space policy frame; establishes the active-defence orientation that shapes what cooperation France will and will not entertain.,2026-07-22,
EV-FRANCE-03,france,,FACT,Medium,"The CSO (Composante spatiale optique) system — the imaging component of the MUSIS program — comprises three 3,565 kg Airbus Defence and Space (Toulouse)-built optical reconnaissance satellites with Thales Alenia Space optical instruments, operated by CNES, the DGA and the armed forces staff: CSO-1 launched 19 December 2018 (800 km, ~35 cm class THR), CSO-2 launched 29 December 2020 (480 km, extremely-high-resolution), and CSO-3 launched 6 March 2025 on Ariane 62, completing the constellation. A March 2015 bilateral accord gave Germany a EUR 210 million participation in the third satellite in exchange for image-access rights.",,,,,Composante spatiale optique,Wikipedia (French),2026-07-22 (accessed),https://fr.wikipedia.org/wiki/Composante_spatiale_optique,France's flagship military EO capability — one of the three domains named in the bilateral military-space DoI — and a worked precedent (Germany) for paid partner access to imagery.,2026-07-22,
EV-FRANCE-04,france,,FACT,Medium,"Syracuse IV is France's hardened X/Ka-band military satellite communications program (~EUR 3.6 billion; Thales Alenia Space and Airbus Defence and Space): Syracuse 4A launched 24 October 2021 on Ariane 5 and Syracuse 4B on 5 July 2023 on the final Ariane 5 flight, tripling Syracuse III throughput with anti-jamming and EMP protection; the planned third satellite (Syracuse 4C) was cancelled in April 2023 to redirect funding to the EU IRIS2 constellation.",,,,,Syracuse (satellite),Wikipedia (English),2026-07-22 (accessed),https://en.wikipedia.org/wiki/Syracuse_(satellite),Milsatcom is the second DoI domain; the 4C-for-IRIS2 decision evidences France's EU-first drift in space capability economics.,2026-07-22,
EV-FRANCE-05,france,,FACT,Medium,"CERES (Capacite de renseignement electromagnetique spatiale) — three formation-flying 516 kg signals-intelligence satellites built by Airbus Defence and Space (space segment) and Thales Alenia Space (platforms/mission chain), launched together 16 November 2021 on Vega VV20 from Kourou (~EUR 450 million) — gives France space-based detection, location and characterisation of radars and telecommunications emitters worldwide, with first operational use reported in spring 2022 over Ukraine.",,,,,CERES (satellite),Wikipedia (English),2026-07-22 (accessed),https://en.wikipedia.org/wiki/CERES_(satellite),Rounds out the full-spectrum capability picture: France holds a sovereign space-SIGINT capability Australia lacks.,2026-07-22,
EV-FRANCE-06,france,,FACT,Medium,"Under the ARES (Action et resilience spatiale) operation co-led by the DGA and the CDE, France is developing two in-orbit demonstrators — YODA (Yeux en orbite pour un demonstrateur agile), a geostationary patroller-guetteur described as a European first, and TOUTATIS in low orbit — while the 2024-2030 military planning law funds a space-operations C4OS command centre, on-orbit lasers (FLAMHE) and a ground-based laser (BLOOMLASE), with these capabilities to be operational before the end of the decade. The CDE's operational brigade (BAOS) comprises five units: C3OS, COSMOS, CMOS, ECAS and CRIS.",,,,,Commandement de l'espace,Wikipedia (French),2026-07-22 (accessed),https://fr.wikipedia.org/wiki/Commandement_de_l%27espace,Evidence of a funded active space-defence line — proximity operations and directed energy — that differentiates France's posture from Australia's restraint-first position. Reported EGIDE follow-on not evidenced; TO_VERIFY.,2026-07-22,
EV-FRANCE-07,france,,FACT,High,"Ariane 6 (prime contractor ArianeGroup, operated by Arianespace for ESA) first flew on 9 July 2024 from ELA-4 at the Guiana Space Centre, Kourou; its first commercial flight, VA263 on 6 March 2025, successfully deployed the French military CSO-3 reconnaissance satellite into sun-synchronous orbit — a national military payload on the new European launcher from French territory.",,,,,Ariane 6,Wikipedia (English),2026-07-22 (accessed),https://en.wikipedia.org/wiki/Ariane_6,Sovereign launch restored on a current-generation vehicle; France has no evidenced need for Australian launch geography — a where-not-a-strong-fit datum.,2026-07-22,
EV-FRANCE-08,france,,FACT,High,"France is one of the seven Combined Space Operations (CSpO) initiative members — with Australia, Canada, Germany, New Zealand, the UK and the US — that co-drafted the CSpO Vision 2031, published 22 February 2022, committing partners to accelerate combined military space operations as responsible space actors; French sources record the December 2024 CSpO session in Florence with ten allied nations attending.",,,,,Combined Space Operations Vision 2031,UK Ministry of Defence (gov.uk),2022-02-22,https://www.gov.uk/government/publications/combined-space-operations-vision-2031,The standing multilateral defence-space channel Australia and France share; France's accession date to CSpO not established this session.,2026-07-22,
EV-FRANCE-09,france,,FACT,High,"France formally joined the US-led Multinational Force Operation Olympic Defender, announced by US Space Command on 14 October 2024 (simultaneously with Germany), after USSPACECOM's commander formally invited France on 9 April 2024; OOD, in existence since 2013 and previously comprising the US, UK, Australia and Canada among others, coordinates partner efforts to protect space assets, and France retains operational control of its own military space capabilities within it.",,,,,France and Germany join U.S.-led space defense coalition,SpaceNews (Sandra Erwin),2024-10-14,https://spacenews.com/france-and-germany-join-u-s-led-space-defense-coalition/,Puts Australia and France inside the same operational space coalition from October 2024 — the venue in which bilateral intent can be operationalised without a new instrument — while evidencing France's sovereignty caveat.,2026-07-22,
EV-FRANCE-10,france,,FACT,High,"At the second Australia-France Foreign and Defence Ministerial Consultations (Paris, 30 January 2023), Ministers 'welcomed the signature of a declaration of intent between the two countries on military space cooperation, including in the areas of earth observation, space situational awareness and satellite communication military capabilities' (para 34), and separately agreed to foster civil space cooperation including Earth observation for climate and disaster resilience, and to cooperate in international forums to promote an approach based on responsible behaviours in outer space (para 35). The same statement announced the joint 155mm ammunition supply to Ukraine, Australia's support for France's first full Talisman Sabre participation, an annual Chiefs of Defence dialogue and a FANC-ADF Regional Cooperation Plan, and agreement to meet again in 2+2 format in 2024.",,,,,Second France-Australia Foreign and Defence Ministerial Consultations - joint statement,Minister for Foreign Affairs of Australia (foreignminister.gov.au),2023-01-30,https://www.foreignminister.gov.au/minister/penny-wong/media-release/second-france-australia-foreign-and-defence-ministerial-consultations,"Primary-source anchor for the keystone bilateral military-space instrument and the surrounding defence architecture; the DoI's own text, date and signatories remain unlocated. No third 2+2 appears in DFAT's engagement list to Sep 2025 — an assessed counter-indicator.",2026-07-22,
EV-FRANCE-11,france,,FACT,High,"The Australia-France Roadmap ('A New Agenda for Bilateral Cooperation'), launched in Canberra on 4 December 2023 by Foreign Ministers Wong and Colonna, contains a dedicated space-cooperation section — continued cooperation on space and Earth observation including Committee on Earth Observation Satellites climate initiatives, strengthening bilateral and multilateral discussions on sustainable use of space and debris prevention, a commitment that 'we will discuss opportunities in relation to space situational awareness', and exploration of commercial opportunities between the French and Australian space sectors including new space actors — and its defence-industry section cites 'activities under the Declaration of Intent to cooperate in the military space domain' as a live workstream.",,,,,Australia-France Roadmap - A New Agenda for Bilateral Cooperation,Department of Foreign Affairs and Trade (Australia),2023-12-04,https://www.dfat.gov.au/countries/france/australia-france-roadmap-new-agenda-bilateral-cooperation,The standing leaders-endorsed frame that keeps space on the bilateral agenda; its SSA line is the most concrete opening for Australia's geography-based offer.,2026-07-22,
EV-FRANCE-12,france,,FACT,High,"The Australian Space Agency and CNES signed a Memorandum of Understanding (published on space.gov.au 30 April 2024; 12 pages; pictured signatories CNES interim CEO Lionel Suchet and ASA head Enrico Palermo) to develop both countries' space capabilities, particularly in space operations, space science, Earth observation, positioning systems and communications. The ASA's own published list of 17 international arrangements shows its 2018-2019 first wave covered Canada, the UK, UAE, NASA, ESA, Italy, Germany and New Zealand — with no French instrument until this 2024 MoU.",,,,,The Australian Space Agency and the Centre National d'Etudes Spatiales,Australian Space Agency (space.gov.au),2024-04-30,https://www.space.gov.au/mou-between-australia-and-france,"The civil space instrument, verified on the primary Australian Government page; the first-wave absence (an assessed timing point from the same primary list) shows the space lane lagged the political rupture-repair cycle by five years.",2026-07-22,
EV-FRANCE-13,france,,FACT,High,"The 1 July 2022 joint statement by Prime Minister Albanese and President Macron (Paris) reset the relationship after AUKUS and committed the two countries to 'explore cooperation on strategic space issues, such as space domain awareness, to promote a safe, stable and secure space domain, and ensure freedom of access to, and action in, space'; it also committed to build on 'our long-established mutual logistical support arrangements', to deepen reciprocal access to defence facilities, and named FRANZ and enhanced dialogue in sectors including space.",,,,,Joint statement by France and Australia,Prime Minister of Australia (pm.gov.au),2022-07-01,https://www.pm.gov.au/media/joint-statement-france-and-australia,Head-of-government origin of the current space lane — space named in the reset document itself — and the only located evidence of existing mutual logistics arrangements.,2026-07-22,
EV-FRANCE-14,france,,FACT,Medium,"The Attack-class submarine program with France's Naval Group (design selected April 2016; Strategic Partnering Agreement signed 11 February 2019; twelve boats initially projected in excess of A$50 billion, later estimated A$89.7 billion) was cancelled on 15-16 September 2021 when Australia announced AUKUS; France recalled its ambassador from Canberra; Australia's incoming government settled with Naval Group for EUR 555 million (US$583.58 million), announced 11 June 2022, and by July 2025 France's ambassador stated defence relations had recovered.",,,,,Attack-class submarine; corroborated by 'Australia-France relations',Wikipedia (English),2026-07-22 (accessed),https://en.wikipedia.org/wiki/Attack-class_submarine,The rupture that dates and explains every current bilateral space instrument; demonstrated program-scale political risk in both directions.,2026-07-22,
EV-FRANCE-15,france,,FACT,Medium,"France's Talisman Sabre trajectory: observer in 2021 (Australia-based personnel), first full participation in 2023 (one of 13 nations; 21st Marine Infantry Regiment) — confirmed in the primary Jan 2023 2+2 statement as 'France's first full participation in Exercise Talisman Sabre in 2023, following its participation as an observer member in 2021' — and expanded participation in 2025 (frigate FS Vendemiaire, an A330 MRTT of the Air and Space Force, and the 21st Marine Infantry Regiment, among 19 participating nations).",,,,,Exercise Talisman Sabre,Wikipedia (English); 2021/2023 corroborated by foreignminister.gov.au joint statement 30 Jan 2023,2026-07-22 (accessed),https://en.wikipedia.org/wiki/Exercise_Talisman_Sabre,An observer-to-full-to-expanded exercise trajectory evidencing appetite for combined activity — the template OPP-FRANCE-B would extend into the space domain.,2026-07-22,
EV-FRANCE-16,france,,FACT,High,"France's Pacific architecture with Australia, per the Jan 2023 2+2 and DFAT: the FRANZ trilateral HADR mechanism with New Zealand marked its 30th anniversary in 2022-23 (origin 1992); both countries cooperate through the Pacific Quadrilateral Defence Coordination Group (with NZ and the US) on maritime security and countering IUU fishing; France hosted the 2023 South Pacific Defence Ministers' Meeting in New Caledonia (attended by Australia's Defence Minister in December 2023); and Ministers agreed enhanced mutual access to defence infrastructure supported by an annual Chiefs of Defence dialogue and a Regional Cooperation Plan between the New Caledonian Armed Forces and the ADF. France's Pacific territories New Caledonia and French Polynesia are full members of the Pacific Islands Forum.",,,,,Second France-Australia Foreign and Defence Ministerial Consultations - joint statement; France country brief,Minister for Foreign Affairs of Australia; DFAT,2023-01-30,https://www.foreignminister.gov.au/minister/penny-wong/media-release/second-france-australia-foreign-and-defence-ministerial-consultations,"France is the only European partner resident in Australia's primary area of military interest — the frame in which space products (EO for HADR, maritime surveillance) have immediate joint customers.",2026-07-22,
EV-FRANCE-17,france,,FACT,Medium,"France signed the Artemis Accords on 7 June 2022 (Philippe Baptiste, president of CNES); Australia was a founding signatory on 13 October 2020 (Megan Clark, head of the Australian Space Agency).",,,,,Artemis Accords,Wikipedia (English),2026-07-22 (accessed),https://en.wikipedia.org/wiki/Artemis_Accords,Shared civil-space normative instrument; France's 2022 signature is another marker of the same-period pivot toward US-aligned space frameworks.,2026-07-22,
EV-FRANCE-18,france,,ASSESSMENT,Medium,"No evidence was located this session that France has made the unilateral commitment against destructive direct-ascent ASAT missile testing that Australia, the US, Germany, New Zealand and others have made; France's funded active-defence lines (GEO and LEO patrollers, on-orbit and ground-based lasers) and its stated retention of operational control within OOD indicate a posture that preserves freedom of action in space. France's vote on UNGA resolution 77/41 (December 2022) was not verified this session (the UN Digital Library record was unreachable). Assessment: France supports responsible-behaviours language (2+2 para 35, CSpO Vision 2031) but has not self-bound on DA-ASAT testing.",,,,,Analytical judgement across fetched sources (2+2 joint statement; CSpO Vision 2031; Commandement de l'espace article); UN vote record unreachable,This baseline (register analysis),2026-07-22,-,Norms divergence with Australia's declared restraint position — a constraint on joint normative initiatives and a deliberate contrast with the NZ baseline's alignment finding. Both the vote and any French moratorium statement are Validation backlog items.,2026-07-22,
EV-ITALY-01,italy,,FACT,High,"DFAT's Italy country brief records diplomatic relations since 1949 between 'highly-developed, complementary G20 economies'; Italy's foreign policy is 'centred on a strong European Union (EU) and North Atlantic Treaty Organisation (NATO), and multilateralism more broadly'. The brief's agreements paragraph lists 'numerous bilateral agreements... including on social security, double taxation, trade and cooperation' — no defence instrument is named. Listed high-level engagement 2022-2025 consists of leader meetings on G7/G20/NATO summit sidelines and assistant-minister visits; no bilateral leader visit and no defence-minister meeting appears, while Italian investment in Australia 'spans infrastructure (Webuild, Ghella), defence (Leonardo), energy (Eni, Enel)' among 60+ Italian firms with a stable Australian presence.",,,,,Italy country brief,Department of Foreign Affairs and Trade (Australia),2026-07-22 (accessed; page undated),https://www.dfat.gov.au/geo/italy/italy-country-brief,"Baseline bilateral architecture: warm, economically substantial, multilateral-first relationship with no named defence instrument and junior-level political engagement — the frame any space cooperation must sit inside.",2026-07-22,
EV-ITALY-02,italy,,FACT,High,"DFAT states: 'The Australian Space Agency maintains a strong partnership with the Italian Space Agency (ASI), with growing prospects for joint space missions and satellite technology development', and that both countries 'are partners in the Square Kilometre Array project — an international effort to build the world's largest radio telescope, with sites in Australia and South Africa'.",,,,,Italy country brief (bilateral relationship section),Department of Foreign Affairs and Trade (Australia),2026-07-22 (accessed; page undated),https://www.dfat.gov.au/geo/italy/italy-country-brief,"Australian government's own current characterisation of the space relationship — declaratory warmth ('strong partnership', 'growing prospects') that outruns the single evidenced instrument (EV-ITALY-03).",2026-07-22,
EV-ITALY-03,italy,,FACT,High,On 17 February 2020 the Australian Space Agency and the Italian Space Agency signed a statement of intent (SSI) 'to consider a joint Australia-Italy activity on the International Space Station'; the ASA publishes the instrument under 'Arrangements with international partners'.,,,,,The Australian Space Agency and the Italian Space Agency — Statement of intent,Australian Space Agency,2020-02-17,https://www.space.gov.au/statement-of-intent-between-the-australian-space-agency-and-the-italian-space-agency,"The only Australia-Italy space instrument located: agency-level, narrow (one ISS activity, 'to consider'), and with no evidenced follow-through in six years — the concrete anchor for the maturity score.",2026-07-22,
EV-ITALY-04,italy,,FACT,High,"The ASA's international partnerships page lists ASI under 'Our broader international space partners' (with Canada, CNES, DLR, NZ, KASA, UAE) — not among the featured key partnerships (US, India, Japan, UK, etc.); of the 17 arrangements in the ASA's published list of international arrangements, the sole Italian entry is the 17 February 2020 statement of intent.",,,,,International partnerships; Publications — Arrangements with international partners,Australian Space Agency,2026-07-22 (accessed),https://www.space.gov.au/international-partnerships ; https://www.space.gov.au/publications?publication_categories=45,"Places Italy precisely in the ASA's own hierarchy: second tier, one narrow dormant instrument — a check on DFAT's 'strong partnership' language (EV-ITALY-02).",2026-07-22,
EV-ITALY-05,italy,,FACT,High,"Italy's first national space law — Legge 13 giugno 2025, n. 89, 'Disposizioni in materia di economia dello spazio' — entered into force on 25 June 2025 (Gazzetta Ufficiale n.144 of 24 June 2025). Its 31 articles cover authorisation and supervision of space activities by operators (Title II), national registration of space objects (Title III), operator and State liability (Title IV) and space-economy measures including planning and space-infrastructure/procurement provisions (Title V); Art. 1 frames space access as 'a strategic crossroads of geopolitical, economic, scientific and military interests'. The Normattiva consolidated text shows amendment as recently as 19 December 2025.",,,,,"LEGGE 13 giugno 2025, n. 89 — Disposizioni in materia di economia dello spazio (25G00095)",Normattiva (Presidenza del Consiglio dei Ministri),2025-06-13,https://www.normattiva.it/uri-res/N2Ls?urn:nir:stato:legge:2025-06-13;89,"Confirms the 'first national space law, June 2025' claim against the primary legal text — a regulatory-maturity marker Australia's Space (Launches and Returns) Act counterpart discussions can hook onto.",2026-07-22,
EV-ITALY-06,italy,,FACT,Medium,"The Italian Space Agency (ASI), established 1988 under government jurisdiction, holds Italy's delegation to the ESA Council, had a budget of about EUR 2.0 billion (2020), and operates the Centre for Space Geodesy at Matera and the Broglio Space Centre in Kenya (now communications-only); ASI is the major (65%) backer of the Vega launcher programme and co-developed COSMO-SkyMed with the Ministry of Defence.",,,,,Italian Space Agency (Wikipedia — secondary; asi.it unreachable content this session),Wikipedia,2026-07-22 (accessed),https://en.wikipedia.org/wiki/Italian_Space_Agency,"Civil governance baseline: a large, well-funded national agency with sovereign programmes — the counterpart organisation for any Australian civil-space line of effort.",2026-07-22,
EV-ITALY-07,italy,,FACT,Medium,"COSMO-SkyMed is Italy's dual-use (civil-military) X-band SAR Earth-observation constellation, funded by the research and defence ministries with Thales Alenia Space as prime: first generation of four satellites launched 2007-2010; second generation (CSG) launched CSG-1 on 18 December 2019, CSG-2 on 31 January 2022, CSG-3 on 3 January 2026, with CSG-4 planned for 2027. It delivers up to 1 m Spotlight resolution and ~450 images per satellite per day; e-GEOS (Telespazio 80%, ASI 20%) holds exclusive worldwide commercial data rights, and defence ground-segment participation includes France, with Argentina partnered via SIASGE.",,,,,COSMO-SkyMed (Wikipedia — secondary),Wikipedia,2026-07-22 (accessed),https://en.wikipedia.org/wiki/COSMO-SkyMed,"Italy's flagship dual-use capability: sovereign SAR ISR at scale with an established commercial release channel (e-GEOS) — the most accessible Italian capability for Australian maritime/disaster use, and proof Italy runs G2G data-sharing partnerships (France, Argentina) that do not yet include Australia.",2026-07-22,
EV-ITALY-08,italy,,FACT,Medium,"SICRAL is Italy's military satellite communications system: SICRAL 1B, launched 20 April 2009 (Thales Alenia Space-built, Italsat 3000 bus), carries EHF/Ka, UHF and SHF transponders with capacity shared between the Italian Ministry of Defence, Telespazio commercial use and NATO operations; the joint Space Operations Command also lists SICRAL 2 in the operated constellation.",,,,,SICRAL 1B; Space Operations Command (Italy) (Wikipedia — secondary),Wikipedia,2026-07-22 (accessed),https://en.wikipedia.org/wiki/SICRAL_1B,Sovereign milsatcom with NATO-releasable capacity — capability family Australia's JP9102 experience maps to; no Australian connection evidenced.,2026-07-22,
EV-ITALY-09,italy,,FACT,Medium,"OPTSAT-3000, launched 2 August 2017 on a Vega from the Guiana Space Centre, is the Italian Ministry of Defence's optical reconnaissance satellite: built by Israel Aerospace Industries, 368 kg, sun-synchronous LEO, delivering 0.5 m panchromatic imagery with simultaneous multispectral channels.",,,,,OPTSAT-3000 (Wikipedia — secondary),Wikipedia,2026-07-22 (accessed),https://en.wikipedia.org/wiki/OPTSAT-3000,Completes the sovereign military ISR picture (radar + optical) and shows Italy buys abroad (IAI) when it suits — relevant to Australian assumptions about Italian industrial nationalism.,2026-07-22,
EV-ITALY-10,italy,,FACT,Medium,"Italy's joint Space Operations Command (Comando delle Operazioni Spaziali, COS) was founded in June 2020 in Rome under the Joint Operations Command, preceded by a General Office for Space in the Defence Staff (late 2019); it manages the military constellation — SICRAL 1B and 2, Athena-Fidus, OPTSAT-3000 and COSMO-SkyMed — and has collaborated with the Navy on studying conversion of the carrier Giuseppe Garibaldi into a rocket-launch platform.",,,,,"Space Operations Command (Italy) (Wikipedia — secondary, citing Difesa Online, Ares Difesa, Forbes)",Wikipedia,2026-07-22 (accessed),https://en.wikipedia.org/wiki/Space_Operations_Command_(Italy),Identifies the Italian military space counterpart organisation — something the New Zealand baseline could not do for NZ — and an unusual sea-launch line of experimentation.,2026-07-22,
EV-ITALY-11,italy,,FACT,High,"IRIDE is an Italian Earth-observation constellation 'entirely developed in Italy', managed by ESA with ASI support and funded under Italy's PNRR National Recovery and Resilience Plan / NextGenerationEU: six sub-constellations mixing SAR and optical (visible/IR) sensors; 16 satellites in orbit following launches of the HEO Pathfinder (14 January 2025), seven HEO satellites (23 June 2025) and eight Eaglet II satellites (28 November 2025), with further launches through 2026 and complete deployment by end-2028; industrial teams include Argotec with Officina Stellare and OHB Italia with Optec.",,,,,IRIDE (programme page),Agenzia Spaziale Italiana,2026-07-22 (accessed),https://www.asi.it/en/earth-science/iride/,"Live, funded, fast-moving national EO build-out with security applications listed among its services — the growth programme any near-term Australia-Italy EO data conversation would target.",2026-07-22,
EV-ITALY-12,italy,,FACT,Medium,"Vega C, with Italy's Avio as prime contractor, flew its maiden flight on 13 July 2022, failed on its first commercial flight on 21 December 2022 (Zefiro 40 nozzle erosion, two Pleiades Neo satellites lost), and returned to flight on 5 December 2024 with Sentinel-1C; it lifts ~2,300 kg to 700 km polar orbit from the Guiana Space Centre, flew four missions between April 2025 and May 2026 (BIOMASS, CO3D/MicroCarb, KOMPSAT-7, SMILE), and ESA decided in August 2024 to let Avio commercialise the launcher directly.",,,,,Vega C (Wikipedia — secondary),Wikipedia,2026-07-22 (accessed),https://en.wikipedia.org/wiki/Vega_C,"Italy's launch credential: an operating national-prime light-medium launcher — but flown from French Guiana in a European frame, so it neither needs Australian ranges nor offers sovereign-territory launch, unlike the NZ case.",2026-07-22,
EV-ITALY-13,italy,,FACT,Medium,Italy and Australia were both among the eight founding signatories of the Artemis Accords on 13 October 2020 (Italy via Undersecretary of State Riccardo Fraccaro; Australia via ASA head Megan Clark); the Accords had 70 signatories as of 17 July 2026.,,,,,Artemis Accords (Wikipedia — secondary),Wikipedia,2026-07-22 (accessed),https://en.wikipedia.org/wiki/Artemis_Accords,Shared founding-signatory status in the main US-led civil-space norms instrument — cost-free alignment already banked.,2026-07-22,
EV-ITALY-14,italy,,FACT,Medium,"Italy committed to the moratorium on destructive direct-ascent ASAT missile testing in April 2023, the thirteenth nation to do so, per US NSC space policy director Audrey Schaffer at the Secure World Foundation Summit for Space Sustainability ('So far, 13 nations have made that commitment, most recently Italy in April'); the underlying UNGA resolution (A/RES/77/41, December 2022) passed 155-9 with 9 abstentions.",,,,,More countries encouraged to commit to halt destructive ASAT tests (Jeff Foust),SpaceNews,2023-06-15,https://spacenews.com/more-countries-encouraged-to-commit-to-halt-destructive-asat-tests/,Corrects the tasking hypothesis ('2022?') — Italy's commitment is April 2023 — and aligns Italy with Australia's own DA-ASAT test restraint; Italian primary statement not located this session.,2026-07-22,
EV-ITALY-15,italy,,FACT,High,"Italy (through ASI) is one of the 19 EU member states constituting the EU Space Surveillance and Tracking (EU SST) Partnership, and the Italian Operations Centre is in charge of the partnership's Re-entry (RE) and Fragmentation (FG) analysis services, per the EU SST site's July 2026 material.",,,,,About us — EU SST Partnership,EU Space Surveillance and Tracking,2026-07-22 (accessed; sensor-network map dated July 2026),https://www.eusst.eu/about-us/,"Italy's SDA weight sits in the EU frame with a named national lead role — a capable SDA actor whose data pathways run through Brussels, not bilateral channels.",2026-07-22,
EV-ITALY-16,italy,,FACT,High,The Italian Navy Carrier Strike Group — carrier Cavour and FREMM frigate Alpino — left Taranto on 1 June 2024 for a five-month Indo-Pacific deployment and reached Australia in July 2024 to participate in Exercise Pitch Black 2024.,,,,,Italian CSG reaches Australia and participates to exercise 'Pitch Black 2024'; Italian Carrier Strike Group starts five-month deployment to the Indo-Pacific,Naval News,2024-07-13,https://www.navalnews.com/naval-news/2024/07/italian-csg-reaches-australia-and-participates-to-exercise-pitch-black-2024/,First-order evidence of Italy's new Indo-Pacific military presence reaching Australian territory — the general-defence opening a space lane could ride.,2026-07-22,
EV-ITALY-17,italy,,FACT,Medium,"Exercise Pitch Black 2024 (12 July - 2 August 2024, RAAF Darwin and Tindal) was the largest in the exercise's history with 20 participating nations; Italy took part for the first time, the exercise saw its first-ever aircraft carrier participation (Cavour), and an Italian Eurofighter Typhoon crashed on 24 July 2024 (pilot ejected safely).",,,,,"Exercise Pitch Black (Wikipedia — secondary, citing Defense News, ABC News)",Wikipedia,2026-07-22 (accessed),https://en.wikipedia.org/wiki/Exercise_Pitch_Black,Confirms and dates Italy's first-ever participation in an Australian-hosted exercise — the single strongest recent bilateral defence datapoint located.,2026-07-22,
EV-ITALY-18,italy,,FACT,Medium,"The RAAF operates 10 Alenia (now Leonardo) C-27J Spartan battlefield airlifters, acquired via US Foreign Military Sales (initial December 2011 request valued ~US$950 million), delivered 2015-April 2018 to No. 35 Squadron; the fleet's combat role was removed in July 2021, and Australia's 2026 National Defence Strategy announced the C-27J's retirement in favour of commercial aircraft.",,,,,Alenia C-27J Spartan (Wikipedia — secondary),Wikipedia,2026-07-22 (accessed),https://en.wikipedia.org/wiki/Alenia_C-27J_Spartan,"The main Italian-origin materiel line in the ADF — routed through US FMS rather than any bilateral instrument (the NZ-pattern), and now ending: the materiel link is shrinking, not growing.",2026-07-22,
EV-NORWAY-01,norway,,FACT,High,"Norway is a founding member of the United Nations (1945), NATO (1949), the OECD (1961) and the OSCE (1973), and a WTO member (1995); it is not an EU member but participates in the European single market through EFTA and the EEA agreement.",,,,,Norway country brief,Australian Department of Foreign Affairs and Trade,2026,https://www.dfat.gov.au/geo/norway/norway-country-brief,"Strategic context — Norway's Atlantic-institutional frame; NATO membership is the alliance layer Australia does not share (Australia is a NATO partner, not a member).",2026-07-22,
EV-NORWAY-02,norway,,FACT,High,"Australia and Norway established diplomatic ties in 1947; DFAT's country brief lists exactly three bilateral agreements — Social Security (2007), Double Taxation (2007) and Medical Treatment for Temporary Visitors (2004) — with no defence, security-of-information or space instrument of any kind; the Australian Embassy in Copenhagen holds accreditation to Norway (no resident mission in Oslo); Australia 'works closely with Norway on Antarctic and oceans issues'.",,,,,Norway country brief,Australian Department of Foreign Affairs and Trade,2026,https://www.dfat.gov.au/geo/norway/norway-country-brief,"Relationship architecture — the headline negative: the bilateral treaty stack is civil-administrative only, and diplomatic infrastructure is thin. Bounded by the DFAT listing; Australian Treaties Database sweep pending (backlog #4).",2026-07-22,
EV-NORWAY-03,norway,,FACT,High,"Defence ministers exchanged visits in September 2024: Deputy PM Marles visited Norway meeting PM Store, Defence Minister Gram and FM Eide, and Norwegian Defence Minister Gram visited Australia to open the Kongsberg Mawson Lakes facility, meeting Marles, Conroy and Watts; Norwegian investment stock in Australia was $42.9 billion (2024), two-way trade $2.27 billion (2025), with arms and ammunition among major Norwegian imports and DFAT noting Norwegian defence companies 'making significant investments in Australia, including Kongsberg's facilities'.",,,,,Norway country brief (high level engagement and economic diplomacy sections),Australian Department of Foreign Affairs and Trade,2026,https://www.dfat.gov.au/geo/norway/norway-country-brief,"Relationship architecture / trajectory — the ministerial channel exists and runs warm, but is materiel-industrial in content; no standing bilateral defence dialogue is evidenced.",2026-07-22,
EV-NORWAY-04,norway,,FACT,High,"Norway was welcomed into the Combined Space Operations (CSpO) initiative at the December 2023 CSpO conference hosted by Germany, alongside Italy and Japan; the initiative, established 2014 with Australia a founding member, has grown to ten partners: Australia, Canada, France, Germany, Italy, Japan, New Zealand, Norway, the UK and the US.",,,,,"CSpO Joint Statement: Ten Years, Ten Nations: One Initiative (5 Oct 2024) — register-carried record EV-USSFCSPO-08, verified prior round; defence.gov.au Akamai-blocked this session",Australian Department of Defence,2024-10,https://www.defence.gov.au/news-events/releases/2024-10-05/cspo-joint-statement-ten-years-ten-nations-one-initiative,Forum — CSpO is the single space-specific vehicle Australia and Norway share; Norway is the newest cohort with Italy and Japan. Shared multilateral instrument (per-partner copy).,2026-07-22,
EV-NORWAY-05,norway,,FACT,High,"The CSpO Principals' Board met 17 April 2026 in Colorado Springs with all ten nations including Norway and Australia participating, committing to redouble delivery of capabilities for combined operations with particular focus on Multi-National Force-Operation Olympic Defender; senior officials will reconvene in December 2026 in Oslo, Norway.",,,,,Combined Space Operations (CSpO) Initiative Principals' Board Meets to Advance Combined Operations Efforts,New Zealand Defence Force,2026-04,https://www.nzdf.mil.nz/media-centre/news/combined-space-operations-cspo-initiative-principals-board-meets-to-advance-combined-operations-efforts/,"Forum / opportunity timing — Oslo hosts the next CSpO senior-officials meeting in December 2026: a dated, low-cost hook for a first Australia-Norway space conversation.",2026-07-22,
EV-NORWAY-06,norway,,FACT,Medium,"Norway is not among the publicly announced members of Multi-National Force-Operation Olympic Defender: announced members as of mid-2026 are the US, UK, Australia, Canada, France, Germany and New Zealand (New Zealand recognised 11 April 2025); no announcement of Norwegian accession was found in sources accessed across this project's sessions.",,,,,"New Zealand joins space multinational force - Operation Olympic Defender — register-carried record EV-JAPANSDA-06, verified prior round",US Space Command,2025-04,https://www.spacecom.mil/Newsroom/News/Article-Display/Article/4154114/new-zealand-joins-space-multinational-force-operation-olympic-defender/,"Negative finding — Norway sits in CSpO but not in the operational layer beneath it, unlike Germany and New Zealand; caps the 'work inside existing structures' route.",2026-07-22,
EV-NORWAY-07,norway,,FACT,Medium,"Space Norway, established 2014, operates as a commercial limited liability company entirely owned by the Government of Norway; in July 2019 it contracted Northrop Grumman (build) and SpaceX (launch) for the two-satellite Arctic Satellite Broadband Mission, launched August 2024; Space Norway holds a 50 per cent stake in Kongsberg Satellite Services.",,,,,Space Norway (Wikipedia — secondary; Norwegian primary not reached this session),Wikipedia,2026-07,https://en.wikipedia.org/wiki/Space_Norway,Space governance — the wholly state-owned operator at the centre of Norway's state-industrial space triangle.,2026-07-22,
EV-NORWAY-08,norway,,FACT,Medium,"The two ~2,000 kg ASBM satellites launched 12 August 2024 on Falcon 9 from Vandenberg into 16-hour highly elliptical orbits (8,089 x 43,509 km, 63.4 deg) providing coverage north of 65 deg N for a minimum 15 years; each hosts a US Space Force EPS-R (Enhanced Polar System-Recapitalization) EHF XDR payload for protected Arctic communications, an Inmarsat GX10A/10B Ka-band payload, and a Norwegian Ministry of Defence X-band payload stated to be interoperable with the Wideband Global SATCOM (WGS) constellation.",,,,,"ASBM 1, 2 (Gunter's Space Page — established secondary technical reference)",Gunter's Space Page (Gunter Krebs),2026-07,https://space.skyrocket.de/doc_sdat/asbm-1.htm,"Capability — the allied hosted-payload model in full: US military, UK-headquartered commercial and Norwegian military payloads on a Norwegian state-owned bus; the X-band/WGS interoperability note is a latent seam with Australia's WGS access.",2026-07-22,
EV-NORWAY-09,norway,,FACT,High,"The US Space Force International Partnership Strategy (June 2025) lists among 'proven examples' of partnership success the Deep Space Advanced Radar Capability (DARC) with the United Kingdom and Australia, Wideband Global SATCOM (WGS), and 'hosting payloads on Allied systems such as Norway's Arctic Satellite Broadband Mission (ASBM) and Japan's Quasi-Zenith Satellite System (QZSS)' — placing Australia's and Norway's contributions in the same sentence of exemplar models.",,,,,"U.S. Space Force International Partnership Strategy (June 2025) — register-carried record EV-USSFCSPO-04/EV-USSFFORC-17, verified prior round",United States Space Force,2025-06,https://csps.aerospace.org/sites/default/files/2025-10/USSF%20International%20Partnership%20Strategy%20(June%202025).pdf,Cooperation posture — Washington already treats Canberra and Oslo as parallel exemplars of the same allied burden-sharing pattern; the two have never run it with each other.,2026-07-22,
EV-NORWAY-10,norway,,FACT,Medium,"Australia's own allied/hosted SATCOM pattern: Australia was the first international WGS partner, funding the sixth WGS satellite (~A$927m) under a 14 November 2007 US-Australia MOU in exchange for assured access; the ADF's UHF hosted payload on commercial Intelsat IS-22 (launched 2012) was extended in November 2025 via an A$180m agreement securing services through at least 2033 with options to 2041.",,,,,"Register-carried records EV-MILSATCO-13/-14/-17 (Space Connect, SES press release, Australian Defence Magazine), verified prior round; not re-fetched this session",Space Connect / SES / Australian Defence Magazine (via project evidence register),2025-11,https://www.spaceconnectonline.com.au/industry/6850-180m-agreement-secures-adf-satcoms-through-the-2030s,"Australian value proposition — establishes that Norway's ASBM/EPS-R model and Australia's WGS/IS-22 model are the same partnership pattern, making a hosted-payload practice exchange the natural first agenda item.",2026-07-22,
EV-NORWAY-11,norway,,FACT,Medium,"Kongsberg Satellite Services (KSAT), established 2002 and headquartered in Tromso, is owned 50/50 by Space Norway and Kongsberg Defence & Aerospace and operates more than 200 antennas at ~23 sites (company website: 300+ antennas, 28 locations, LEO-to-lunar); SvalSat at 78 deg N is described as the world's largest ground station for polar-orbiting satellites, and TrollSat at Troll research station, Queen Maud Land, Antarctica (operating since 1 March 2007) pairs with it so polar-orbit customers can downlink twice per orbit.",,,,,"Kongsberg Satellite Services and Troll Satellite Station (Wikipedia — secondary), corroborated by ksat.no network page (fetched)",Wikipedia / KSAT,2026-07,https://en.wikipedia.org/wiki/Kongsberg_Satellite_Services,Capability — world-leading polar ground segment including the Antarctic node on Australia's side of the planet; the pole-to-pole pairing is the template for any Australia-Norway ground-segment logic.,2026-07-22,
EV-NORWAY-12,norway,,FACT,Medium,"According to the Norwegian Communications Authority (as reported), KSAT is permitted to service Chinese state-owned defence contractor Chang Guang Satellite Technology Corporation.",,,,,Kongsberg Satellite Services (Wikipedia — secondary; regulator primary not reached this session),Wikipedia (citing Norwegian Communications Authority),2026-07,https://en.wikipedia.org/wiki/Kongsberg_Satellite_Services,Constraint — commercial-permissiveness flag; a due-diligence item for any Australian defence payload or data routing through KSAT infrastructure.,2026-07-22,
EV-NORWAY-13,norway,,FACT,Medium,"Andoya Space, operating since 1962 (1,200+ sounding rocket launches) and renamed from Andoya Rocket Range in 2014, is 90 per cent owned by the Norwegian trade ministry and 10 per cent by Kongsberg Defence & Aerospace; Andoya Spaceport, established 2018 with NOK 365.6m state funding, hosted the first orbital launch attempt from continental Europe — Isar Aerospace's Spectrum, 30 March 2025, terminated after an anomaly ~30 seconds into flight — with Isar holding 20-year exclusive access to its launch pad.",,,,,Andoya Space (Wikipedia — secondary),Wikipedia,2026-07,https://en.wikipedia.org/wiki/And%C3%B8ya_Space,Capability — sovereign orbital launch infrastructure (a capability Australia's spaceports also pursue) inside the state-Kongsberg ownership triangle.,2026-07-22,
EV-NORWAY-14,norway,,FACT,Medium,"Norway's AIS maritime-surveillance smallsat line was built on the High North rationale (80 per cent of Arctic shipping passes through Norway's EEZ): AISSat-1 (6 kg, launched 12 July 2010) was developed through cooperation of the Norwegian Defence Research Establishment (FFI), the Norwegian Space Centre and the Coastal Administration, with the AIS payload supplied by Kongsberg Seatex; AISSat-2 followed 2014 (ceased October 2023), AISSat-3 was lost in a November 2017 launch failure, and AISSat-4 is scheduled for 2026.",,,,,AISSat-1 (Wikipedia — secondary),Wikipedia,2026-07,https://en.wikipedia.org/wiki/AISSat-1,"Capability — operational maritime-domain-awareness smallsats with a defence-research (FFI) pedigree; thematically adjacent to Australia's maritime surveillance problem, though pointed at the opposite ocean.",2026-07-22,
EV-NORWAY-15,norway,,FACT,Medium,"The Norwegian Space Agency, established 1987 as the Norwegian Space Centre and renamed February 2019, is an agency under the Norwegian trade-and-industry ministry, created in conjunction with Norway's 1987 accession to ESA; Norway hosts the largest ground station of the EU Galileo navigation system.",,,,,Norwegian Space Agency (Wikipedia — secondary),Wikipedia,2026-07,https://en.wikipedia.org/wiki/Norwegian_Space_Agency,Space governance — civil agency and ESA channel; no military space organisation surfaced this round (backlog #1).,2026-07-22,
EV-NORWAY-16,norway,,FACT,High,"On 22 August 2024 the Australian Government announced it will contribute up to $850 million in partnership with Kongsberg Defence Australia to manufacture and service Naval Strike Missiles and Joint Strike Missiles at Williamtown near Newcastle — one of only two facilities in the world capable of producing both, the other being Kongsberg, Norway — and named Kongsberg Defence Australia a strategic partner in the GWEO Enterprise; the NSM equips Hobart-class destroyers and Anzac-class frigates replacing Harpoon, and HMAS Sydney test-fired an NSM in July 2024.",,,,,Albanese Government investment to boost Long-Range Strike for ADF and deliver jobs for Hunter Region (22 Aug 2024),Australian Minister for Defence Industry (minister.defence.gov.au),2024-08-22,https://www.minister.defence.gov.au/media-releases/2024-08-22/albanese-government-investment-boost-long-range-strike-adf-deliver-jobs-hunter-region,Materiel/industrial — the deepest Australia-Norway link: sovereign co-production of Norwegian missiles in Australia. The release contains no space content — evidence for the empty-space-rail finding.,2026-07-22,
EV-NORWAY-17,norway,,FACT,High,"On 5 September 2024 Australia announced a $142 million contract with Kongsberg Defence & Aerospace to deliver the Joint Strike Missile (F-35A internal-bay, range >275 km) from 2025, announced alongside Norway's Minister of Defence Bjorn Arild Gram at the opening of Kongsberg Defence Australia's $25 million Mawson Lakes facility in South Australia, which will assemble NSM launchers from mostly Australian-manufactured components; the GWEO Enterprise commitment is $16-21 billion over the decade.",,,,,Acquisition of Joint Strike Missile to boost Australia's Long-Range Strike Capability (5 Sep 2024),Australian Deputy Prime Minister / Minister for Defence Industry (minister.defence.gov.au),2024-09-05,https://www.minister.defence.gov.au/media-releases/2024-09-05/acquisition-joint-strike-missile-boost-australias-long-range-strike-capability,Materiel/industrial — Norway's defence minister physically present in Australia for the announcement; again zero space content. Corroborated by the 24 Sep 2024 release on Marles's reciprocal visit to Norway (fetched).,2026-07-22,
EV-NORWAY-18,norway,,FACT,Medium,Norway signed the Artemis Accords on 15 May 2025 (per the US State Department press release 'United States Welcomes Norway's Signing of the Artemis Accords'); Australia was a founding signatory on 13 October 2020.,,,,,"Artemis Accords signatories table (Wikipedia — secondary, citing US Department of State press release of 15 May 2025)",Wikipedia / US Department of State,2025-05,https://en.wikipedia.org/wiki/Artemis_Accords,"Norms — recent, deliberate Norwegian alignment with the US-led civil space framework Australia co-founded; a shared multilateral instrument.",2026-07-22,
EV-ROK-01,rok,,FACT,High,"On 13 December 2021, during President Moon Jae-in's state visit to Australia (12-15 December, marking 60 years of diplomatic relations), Prime Minister Morrison and President Moon elevated the bilateral relationship to a Comprehensive Strategic Partnership (CSP) with three pillars — strategic and security; economic, innovation and technology; and people-to-people exchange — implemented through annual leaders' meetings, biennial Foreign and Defence Ministers' 2+2 meetings, an annual Strategic Dialogue and Defence Policy Talks.",,,,,Australia-Republic of Korea Comprehensive Strategic Partnership (joint statement),Department of Foreign Affairs and Trade (Australia),2021-12-13,https://www.dfat.gov.au/geo/republic-of-korea/republic-korea-south-korea/australia-republic-korea-comprehensive-strategic-partnership,"Head-of-government frame for all Australia-ROK cooperation, including the space paragraph (para 20) and defence-industry instruments signed during the same visit.",2026-07-22,
EV-ROK-02,rok,,FACT,High,"Paragraph 20 of the 2021 CSP joint statement records that Australia and the ROK 'are close partners on earth observation and imagery captured from space', that the two governments 'have signed a Memorandum of Understanding on Space Cooperation for Peaceful Purposes to promote joint studies, research and activities between institutes and industries acting in the space sector', that an annual Australia-ROK Space Policy Dialogue was established (inaugural dialogue 2022, to explore bilateral space cooperation and support international norms-of-behaviour efforts), and that the 2022 Australia-ROK Tech-Bridge would focus on space cooperation.",,,,,"Australia-Republic of Korea Comprehensive Strategic Partnership (joint statement), para 20",Department of Foreign Affairs and Trade (Australia),2021-12-13,https://www.dfat.gov.au/geo/republic-of-korea/republic-korea-south-korea/australia-republic-korea-comprehensive-strategic-partnership,THE headline positive finding: a dedicated bilateral government-to-government space instrument and a standing annual space dialogue exist — the condition Germany and New Zealand both fail. Signatories and full text of the MoU were not located this session.,2026-07-22,
EV-ROK-03,rok,,FACT,High,"At IAC 2025 in Sydney (29 September - 3 October 2025) 'a new Memorandum of Understanding and Statement of Intent with the Korea Aerospace Administration' was signed among the Congress's international agreements; separately, the Australian Space Agency lists the Korea AeroSpace Administration among 'our broader international space partners' (alongside CSA, CNES, ASI, DLR, NZSA and UAESA) rather than among its key partnerships (US, India, ESA, Japan).",,,,,"Australia delivers an iconic IAC in Sydney (news, 10 Oct 2025); International partnerships (page accessed 22 Jul 2026)",Australian Space Agency,2025-10-10,https://www.space.gov.au/news-and-media/australia-delivers-iconic-iac-2025-in-sydney,"Agency-to-agency layer refreshed within 17 months of KASA's establishment; also calibrates the relationship tier — named partner, but second-tier in ASA's own presentation. Exact date, signatories and scope of the KASA MoU/SoI not located this session.",2026-07-22,
EV-ROK-04,rok,,FACT,High,"The 2015 Blueprint for Defence and Security Cooperation between Australia and the ROK contains an activity area headed 'Cyber Security and Space Security' which states 'Both sides will also cooperate on space security' — the only defence-level bilateral text naming space located this session; the surrounding text is dominated by cyber (bilateral cyber-policy dialogue, KrCERT/CC-CERT Australia collaboration).",,,,,Blueprint for Defence and Security Cooperation between Australia and the Republic of Korea 2015,Department of Foreign Affairs and Trade (Australia),2015,https://www.dfat.gov.au/geo/republic-of-korea/blueprint-for-defence-and-security-cooperation-between-australia-and-the-republic-of-korea,"A dormant but existing defence-space hook: the bilateral defence lane already carries a space security cooperation commitment on paper, a decade old and thinly specified.",2026-07-22,
EV-ROK-05,rok,,FACT,High,"The biennial Foreign and Defence Ministers' 2+2 was established in 2013; Australia is the only country other than the United States and Canada to hold a 2+2 with the ROK; the sixth 2+2 was hosted by Deputy Prime Minister Marles and Foreign Minister Wong in Melbourne on 1 May 2024, where ministers agreed 'to explore ways to develop an enduring reciprocal defence cooperation framework'; supporting architecture includes Defence Ministerial Dialogues, Strategic Dialogues, Defence Policy Talks, Service-to-Service MOUs between all three ROK services and their Australian counterparts (signed 19 October 2023 in Seoul), and exercises — ROK participation in TALISMAN SABRE since 2021 and PITCH BLACK since 2022, bilateral maritime exercise HAEDOLI WALLABY since 2012, and new bilateral land exercise TIGER DINGO from 2024. DFAT's summary of the 2024 2+2 outcomes contains no space content.",,,,,Republic of Korea country brief (security cooperation section),Department of Foreign Affairs and Trade (Australia),2026-07-22,https://www.dfat.gov.au/geo/republic-of-korea/republic-of-korea-country-brief,"Dense, growing general defence architecture with no evidenced space line of effort — the structural gap a space insertion would fill. The 2024 2+2 joint statement text itself returned 'access denied' this session and its space content is unverified.",2026-07-22,
EV-ROK-06,rok,,FACT,High,"During the December 2021 state visit, Australia and the ROK signed a Memorandum of Understanding on Defence Industry and Defence Materiel Cooperation, enabling the ROK's Defense Acquisition Program Administration (DAPA) to work more closely with Australia's Capability Acquisition and Sustainment Group (CASG) on procurement information sharing; leaders also agreed to strengthen defence science and technology collaboration.",,,,,"Australia-Republic of Korea Comprehensive Strategic Partnership (joint statement), para 6",Department of Foreign Affairs and Trade (Australia),2021-12-13,https://www.dfat.gov.au/geo/republic-of-korea/republic-korea-south-korea/australia-republic-korea-comprehensive-strategic-partnership,The acquisition-agency channel (DAPA-CASG) that any Australia-ROK space materiel cooperation would run through.,2026-07-22,
EV-ROK-07,rok,,FACT,Medium,"In December 2021 (signed 13 December, during the Moon visit) CASG and Hanwha Defense Australia signed a contract for 30 AS9 Huntsman self-propelled howitzers and 15 AS10 armoured ammunition resupply vehicles under LAND 8116 Phase 1, valued around US$788 million (approx. A$1 billion), to be built under licence at Hanwha's Geelong, Victoria facility; in February 2022 Hanwha selected the 150,000 sq m site for its first overseas factory, the Hanwha Armoured Vehicle Centre of Excellence (H-ACE), with construction from April 2022.",,,,,"K9 Thunder (Australia section, citing The Korea Herald 13 Dec 2021 and Defence Connect)",Wikipedia (secondary; primary press unreachable this session),2026-07-22,https://en.wikipedia.org/wiki/K9_Thunder,First major ROK-Australia materiel programme and the physical industrial anchor (H-ACE) for Hanwha's Australian presence — the beachhead any Hanwha space-industry play into Australia would build on.,2026-07-22,
EV-ROK-08,rok,,FACT,High,"On 8 December 2023 Hanwha Defense Australia signed an approximately $4 billion contract with the Commonwealth for 129 AS21 Redback infantry fighting vehicles under LAND 400 Phase 3 (down-select announced July 2023); all 129 vehicles are to be manufactured in Australia, with deliveries beginning 2027 and the fleet delivered in full by 2028, plus training and support components through Final Acceptance in 2029.",,,,,HDA signs Land 400 Phase 3 contract,Australian Defence Magazine,2023-12-08,https://www.australiandefence.com.au/defence/land/hda-signs-land-400-phase-3-contract,Second and larger materiel programme; deepens the ROK defence-industrial footprint in Victoria. Reported contract values vary across outlets (~A$4bn contract; A$5-7bn total acquisition cost in other reporting).,2026-07-22,
EV-ROK-09,rok,,FACT,Medium,"The Korea AeroSpace Administration (KASA) was established on 27 May 2024 at Sacheon, South Gyeongsang, under the Ministry of Science and ICT, overseeing KARI and KASI, with a FY2026 budget of about 1.12 trillion won (~US$749m) and 293 staff; flagship programmes include a lunar landing target by 2032, the KSLV-III launcher (first launch targeted 2030), and the Korean Positioning System (KPS) — a regional navigation constellation of eight satellites, ~3.72 trillion won through 2035, approved June 2021, first launch scheduled 2027 and full capability by 2035.",,,,,KASA; Korean Positioning System (Wikipedia articles),Wikipedia (secondary; kasa.go.kr JS-blocked this session),2026-07-22,https://en.wikipedia.org/wiki/KASA,Civil counterpart identification (KASA is the body behind the October 2025 MoU/SoI with the ASA) and the sovereign PNT and launch trajectory that gives the ROK independent weight in any partnership.,2026-07-22,
EV-ROK-10,rok,,FACT,Medium,"The Republic of Korea Air Force is designated the aerial and space warfare service branch of South Korea, and established a Space Operations Center at Air Force Headquarters in 2021; separately, the United States activated United States Space Forces - Korea, a USSF component field command under US Forces Korea, at Osan Air Base on 14 December 2022 to plan, coordinate and conduct space operations on the peninsula.",,,,,"Republic of Korea Air Force; United States Space Forces Korea (Wikipedia articles, citing Aviation Week and Air & Space Forces Magazine)",Wikipedia (secondary),2026-07-22,https://en.wikipedia.org/wiki/Republic_of_Korea_Air_Force,"Military space counterpart identification — ROKAF Space Operations Center — and demonstration that ROK allied military-space integration runs through the US alliance lane, not the multilateral CSpO lane Australia uses. The role of the ROK Strategic Command (reportedly stood up 2024) in space was not verified this session.",2026-07-22,
EV-ROK-11,rok,,FACT,Medium,"South Korea is among the states that followed the April 2022 US commitment not to conduct destructive direct-ascent anti-satellite missile testing (listed by the Arms Control Association alongside Australia, Canada, Germany, Japan, New Zealand, Switzerland and the UK); the UN First Committee resolution calling on states to commit to such a moratorium was adopted on 1 November 2022 by 154-8 with 10 abstentions.",,,,,UN First Committee Calls for ASAT Test Ban,"Arms Control Association (Arms Control Today, December 2022)",2022-12,https://www.armscontrol.org/act/2022-12/news/un-first-committee-calls-asat-test-ban,Norms alignment with Australia at nil instrument cost. The precise ROK announcement date (reported as October 2022 via MOFA) was not confirmed against a primary source this session — hence Medium.,2026-07-22,
EV-ROK-12,rok,,FACT,High,"The Camp David trilateral leaders' statement of Japan, the ROK and the United States (18 August 2023) committed to 'operationalize our sharing of missile warning data on the DPRK in real-time' by end-2023 (a mid-August 2023 test had been conducted), to hold annual named multi-domain trilateral exercises, and to 'enhance trilateral dialogue on space security cooperation, particularly regarding threats in the space domain, national space strategies, and the responsible use of space'.",,,,,"The Spirit of Camp David: Joint Statement of Japan, the Republic of Korea, and the United States",The White House (Biden administration archive),2023-08-18,https://bidenwhitehouse.archives.gov/briefing-room/statements-releases/2023/08/18/the-spirit-of-camp-david-joint-statement-of-japan-the-republic-of-korea-and-the-united-states/,The ROK's operational space-adjacent cooperation runs US-Japan-ROK trilateral — a lane Australia is not in. Confirmation that real-time data sharing was activated in December 2023 was not obtained from a fetchable source this session.,2026-07-22,
EV-ROK-13,rok,,FACT,Medium,"The 425 Project fielded five military reconnaissance satellites for near-real-time monitoring of DPRK nuclear and missile activity and reduced reliance on foreign intelligence: one EO/IR satellite (launched 1 December 2023) and four SAR satellites (launched April 2024, December 2024, April 2025 and 2 November 2025), all on SpaceX Falcon 9 vehicles, overseen by DAPA, with Thales Alenia Space involvement in the radar satellites.",,,,,425 Project (Wikipedia article),Wikipedia (secondary),2026-07-22,https://en.wikipedia.org/wiki/425_Project,Sovereign military ISR constellation completed November 2025 — a capability New Zealand lacks entirely and Germany matches only in SAR; also shows launch dependence on US commercial vehicles.,2026-07-22,
EV-ROK-14,rok,,FACT,Medium,"ANASIS-II, South Korea's first dedicated military communications satellite (Eurostar E3000 bus, geostationary at 116.2 degrees East), was built by Airbus Defence and Space as part of the offset package for the ROK's purchase of 40 F-35s and launched on a Falcon 9 on 20 July 2020; it is operated via the Agency for Defense Development for ROK forces.",,,,,ANASIS-II (Wikipedia article),Wikipedia (secondary),2026-07-22,https://en.wikipedia.org/wiki/ANASIS-II,"Sovereign milsatcom segment (single satellite) — completes the picture of ROK military space capability across ISR, SATCOM and launch.",2026-07-22,
EV-ROK-15,rok,,FACT,Medium,"Nuri (KSLV-II), the ROK's first fully domestically developed orbital launcher (KARI-designed; Korea Aerospace Industries final assembly; Hanwha Aerospace engines; ~US$1.5bn development), failed its first flight in October 2021, succeeded on 21 June 2022 — making South Korea the seventh country able to orbit a satellite of at least one tonne — and flew successfully again on 25 May 2023 and 26 November 2025 from Naro Space Center; the KSLV-III successor is targeted around 2030.",,,,,Nuri (rocket) (Wikipedia article),Wikipedia (secondary),2026-07-22,https://en.wikipedia.org/wiki/Nuri_(rocket),Sovereign liquid-fuel launch capability with an industrial prime (Hanwha Aerospace) already contracted to the ADF on land materiel — the industrial crossover point.,2026-07-22,
EV-ROK-16,rok,,FACT,High,"On 4 December 2023 the ROK military conducted the third test of its Agency for Defense Development solid-fuel space launch vehicle from a barge south of Jeju Island, for the first time orbiting an operational (not dummy) satellite — a small satellite built by Hanwha Systems; the Ministry of National Defense framed it as accelerating 'space-based reconnaissance and surveillance capabilities, integral to the Korean-style three-axis defense system', with a four-stage vehicle's full launch then planned for 2025.",,,,,South Korea successfully tests solid-fuel space rocket (The Korea Herald via Asia News Network),Asia News Network / The Korea Herald,2023-12-06,https://asianews.network/south-korea-successfully-tests-solid-fuel-space-rocket/,Responsive military launch line distinct from Nuri; 2026 media reporting indicates the fourth test was postponed (June 2026) — currency to verify.,2026-07-22,
EV-ROK-17,rok,,FACT,Medium,"Carnegie analysis (October 2025) records KASA consolidating previously fragmented space functions with a three-hub industrial cluster strategy (Sacheon satellites, Daejeon R&D, Goheung launch; ~380.8bn won 2024-2030); Hanwha Aerospace invested 428.5bn won in Eutelsat OneWeb and acquired control of Earth-observation manufacturer Satrec Initiative (founded 1999 by the KAIST KITSAT-1 team; Hanwha Aerospace holds ~36 per cent); KAI is a quasi-public enterprise and LIG Nex1 an established defence-aerospace player.",,,,,South Korea's Industrial Policy for the New Space Economy (Draudt-Vejares and Kim),Carnegie Endowment for International Peace,2025-10-30,https://carnegieendowment.org/research/2025/10/south-koreas-industrial-policy-for-the-new-space-economy,"Maps the industrial base — and the same conglomerate (Hanwha) sits on both the ADF materiel contracts and the ROK space programme, an unusual two-domain industrial bridge to Australia.",2026-07-22,
EV-ROK-18,rok,,ASSESSMENT,Medium,"The CSpO Vision 2031 (22 February 2022) names the participants of the Combined Space Operations initiative as 'Australia, Canada, France, Germany, New Zealand, the United Kingdom, and the United States' with no mention of the Republic of Korea; with the December 2023 additions publicly reported as Italy, Japan and Norway, no public source located this session lists the ROK as a CSpO member as at July 2026 — the ROK sits outside the multilateral defence-space grouping through which Australia conducts most of its allied space cooperation.",,,,,Combined Space Operations Vision 2031,UK Ministry of Defence (gov.uk),2022-02-22,https://www.gov.uk/government/publications/combined-space-operations-vision-2031,"The structural negative finding: unlike Germany and New Zealand (both CSpO members), the ROK shares no standing multilateral military-space venue with Australia — bilateral instruments are therefore the only defence-space route.",2026-07-22,
EV-SINGAPORE-01,singapore,,FACT,High,"Australia and Singapore have been bound by a Comprehensive Strategic Partnership since 2015; at the 10th Annual Leaders' Meeting on 8 October 2025 Prime Ministers Albanese and Wong launched CSP 2.0, a 2025-2035 framework structured around five pillars including 'deepening defence cooperation' and 'growing research and technology cooperation'. 2025 marked 60 years of diplomatic relations and 10 years of the CSP.",,,,,Singapore country brief,Department of Foreign Affairs and Trade (Australia),2026-07-22 (accessed),https://www.dfat.gov.au/geo/singapore/singapore-country-brief,The bilateral strategic frame any Australia-Singapore space line of effort would sit under; current to mid-2026.,2026-07-22,
EV-SINGAPORE-02,singapore,,FACT,High,"Under CSP 2.0, Defence Ministers signed an MOU on Enhanced Defence Cooperation supporting reciprocal access to defence facilities - expanded ADF access in Singapore and increased SAF access to Australian training areas including Shoalwater Bay - plus deepened collaboration in defence science and technology, professional exchanges, and defence supply chains. This builds on the 2020 Treaty Concerning Military Training and Training Area Development (ASMTI), the 2017 treaty supporting continuation of RSAF training at RAAF Base Pearce, the signature joint biennial Exercise TRIDENT, and 'a suite of MOUs' covering personnel exchanges, military intelligence cooperation, and defence science and technology.",,,,,"Australia-Singapore Comprehensive Strategic Partnership (CSP) 2.0, 2025-35",Department of Foreign Affairs and Trade (Australia),2026-07-22 (accessed),https://www.dfat.gov.au/countries/singapore/australia-singapore-comprehensive-strategic-partnership-csp-20-2025-35,The full stack of bilateral defence machinery; the existing defence S&T MoU is the natural carrier for a first defence-space thread.,2026-07-22,
EV-SINGAPORE-03,singapore,,FACT,High,"The full CSP 2.0 declaration page - including Pillar 4 'Forging New Frontiers', which names cyber and emerging technology, Artificial Intelligence, science and innovation, education, health and digital economy - contains zero occurrences of the word 'space'. No space initiative appears anywhere in the flagship 2025-2035 bilateral framework.",,,,,"Australia-Singapore Comprehensive Strategic Partnership (CSP) 2.0, 2025-35",Department of Foreign Affairs and Trade (Australia),2026-07-22 (accessed),https://www.dfat.gov.au/countries/singapore/australia-singapore-comprehensive-strategic-partnership-csp-20-2025-35,"Negative finding: space is absent from the newest and most ambitious bilateral instrument, signed October 2025.",2026-07-22,
EV-SINGAPORE-04,singapore,,FACT,High,"DFAT's Singapore country brief, accessed 22 July 2026, contains no mention of space cooperation in any form, while covering defence, border security, trade, science and innovation, education, digital economy and climate.",,,,,Singapore country brief,Department of Foreign Affairs and Trade (Australia),2026-07-22 (accessed),https://www.dfat.gov.au/geo/singapore/singapore-country-brief,Negative finding: space is absent from Australia's official framing of the relationship.,2026-07-22,
EV-SINGAPORE-05,singapore,,FACT,High,"The Singapore-Australia Joint Ministerial Committee (SAJMC), established 1996, is a 3+3 mechanism of Defence, Foreign and Trade Ministers meeting every two years. At the 13th SAJMC (Canberra, 1 May 2023) Ministers welcomed SAF training in Australia including Exercise Wallaby 2022, RSAF detachments, joint development of Queensland training areas, increased complexity of Exercise Trident, and strengthened cooperation on defence science and technology, logistics, and the digital and information environments. The communique contains no space content.",,,,,Joint Communique of the 13th Meeting of the Singapore-Australia Joint Ministerial Committee,Minister for Foreign Affairs (Australia),2023-05-01,https://www.foreignminister.gov.au/minister/penny-wong/media-release/joint-communique-13th-meeting-singapore-australia-joint-ministerial-committee,The standing ministerial channel and its current defence agenda; space absent.,2026-07-22,
EV-SINGAPORE-06,singapore,,FACT,High,"At the 14th SAJMC (Singapore, 3 December 2024) Ministers welcomed the completion of the Shoalwater Bay Training Area expansion that year as 'a significant milestone in the bilateral defence relationship'; commended the increased complexity of bilateral joint Exercise Trident 2024, 'which included a defence science and technology integration activity'; reaffirmed commitment to the FPDA and ADMM-Plus; and tasked officials to finalise next-phase CSP initiatives for launch in 2025. The communique contains no space content.",,,,,Joint Communique of the 14th Meeting of the Singapore-Australia Joint Ministerial Committee,Minister for Foreign Affairs (Australia),2024-12-03,https://www.foreignminister.gov.au/minister/penny-wong/media-release/14th-meeting-singapore-australia-joint-ministerial-committee-singapore,"Most recent SAJMC: SWBTA expansion complete, a live defence S&T exercise thread exists, and space is still absent.",2026-07-22,
EV-SINGAPORE-07,singapore,,FACT,Medium,"In March 2020 Singapore and Australia signed the Treaty on Military Training and Training Area Development, a key CSP deliverable underwriting A$2.25 billion investment to jointly develop military training areas and advanced training facilities in Central and North Queensland, building on 30 years of Singapore's training in Australia. RSAF 130 Squadron is based at RAAF Base Pearce (WA) and 126 Squadron at Oakey Army Aviation Centre (Qld).",,,,,Australia-Singapore relations (Wikipedia; secondary - defence.gov.au unreachable this session),Wikipedia,2026-07-22 (accessed),https://en.wikipedia.org/wiki/Australia%E2%80%93Singapore_relations,"Treaty-level, capital-committing defence presence: the depth benchmark against which the empty space lane is measured.",2026-07-22,
EV-SINGAPORE-08,singapore,,FACT,Medium,"The Five Power Defence Arrangements (Australia, Malaysia, New Zealand, Singapore, UK), established by the FPDA Joint Communique of 16 April 1971 and effective 1 November 1971, are a consultative arrangement - not a binding alliance - committing members to consult in the event of external armed attack on Malaysia or Singapore. It runs the annual Bersama exercise series and the Integrated Area Defence System headquartered at RMAF Butterworth under an Australian Air Vice-Marshal. No space content is recorded.",,,,,Five Power Defence Arrangements (Wikipedia; secondary),Wikipedia,2026-07-22 (accessed),https://en.wikipedia.org/wiki/Five_Power_Defence_Arrangements,The shared multilateral defence instrument; a standing combined command-and-exercise structure with no space lane.,2026-07-22,
EV-SINGAPORE-09,singapore,,FACT,Medium,"The Office for Space Technology and Industry (OSTIn) was established under the Singapore Economic Development Board in 2013 to grow Singapore's role in the global space industry, taking a whole-of-government approach: its steering committee, chaired by the EDB Chairman, comprises EDB, A*STAR, MCI, MOE, MFA, MTI, MOT, MINDEF and NRF. On 27 June 2016 SES signed its inaugural cooperation agreement with EDB/OSTIn on satellite technologies R&D in Singapore.",,,,,"Leading Global Satellite Operator SES Partners with Singapore EDB's Office for Space Technology and Industry (SES press release, carried by SpaceNews)",SES / SpaceNews,2016-06-27,https://spacenews.com/leading-global-satellite-operator-ses-partners-with-singapore-edbs-office-for-space-technology-and-industry/,"Singapore's space governance is economic-development-led, with MINDEF at the table but not in the chair.",2026-07-22,
EV-SINGAPORE-10,singapore,,FACT,Medium,"TeLEOS-1, Singapore's first commercial Near Equatorial Orbit (NEqO) Earth observation satellite: 400 kg, ~550 km circular orbit at 15 degrees inclination, 1 m electro-optical resolution, 12-16 hour average revisit of the equatorial belt for homeland security, maritime awareness and disaster monitoring. Built by ST Electronics (Satellite Systems), a May 2011 joint venture of ST Electronics, Nanyang Technological University and DSO National Laboratories; launched 16 December 2015 on India's PSLV; operated by AgilSpace.",,,,,TeLEOS 1 (Gunter's Space Page; corroborated by Wikipedia TeLEOS-1),Gunter's Space Page,2026-07-22 (accessed),https://space.skyrocket.de/doc_sdat/teleos-1.htm,Sovereign Singaporean EO capability with defence-lab lineage (DSO) and a distinctive equatorial-orbit niche.,2026-07-22,
EV-SINGAPORE-11,singapore,,FACT,Medium,"TeLEOS-2 is a 741-750 kg Singaporean SAR Earth observation satellite carrying a made-in-Singapore synthetic aperture radar delivering 1 m resolution data, with 500 GB onboard storage and 800 Mbps downlink. It was launched 22 April 2023 on PSLV-C55 to ~586 km at 10 degrees inclination, together with Singapore's 16 kg Lumelite-4. Reported joint development/funding by DSTA and ST Engineering could not be confirmed against a fetchable primary source this session (EDB, DSTA and mindef.gov.sg unreachable) and is held at TO_VERIFY.",,,,,TeLEOS 2 (Gunter's Space Page; launch data corroborated by Wikipedia PSLV-C55),Gunter's Space Page,2026-07-22 (accessed),https://space.skyrocket.de/doc_sdat/teleos-2.htm,"All-weather sovereign SAR in the same equatorial niche - a capability leap over TeLEOS-1, with an unconfirmed but widely reported defence-agency stake.",2026-07-22,
EV-SINGAPORE-12,singapore,,FACT,Medium,"Singapore's defence-technology base: DSTA was formed 15 March 2000 as a statutory board of MINDEF responsible for acquisitions and systems management for MINDEF and the SAF; DSO National Laboratories (established 1972 as the Electronics Test Centre) is the national defence R&D organisation with more than 1,600 research scientists and engineers, launched TeLEOS-1 in 2015, and researches across land, air, sea, space and cyberspace. In July 2026 DSTA partnered with IBM and the SAF's Digital and Intelligence Service on quantum computing for military planning.",,,,,Defence Science and Technology Agency; DSO National Laboratories (Wikipedia; secondary),Wikipedia,2026-07-22 (accessed),https://en.wikipedia.org/wiki/DSO_National_Laboratories,"A capable, closed-loop defence-tech ecosystem that already builds and flies satellites; the counterpart landscape for any defence-space engagement.",2026-07-22,
EV-SINGAPORE-13,singapore,,FACT,Medium,"Singapore's multilateral space posture: acceded to the Outer Space Treaty on 10 September 1976 (Australia ratified 10 October 1967); joined COPUOS in 2019 (in the expansion to 95 members); and signed the Artemis Accords on 28 March 2022, signed by Minister for Trade and Industry Gan Kim Yong - Australia was a founding Artemis Accords signatory on 13 October 2020.",,,,,List of parties to the Outer Space Treaty; UN COPUOS; Artemis Accords (Wikipedia; secondary - UN/NASA primaries not fetched this session),Wikipedia,2026-07-22 (accessed),https://en.wikipedia.org/wiki/Artemis_Accords,"The only space-specific instruments Australia and Singapore share are multilateral: OST, COPUOS and the Artemis Accords - notably signed by Singapore's trade ministry, not its defence ministry.",2026-07-22,
EV-SINGAPORE-14,singapore,,FACT,High,"The Australian Space Agency's international-partnerships page (accessed 22 July 2026) names its key partnerships (United States, India, ESA, United Kingdom, Japan), its regional Pacific engagement, and its 'broader international space partners' (Canadian Space Agency, CNES, ASI, DLR, New Zealand Space Agency, Korea AeroSpace Administration, UAE Space Agency). Its published 'Arrangements with international partners' list (16 entries across two pages) covers Japan NICT, UK, KASA, US, CNES, ASI, DLR, NZ MBIE, ESA, UAE and Canada. Singapore and OSTIn appear nowhere. Caveat: the arrangements list is not exhaustive - the 2021 India MoU is also absent from it - so the strong form of this negative rests on the partner enumeration, not the list.",,,,,International partnerships; Publications - Arrangements with international partners,Australian Space Agency,2026-07-22 (accessed),https://www.space.gov.au/international-partnerships,Evidenced absence: Singapore is not among the ASA's enumerated space partners at any tier.,2026-07-22,
EV-SINGAPORE-15,singapore,,ASSESSMENT,Medium,"No Australia-Singapore bilateral space instrument of any kind was located this session: no government-to-government space agreement, no space agency MoU, no defence-space arrangement, and no space content in any bilateral statement examined. The ~2021 ASA-OSTIn MoU suggested in tasking could not be evidenced on either the ASA's partner pages or in bilateral documents, and is assessed as likely non-existent or minor and unpublicised. Singapore is also not a member of CSpO (the ten members recorded in this model's register - US, UK, Canada, Australia, New Zealand, France, Germany, Italy, Japan, Norway - do not include Singapore) and not a member of Five Eyes.",,,,,Synthesis across sources fetched this session and the model's ussf-cspo register slice,This model (analytical),2026-07-22,"See EV-SINGAPORE-03, -04, -05, -06, -14; partner-baselines/germany.md CSpO records","The core negative finding, and the structural difference from Germany and New Zealand: Singapore sits outside every allied space structure.",2026-07-22,
EV-SINGAPORE-16,singapore,,FACT,High,"Enabling economic and science instruments in force: the Australia-Singapore Digital Economy Agreement entered into force 8 December 2020; the Green Economy Agreement was signed 18 October 2022; the FinTech Bridge Agreement was signed April 2022; CSIRO and A*STAR signed a Master Research Collaboration Agreement in 2022, with a 5-year A*STAR-CSIRO 2+2 Partnership; an MoU on collaboration in innovation and science exists; in June 2025 Home Affairs ministries signed an MoU on Cooperation in Security Matters and held the first Australia-Singapore Security Dialogue; in October 2025 Foreign Ministers signed a Third Country Training Programme MoU.",,,,,"Australia-Singapore Comprehensive Strategic Partnership (CSP) 2.0, 2025-35",Department of Foreign Affairs and Trade (Australia),2026-07-22 (accessed),https://www.dfat.gov.au/countries/singapore/australia-singapore-comprehensive-strategic-partnership-csp-20-2025-35,"Dense enabling rails (digital trade, research, security cooperation) that could carry space data, research or industry cooperation without a new instrument.",2026-07-22,
EV-SINGAPORE-17,singapore,,TO_VERIFY,Low,"OSTIn was reportedly repositioned as Singapore's national space office in about February 2022, with a S$150 million Space Technology Development Programme announced at the Global Space and Technology Convention 2022. Plausible and widely reported at the time, but EDB pages are Incapsula-blocked, ostin.gov.sg does not resolve, and mindef/MTI pages were unreachable this session - no citable page was fetched.",,,,,Not fetched - EDB/MTI primary unreachable this session,Singapore Economic Development Board (expected),,https://www.edb.gov.sg/ (blocked),"If confirmed, Singapore has a funded national space programme and a designated national space office - the natural counterpart for the Australian Space Agency.",2026-07-22,
EV-SINGAPORE-18,singapore,,ASSESSMENT,Medium,"Complementary geography: Singapore's NEqO satellites (15 and 10 degree inclinations) revisit the equatorial belt every 12-16 hours, covering the Malacca and Singapore Straits and archipelagic Southeast Asia - the same maritime approaches that matter to Australia's northern surveillance picture. Australia's continental spread and ground-segment industry could support NEqO downlink and tasking, and Australia's access to polar/SSO EO complements Singapore's equatorial niche. No current arrangement exercises this complementarity.",,,,,Analytical synthesis from TeLEOS orbital parameters,This model (analytical),2026-07-22,"See EV-SINGAPORE-10, -11",The most concrete technical basis for a first Australia-Singapore space cooperation strand.,2026-07-22,
EV-DOMESTIC-01,domestic,,FACT,High,"SmartSat CRC — a consortium of universities and research organisations partnered with industry, funded under the Australian Government's Cooperative Research Centres Program — commenced operations in 2019, is headquartered in Adelaide (Lot Fourteen), researches advanced telecommunications/IoT connectivity, intelligent satellite systems (including the SCARLET-alpha AI spacecraft-autonomy lab) and Earth observation, runs the Kanyini SA Space Services Mission and regional nodes in NSW, Qld and Victoria; its formal Commonwealth funding period ended 30 June 2026 and it is transitioning to the 'Australasian Space Innovation Institute'.",,,,,SmartSat CRC website (home and about pages),SmartSat CRC,2026-07-22,https://smartsatcrc.com/,The nation's largest space R&D consortium and the anchor of the domestic R&D layer; the 30 June 2026 funding-cliff and unconfirmed successor is the live continuity risk for the whole pipeline.,2026-07-22,
EV-DOMESTIC-02,domestic,,FACT,Medium,"iLAuNCH Trailblazer is a $180 million program 'building Australia's enduring space capability', supported by the Department of Education, spanning launch technologies, hypersonics, communications systems, automation and novel materials, engaging 3 regional universities and 20+ industry partners, with a $1.8m iLAuNCH Space Accelerator; University of Southern Queensland leadership is per public program branding and is not stated explicitly on the fetched homepage (TO_VERIFY detail).",,,,,iLAuNCH Trailblazer website,iLAuNCH Trailblazer / University of Southern Queensland,2026-07-22,https://ilaunch.space/,"The largest dedicated space commercialisation instrument in the university sector — and it sits under the education portfolio, not Defence, which shapes who owns the domestic space pipeline.",2026-07-22,
EV-DOMESTIC-03,domestic,,FACT,Medium,"The Defence Trailblazer (Concept to Sovereign Capability), led by the University of Adelaide and UNSW Sydney and supported by the Department of Education, focuses on university-industry collaboration, R&D commercialisation, workforce development and prototyping (100+ technologies advanced, 235+ industry partners) — and space is NOT among the focus areas stated on its site.",,,,,Defence Trailblazer website,Defence Trailblazer (University of Adelaide / UNSW Sydney),2026-07-22,https://dtb.solutions/,"Evidenced negative: the defence-dedicated trailblazer does not name space, so the space-facing trailblazer effort runs through iLAuNCH — outside the Defence-branded channel.",2026-07-22,
EV-DOMESTIC-04,domestic,,FACT,Medium,"The Advanced Strategic Capabilities Accelerator's stated mission is 'to accelerate the development and transition of asymmetric capabilities to the Australian Defence Force through innovation, in order to meet Defence priority needs'; no space-specific ASCA mission or challenge was evidenced on its site this session, and its establishment date and reported replacement of the Defence Innovation Hub were not confirmed.",,,,,ASCA website (mission statement),"Advanced Strategic Capabilities Accelerator, Department of Defence",2026-07-22,https://www.asca.gov.au/,"ASCA is Defence's principal innovation channel to industry; the absence of an evidenced space mission is a gap in the domestic space demand signal (absence-of-evidence, bounded by a JavaScript-heavy site).",2026-07-22,
EV-DOMESTIC-05,domestic,,FACT,Medium,The 2026 National Defence Strategy identifies 'space warfare and cyberwarfare' as a priority spending area with A$38bn projected to 2036 and allocates A$4.3bn to ASCA over the same horizon; the 2023 Defence Strategic Review had recommended 'a more domestic-focused defence industry'.,,,,,"2026 National Defence Strategy (Wikipedia, secondary — the NDS document itself was not fetched)",Wikipedia,2026-07-22,https://en.wikipedia.org/wiki/2026_National_Defence_Strategy,Sets the scale of the stated Defence space investment line against which the thinness of standing Defence-industry space instruments must be read.,2026-07-22,
EV-DOMESTIC-06,domestic,,FACT,Medium,"DSTG runs a dedicated 'Resilient Multi-Mission Space' STaR Shot aiming to provide resilient space-based services direct to the warfighter — space-based surveillance, secure and resilient SATCOM, resilient PNT, advanced space domain awareness and control for sovereign space operations, and autonomous space systems — and quotes the Defence Space Strategy of March 2022: 'Access to, and the free use of space is now a critical enabler, underpinning Australia's ability to project military force'.",,,,,Resilient Multi-Mission Space (STaR Shot page) — URL returned HTTP 403 on the 22 July 2026 adversarial re-check (dst.defence.gov.au now bot-blocked); confidence downgraded High to Medium,Defence Science and Technology Group,2026-07-22,https://www.dst.defence.gov.au/strategy/star-shots/resilient-multi-mission-space,"The standing Defence-research vehicle for space engagement with industry and academia, and the primary Defence source dating and quoting the Defence Space Strategy; content consistent with the main register's DSTG STaR Shot and Defence Space Strategy records.",2026-07-22,
EV-DOMESTIC-07,domestic,,FACT,High,"The Australian Space Agency was established on 1 July 2018 to coordinate civil space matters across government and support the growth and transformation of Australia's space industry; it regulates Australian space activities, opened its Lot Fourteen (Adelaide) office on 19 February 2020, and lists national areas of interest including PNT, Earth observation, communications technologies, and space situational awareness and debris monitoring.",,,,,About the Agency,Australian Space Agency,2026-07-22,https://www.space.gov.au/about-agency,"The civil-side instrument owner: regulator of the launch companies and holder of the domestic-capability grant programs (Moon to Mars, International Space Investment).",2026-07-22,
EV-DOMESTIC-08,domestic,,FACT,Medium,"The Australian Space Agency was seeded with AU$26 million over four years from 2018 plus AU$15 million for international space investment from 2019, and its budget is AU$21.7 million in FY2026/27, with a decrease noted.",,,,,"Australian Space Agency (Wikipedia, secondary)",Wikipedia,2026-07-22,https://en.wikipedia.org/wiki/Australian_Space_Agency,The civil agency's small and declining budget means it cannot anchor domestic industry through gaps in the Defence demand signal — a structural constraint on the internal partnership.,2026-07-22,
EV-DOMESTIC-09,domestic,,FACT,Medium,"Defence Space Command was established on 18 January 2022 under the RAAF (inaugural commander AVM Catherine Roberts), and was restructured and renamed Space Command in July 2023 as an integrated tri-service headquarters in Joint Capabilities Group following the Defence Strategic Review; MAJGEN Gregory Novak took command on 13 December 2023; No. 1 Space Surveillance Unit — operating a space surveillance radar and telescope in partnership with the US Space Force — transferred to Space Command in July 2023.",,,,,"Defence Space Command (Wikipedia, secondary — defence.gov.au primary bot-blocked)",Wikipedia,2026-07-22,https://en.wikipedia.org/wiki/Defence_Space_Command,"Identifies the military-side counterpart for domestic engagement, and evidences institutional churn (restructure within 18 months of stand-up) relevant to demand-signal stability.",2026-07-22,
EV-DOMESTIC-10,domestic,,FACT,High,"JP9102 — Defence's sovereign military satellite communications acquisition (Australian Defence Satellite Communications System), for which Lockheed Martin Australia was selected as preferred tenderer in April 2023 — was cancelled on 4 November 2024, Defence stating 'a single orbit GEO-based satellite communications system would not meet strategic priorities' and pivoting to a resilient multi-orbit approach; reported program value ~US$5bn (SpaceNews) / ~A$7bn (Australian trade press). Impact on domestic industry teams recruited for the program remains TO_VERIFY.",,,,,"Australia abandons $7 billion geostationary satellite program to explore 'multi-orbit' options (fetched 22 July 2026 verification pass); corroborated by main evidence register records (SpaceNews/Via Satellite/ADM, verification CONFIRMED)",SpaceNews (quoting Department of Defence statement of 4 November 2024),2026-07-22,https://spacenews.com/australia-abandons-7-billion-geostationary-satellite-program-to-explore-multi-orbit-options/,"The single most consequential demand-signal event for the domestic space industry in the 2020s, now confirmed: the flagship sovereign SATCOM procurement was cancelled in favour of a multi-orbit approach. Residual TO_VERIFY: domestic industry impact and the SPA9102 narrowband successor's domestic work-share.",2026-07-22,
EV-DOMESTIC-11,domestic,,FACT,Medium,"Gilmour Space Technologies (founded 2013) had its Bowen Orbital Spaceport recognised as Australia's first commercial orbital spaceport on 5 March 2024, received an ASA launch permit on 4 November 2024 and CASA approval on 19 February 2025; its Eris TestFlight 1 launched on 30 July 2025 (AEST) and crashed 14 seconds after lift-off, with TestFlight 2 planned for early 2026; Gilmour received a $52 million Modern Manufacturing Initiative Collaboration award in June 2022.",,,,,"Gilmour Space Technologies (Wikipedia, secondary)",Wikipedia,2026-07-22,https://en.wikipedia.org/wiki/Gilmour_Space_Technologies,"The sovereign orbital launch attempt recorded honestly: licensed spaceport and permit are real, but the first flight failed at 14 seconds and no sovereign orbital launch has yet succeeded; TestFlight 2's outcome by July 2026 is TO_VERIFY.",2026-07-22,
EV-DOMESTIC-12,domestic,,FACT,Medium,"Equatorial Launch Australia's Arnhem Space Centre (near Nhulunbuy, NT) hosted three NASA sounding-rocket launches on 26 June, 6 July and 11 July 2022 — 'NASA's first non-orbital sounding rocket launch from a commercial spaceport outside the United States' — but ceased operations in December 2024 after failing to secure a new land lease with the Northern Land Council, and ELA is relocating to Weipa, Queensland.",,,,,"Equatorial Launch Australia / Arnhem Space Centre (Wikipedia, secondary)",Wikipedia,2026-07-22,https://en.wikipedia.org/wiki/Equatorial_Launch_Australia,A demonstrated world-first domestic capability followed by closure — the clearest single illustration of capability without continuity; Australia currently has no operating near-equatorial launch site.,2026-07-22,
EV-DOMESTIC-13,domestic,,FACT,Medium,"Southern Launch (founded 31 August 2017, Adelaide) operates the Koonibba Test Range (Australia's first commercial space-capable rocket launches, 19 September 2020; HyImpulse SR75 maiden launch 3 May 2024) and the Whalers Way Orbital Launch Complex (permanent approval still under consideration as of the source's 2023 horizon); it held individual ASA test launch licences in 2020, 2021 and 2022 and, as of 2023, operated 'Australia's only rocket facilities approved by the Australian Space Agency for launches to space'.",,,,,"Southern Launch (Wikipedia, secondary)",Wikipedia,2026-07-22,https://en.wikipedia.org/wiki/Southern_Launch,"Evidences the licensed sub-orbital and polar launch infrastructure layer, its use by foreign government and commercial customers, and the unresolved permanent-approval status of the orbital site.",2026-07-22,
EV-DOMESTIC-14,domestic,,FACT,High,"Curtin University's Binar Space Program launched Binar-1 on 28 August 2021 and deployed Binar-2, -3 and -4 from the ISS in August 2024 (launched 4 August 2024), with Binar-5, -6 and -7 scheduled for 30 November 2026; the spacecraft are '100% designed and built in Western Australia' and the program presents itself as 'sovereign capability for Australian universities, industry and defence'.",,,,,Binar Space Program website,Curtin University (Binar Space Program),2026-07-22,https://binarspace.com/,"A second, WA-based university cubesat production line explicitly framing itself as sovereign capability for defence — breadth of the academic smallsat base beyond Canberra.",2026-07-22,
EV-DOMESTIC-15,domestic,,FACT,Medium,"UNSW Canberra Space describes M1 as 'the first in a series of satellites commissioned by the RAAF, continuing the partnership between UNSW Canberra Space and Defence'; M2 Pathfinder demonstrated an onboard software-defined radio operating in orbit; and M2 is a twin-satellite formation-flying mission equipped with advanced radios and telescopes for maritime surveillance demonstrations and communications.",,,,,UNSW Canberra Space (research centre page),UNSW Canberra,2026-07-22,https://www.unsw.edu.au/canberra/our-research/research-centres-institutes/unsw-canberra-space,The clearest evidenced recurring Defence-to-academia space procurement line; launch dates and funding values absent from the source and logged for verification.,2026-07-22,
EV-DOMESTIC-16,domestic,,FACT,Medium,"EOS Space Systems presents itself as 'a trusted and proven leader in delivering unique optical surveillance capabilities for space domain awareness, space intelligence, and space control', with 'high energy laser capabilities for space object tracking, characterisation, identification, optical communications, and remote manoeuvre', 1m and 2m-class optical tracking systems, and 40+ years of laser/optical heritage; its fetched page names no observatory locations and no Defence contracts.",,,,,EOS Space (space systems pages),Electro Optic Systems (EOS),2026-07-22,https://eos-aus.com/space/,"The flagship sovereign SDA/space-control industrial capability — with the honest caveat that its Defence relationship (Learmonth, Mount Stromlo, contracts) is unevidenced on the fetched page and sits on the validation backlog.",2026-07-22,
EV-NZ-18,new-zealand,,FACT,High,"The Arrangement between New Zealand's Ministry of Business, Innovation and Employment and the Australian Space Agency Regarding Space Cooperation for Peaceful Purposes was signed on 22 October 2019 (7 pages, published on space.gov.au). It is expressly non-binding, establishes a Joint Steering Committee, and lists space situational awareness among its areas of cooperation.",CONFIRMED,,,,Arrangement between Australia and New Zealand,Australian Space Agency,2019-10-22,https://www.space.gov.au/arrangement-between-australia-and-new-zealand,"The bilateral space instrument round 1 reported absent — civil, with an SSA clause and standing governance",2026-07-24,
EV-NZ-19,new-zealand,,FACT,High,"New Zealand joined US-led Operation Olympic Defender on 5 September 2024, announced by Defence Minister Judith Collins KC, deploying an NZDF liaison officer to US Space Command in Colorado for two years.",CONFIRMED,,,,New Zealand to join Operation Olympic Defender,NZ Government (Beehive),2024-09-05,https://www.beehive.govt.nz/release/new-zealand-join-operation-olympic-defender,Shared operational military-space vehicle beyond CSpO — verified against the primary,2026-07-24,
EV-NZ-20,new-zealand,,FACT,Medium,"No. 62 Squadron RNZAF — New Zealand's first military space unit since WWII — stood up on 4 July 2025, a unit of roughly a dozen personnel; NZDF's published overview states the Defence Force is 'presently a consumer of space-based services'. Within Joint Commercial Operations, No. 62 Squadron leads the Pacific cell alongside Australia.",CONFIRMED,,,,Look to the stars,New Zealand Defence Force,2025-08-07,https://www.nzdf.mil.nz/media-centre/news/look-to-the-stars/,"Corrects round 1's 'no evidenced NZ military space unit'; the counterpart now exists, at very small scale",2026-07-24,
EV-NZ-21,new-zealand,,FACT,Medium,New Zealand's ground-based space infrastructure licensing regime (Outer Space and High-altitude Activities Amendment 2025) subjects tracking and surveillance ground stations operated for the benefit of specified persons to a national-interest licensing test; its transition period ends on 29 July 2026. Any Australian-linked SDA ground infrastructure in New Zealand is a licensable activity under this regime.,CONFIRMED,,,,Outer Space and High-altitude Activities Amendment Act 2025; Ground-based space infrastructure,New Zealand Parliamentary Counsel Office / MBIE,2025-07-25,https://www.legislation.govt.nz/act/public/2025/0038/latest/whole.html,Time-critical regulatory gate on the most natural Australia-NZ space opportunity,2026-07-24,
EV-NZ-22,new-zealand,,FACT,Medium,"The Catalyst: Strategic Australia-New Zealand Collaborative Space Programme funds joint space research including the Takahē space-based radar mission for maritime domain awareness across the Australia-NZ region, running to February 2029 with funding from both governments.",CONFIRMED,,,,Catalyst: Strategic - Australia New Zealand Collaborative Space Programme,"Ministry of Business, Innovation and Employment (NZ)",2026,https://www.mbie.govt.nz/science-and-technology/science-and-innovation/funding-information-and-opportunities/investment-funds/catalyst-fund/funded-projects/catalyst-strategic-australia-new-zealand-collaborative-space-programme,Funded bilateral space delivery in the civil science channel — a live programme a defence user could join,2026-07-24,
EV-NZ-23,new-zealand,,FACT,Medium,"New Zealand signed its first military-space instrument with any partner — a Statement of Intent with the United States — on 1 July 2026. Australia, despite holding every structural advantage (complete enabling treaty stack, CDR, ANZMIN), was not first.",CONFIRMED,,,,NZ and US sign statement of intent over military space operations,Radio New Zealand (RNZ),2026-07-01,https://www.rnz.co.nz/news/science-and-technology/648419/nz-and-us-sign-statement-of-intent-over-military-space-operations,Competitive timing signal: Washington moved first on an opening Canberra was best placed to take,2026-07-24,
EV-CANADA-19,canada,,FACT,Medium,Canada is acquiring Australian JORN-lineage over-the-horizon radar technology under a government-to-government arrangement valued at approximately C$2.5 billion — the model's single strongest instance of a partner paying for Australian-developed capability.,CONFIRMED,,,,Australia supports Canada's Arctic radar plans,Australian Department of Defence,2026-04-07,https://www.defence.gov.au/news-events/news/2026-04-07/australia-supports-canadas-arctic-radar-plans,Proven G2G acquisition channel and precedent for converting materiel trust into space content,2026-07-24,
EV-CANADA-20,canada,,FACT,Medium,"A DRDC-DSTG co-funded research arrangement (approximately C$474m) covers detection, monitoring and targeting of hypersonic and advanced cruise-missile threats — a canonically space-sensor-dependent mission — yet names no space system.",CONFIRMED,,,,Joint Statement on Canada-Australia Partnership on Emerging Missile Defence Research,Department of National Defence (Canada) / Australian Defence Ministers,2024-11-22,https://www.canada.ca/en/department-national-defence/news/2024/11/joint-statement-on-canada-australia-partnership-on-emerging-missile-defence-research.html,The cheapest path to bilateral defence-space content is an amendment to this existing instrument,2026-07-24,
EV-CANADA-21,canada,,ASSESSMENT,Medium,Canada sits on a narrower ITAR pathway than AUKUS partners: it was deliberately excluded from the 22 CFR 126.7 AUKUS exemption and the US State Department declined to import the Canadian exemption (126.5) into the AUKUS framework. Treating Canada as AUKUS-equivalent in space program compliance will fail review.,CONFIRMED,,,,Joint Statement on Strengthening the Canada-Australia Defence Relationship,Department of National Defence (Canada),2024-08-08,https://www.canada.ca/en/department-national-defence/news/2024/08/joint-statement-on-strengthening-the-canada-australia-defence-relationship.html,Export-control planning constraint — Five Eyes membership does not imply AUKUS-equivalent access,2026-07-24,
