vehicle_id,partner,partner_key,name,type,signed,status,space_relevance,level,scope,notes,label,confidence,verification_verdict,verification_correction,source_title,source_org,source_date,source_ref,sweep_round
VEH-US-01,United States of America,us,"ANZUS Treaty (Security Treaty between Australia, New Zealand and the United States)",Treaty,1951-09,In force,General,Ministerial,Mutual security treaty: parties consult on Pacific threats and act to meet common danger per constitutional processes. US-NZ leg suspended since 1986; Australia-US leg fully active.,Signed San Francisco 1 Sep 1951; in force 29 Apr 1952; indefinite duration. 75th anniversary falls September 2026 — AUSMIN 2025 flagged commemoration.,FACT,High,CONFIRMED,,"Security Treaty Between the United States, Australia, and New Zealand (ANZUS); Joint Fact Sheet AUSMIN 2025",Yale Avalon Project / US Dept of State,2025-12-08,https://avalon.law.yale.edu/20th_century/usmu002.asp,1
VEH-US-02,United States of America,us,AUSMIN (Australia-United States Ministerial Consultations),Dialogue,1985,In force,General,Ministerial,Principal 2+2 foreign/defence ministers forum setting alliance direction; source of most new bilateral initiatives.,"Latest: 8 Dec 2025, Washington DC (Rubio/Hegseth hosting Wong/Marles), marking 40 years of AUSMIN. No 2026 edition held as of 18 Jul 2026.",FACT,High,CONFIRMED,,Joint Fact Sheet on Australia-U.S. Ministerial Consultations (AUSMIN) 2025,US Dept of State / DFAT,2025-12-08,https://www.state.gov/releases/office-of-the-spokesperson/2025/12/joint-fact-sheet-on-australia-u-s-ministerial-consultations-ausmin-2025,1
VEH-US-03,United States of America,us,Force Posture Agreement (FPA) 2014,Agreement,2014-08,In force,Enabling,Ministerial,"Legally binding framework for US force posture initiatives in Australia; 25-year term, terminable on one year's notice. Umbrella for MRF-D, Enhanced Air Cooperation and Enhanced Space Cooperation.",Signed August 2014; State Dept lists it as the Force Posture Agreement of 2015 (entry into force). Text at defence.gov.au (USFPI-Agreement.pdf).,FACT,High,CONFIRMED,,United States Force Posture Initiatives; U.S. Security Cooperation With Australia,Australian Dept of Defence / US Dept of State,,https://www.defence.gov.au/defence-activities/programs-initiatives/united-states-force-posture-initiatives,1
VEH-US-04,United States of America,us,Marine Rotational Force - Darwin (MRF-D),Arrangement,2011,In force,General,Military,"Annual dry-season (Mar-Oct) rotation of ~2,500 US Marines through Northern Territory bases for combined training; running since 2012 under the USFPI/FPA.",Announced Nov 2011 (Obama-Gillard); 10+ years of rotations completed.,FACT,High,CONFIRMED,,Marine Rotational Force - Darwin | Defence Activities,Australian Dept of Defence,,https://www.defence.gov.au/defence-activities/programs-initiatives/united-states-force-posture-initiatives/marine-rotational-force-darwin-initiative,1
VEH-US-05,United States of America,us,Enhanced Air Cooperation (EAC),Arrangement,2017,In force,General,Military,"Expanded rotations of US aircraft (bombers, fighters, tankers) through northern Australian bases for combined training and exercises, under the FPA/USFPI.",Commenced 2017 as second USFPI stream.,FACT,High,CONFIRMED,,United States Force Posture Initiatives | Defence Activities,Australian Dept of Defence,,https://www.defence.gov.au/defence-activities/programs-initiatives/united-states-force-posture-initiatives,1
VEH-US-06,United States of America,us,Enhanced Space Cooperation (US Force Posture Initiative),Arrangement,,In force,Direct,Military,Space-domain stream of the US Force Posture Initiatives under the FPA umbrella (listed by Defence alongside MRF-D and EAC).,Confirmed by dedicated Defence USFPI program page; establishment date and detailed content need records check.,FACT,Medium,CORRECTED,Date is 2023-07: Enhanced Space Cooperation was declared a new US Force Posture Initiative at AUSMIN 2023 in Brisbane on 29 July 2023.,Enhanced Space Cooperation | Defence,Australian Dept of Defence,,https://www.defence.gov.au/defence-activities/programs-initiatives/united-states-force-posture-initiatives/enhanced-space-cooperation,1
VEH-US-07,United States of America,us,AUKUS (Enhanced Trilateral Security Partnership),Alliance,2021-09,In force,Enabling,Head of government,"Trilateral (AUS-UK-US) partnership: Pillar 1 conventionally-armed nuclear-powered submarines (Virginia-class sales, SSN-AUKUS build at Osborne); Pillar 2 advanced capabilities (undersea, AI, cyber, quantum, hypersonics).","Trilateral but US-central. 2026 developments: A$/US$3.9B Osborne yard investment (Feb 2026); third Virginia confirmed as in-service Block IV and first Pillar 2 signature project (UUV payloads, delivery from 2027) announced at 30 May 2026 Defence Ministers' Meeting. AUKUS ITAR licence-free exemption effective 1 Sep 2024.",FACT,High,CONFIRMED,,Fact Sheet: AUKUS Pillar II Signature Project; AUKUS advanced capabilities,US DoD / Australian Dept of Defence,2026-05-30,https://media.defense.gov/2026/May/30/2003941945/-1/-1/1/FACT-SHEET-AUKUS-PILLAR-II-SIGNATURE-PROJECT.PDF,1
VEH-US-08,United States of America,us,Agreement for Cooperation Related to Naval Nuclear Propulsion (AUKUS),Treaty,2024-08,In force,General,Ministerial,"Trilateral agreement permitting transfer of naval nuclear propulsion plants, components, spares and welded power units plus continued exchange of naval nuclear propulsion information.",Signed 5 Aug 2024; entered into force 17 Jan 2025. Supersedes the 2021 ENNPIA. Enables SRF-West preparation.,FACT,High,CONFIRMED,,AUKUS agreement for cooperation on naval nuclear propulsion,Australian Submarine Agency / US Dept of State,2025-01-17,https://www.asa.gov.au/aukus/aukus-agreement-cooperation-related-naval-nuclear-propulsion,1
VEH-US-09,United States of America,us,Exchange of Naval Nuclear Propulsion Information Agreement (ENNPIA),Treaty,2021-11,Lapsed/superseded,General,Ministerial,First AUKUS enabling treaty permitting exchange of naval nuclear propulsion information and restricted data only.,Entered into force 8 Feb 2022; superseded by the 2024 Naval Nuclear Propulsion Agreement (in force 17 Jan 2025).,FACT,High,,,AUKUS Nuclear Cooperation (CRS IF11999),Congressional Research Service,,https://www.congress.gov/crs-product/IF11999,1
VEH-US-10,United States of America,us,Submarine Rotational Force - West (SRF-West),Arrangement,2023,TO_VERIFY,General,Mixed,"Rotational presence of up to four US Virginia-class SSNs and one UK Astute-class at HMAS Stirling (WA) from as early as 2027, under the AUKUS Optimal Pathway.","Commitment is FACT (reaffirmed AUSMIN Dec 2025: 'establishing SRF-West as early as 2027'); not yet operating, hence status to verify. Underpinning implementing arrangements not public.",FACT,High,,,Joint Fact Sheet on AUSMIN 2025,US Dept of State,2025-12-08,https://www.state.gov/releases/office-of-the-spokesperson/2025/12/joint-fact-sheet-on-australia-u-s-ministerial-consultations-ausmin-2025,1
VEH-US-11,United States of America,us,Treaty Concerning Defense Trade Cooperation (DTCT),Treaty,2007-09,In force,Enabling,Ministerial,"Licence-free movement of eligible defence articles/services within an Approved Community, via Implementing Arrangements (implemented in ITAR 22 CFR 126.16).",Signed 2007; entered into force 2013 (State lists 'Treaty concerning Defense Trade Cooperation of 2013'). Now operates alongside the broader AUKUS ITAR exemption (effective 1 Sep 2024; further Federal Register rulemaking Dec 2025); Australia migrating Approved Community members to the AUKUS Authorized User community (~344 members reported).,FACT,High,,,Treaty Document 110-10; eCFR 22 CFR 126.16; ITAR AUKUS exemption rule,US Congress / Federal Register,,https://www.congress.gov/treaty-document/110th-congress/10/document-text,1
VEH-US-12,United States of America,us,Agreement Concerning Security Measures for the Protection of Classified Information (GSOMIA),Agreement,2002-06,In force,Enabling,Senior official,Government-wide standards and procedures for reciprocal protection and exchange of classified information; third-party release requires originator consent.,Signed Canberra 25 Jun 2002; entered into force 7 Nov 2002 ([2002] ATS 25).,FACT,High,,,Australia (02-1107) Agreement Concerning Security Measures for the Protection of Classified Information,US Dept of State / AustLII (ATS),2002-11-07,https://www.state.gov/02-1107,1
VEH-US-13,United States of America,us,Status of United States Forces in Australia Agreement (SOFA) and Protocol,Agreement,1963-05,In force,Enabling,Ministerial,"Legal status, jurisdiction, entry/exit, taxation and facilities-use terms for US forces present in Australia; foundational to all US force presence.",Signed and entered into force 9 May 1963 ([1963] ATS 10); implemented via Defence (Visiting Forces) Regulations 1963.,FACT,High,,,Agreement concerning the Status of United States Forces in Australia [1963] ATS 10,AustLII (Australian Treaty Series),,https://www.austlii.edu.au/cgi-bin/viewdoc/au/other/dfat/treaties/ATS/1963/10.html,1
VEH-US-14,United States of America,us,Acquisition and Cross-Servicing Agreement (ACSA) 2010,Agreement,2010,In force,Enabling,Senior official,"Reciprocal provision of logistic support, supplies and services (fuel, transport, ammunition, base operations, maintenance, port services) during exercises, training, deployments and contingencies.",State Dept lists ACSA of 2010; replaced 1998 ACSA ([1999] ATS 18); a 1989 Logistics Support Agreement also remains on State's list — records check on which instruments remain operative.,FACT,High,,,Acquisition and Cross-Servicing Agreement (JSCOT text); U.S. Security Cooperation With Australia,Australian Parliament (JSCOT) / US Dept of State,,https://www.state.gov/u-s-security-cooperation-with-australia,1
VEH-US-15,United States of America,us,Joint Defence Facility Pine Gap (JDFPG) Agreement,Treaty,1966-12,In force,Direct,Ministerial,"Joint AUS-US satellite ground/relay and intelligence facility near Alice Springs (SIGINT collection, missile warning/SBIRS relay); operated under full knowledge and concurrence.",Signed 9 Dec 1966; extended repeatedly (1998 extension entered into force 18 Aug 2000); renamed JDFPG in 1988; terminable on one year's notice after initial period.,FACT,High,,,Agreement to extend the period of operation of the Joint Defence Facility at Pine Gap (JSCOT Report 26); Pine Gap TIAS,US Dept of State / Australian Parliament,,https://2009-2017.state.gov/documents/organization/112459.pdf,1
VEH-US-16,United States of America,us,Harold E. Holt Naval Communication Station Treaty (2008),Treaty,2008-07,In force,Enabling,Ministerial,"25-year terms for joint AUS-US use of NCS Harold E. Holt (North West Cape, WA) — VLF submarine communications — under full knowledge and concurrence; site now also hosts the C-band radar, SST and adjacent DARC Site 1.","Signed 15 Jul 2008, superseding the 9 May 1963 North West Cape agreement; 2010 AUSMIN exchange of letters (space use) also on record. 25-year term runs to ~2033.",FACT,High,,,Agreement Relating to the Operation of and Access to an Australian Naval Communication Station at North West Cape (11-1124); DFAT AUSMIN 2010 exchange of letters,US Dept of State / DFAT,,https://www.state.gov/11-1124,1
VEH-US-17,United States of America,us,Australia-US Space Situational Awareness Partnership (Statement of Principles),Statement/Declaration,2010-11,In force,Direct,Ministerial,"Framework statement establishing bilateral SSA cooperation, signed at AUSMIN 2010 (Melbourne); parent framework for the C-band radar and SST relocations.","Checklist dated this 2013; sources show the Statement of Principles is 2010, with implementing MoUs in 2012-2013.",FACT,High,,,Australia-United States Space Situational Awareness Partnership AUSMIN 2010,DFAT,2010-11,https://www.dfat.gov.au/geo/united-states-of-america/ausmin/Pages/australia-united-states-space-situational-awareness-partnership,1
VEH-US-18,United States of America,us,C-Band Space Surveillance Radar Relocation MoU,MoU,2012-11,In force,Direct,Ministerial,Relocation and joint operation of a US C-band space surveillance radar at NCS Harold E. Holt; feeds the US Space Surveillance Network from the southern hemisphere.,Signed at AUSMIN 2012 (Perth); radar jointly operated; May 2026 reporting describes upgrades for multi-sensor detection.,FACT,High,,,AUSMIN Joint Communique 2012; Minister for Defence media release 22 Nov 2013,DFAT / Australian Defence Ministers,2012-11-14,https://www.dfat.gov.au/geo/united-states-of-america/ausmin/Pages/ausmin-joint-communique-2012,1
VEH-US-19,United States of America,us,Space Surveillance Telescope (SST) Relocation MoU,MoU,2013-11,In force,Direct,Ministerial,Relocation of the US (DARPA-developed) Space Surveillance Telescope to NCS Harold E. Holt; Australia built the facility and shares O&M costs; jointly operated deep-space optical sensor.,Signed by Defence Minister Johnston and Secretary Hagel at AUSMIN 2013 (Washington). Operational; cited in 2026 reporting as active optical asset.,FACT,High,,,Minister for Defence - Australia and the United States agreement on defence space cooperation,Australian Defence Ministers,2013-11-22,https://www.minister.defence.gov.au/media-releases/2013-11-22/minister-defence-australia-and-united-states-agreement-defence-space-cooperation,1
VEH-US-20,United States of America,us,US-Australia Space Situational Awareness Data-Sharing MoU (USSTRATCOM),MoU,2013,TO_VERIFY,Direct,Military,"Advanced exchange of SSA data (launch support, manoeuvre planning, anomaly resolution, EMI investigation) with USSTRATCOM's JSpOC catalogue.","Signed 2013 by Gen Kehler (USSTRATCOM). Verify whether it remains the operative instrument or was superseded by USSPACECOM SDA-sharing arrangements after 2019. | UPDATE (gap-hunt 2026-07-21): US-Australia Space Situational Awareness Data-Sharing MoU - confirmed signed 26 April 2013, with September 2014 SSA Sharing Agreement upgrade lead (corrects register #251) — First MoU permitting advanced exchange of SSA data (launch support, manoeuvre planning, anomaly resolution, EMI investigation, conjunction assessment) under the 2010 SSA Partnership (register #222); r (src: https://www.defensedaily.com/u-s-australia-sign-space-situational-awareness-agreement/uncategorized/ ; https://www.defenseone.com/defense-systems/2014/09/stratcom-signs-space-data-agreement-with-uk-canada-australia/194381/)",FACT,Medium,,,U.S.-Australia Agreement Promotes Space Situational Awareness,US DoD (archive.defense.gov),2013,https://archive.defense.gov/news/newsarticle.aspx?id=119865,1
VEH-US-21,United States of America,us,Deep Space Advanced Radar Capability (DARC) Trilateral MoU,MoU,2023-09,In force,Direct,Ministerial,AUS-UK-US trilateral 22-year commitment to build/operate three deep-space radars for 24/7 all-weather GEO-belt surveillance; Site 1 at Exmouth WA.,"MoU signed 27 Sep 2023. Site 1 (Exmouth) construction complete Dec 2024, first transmission Sep 2024; FOC expected 2027; UK site St Davids, US site TBA.",FACT,High,,,Space Force Finishes Construction at One Site for New Radar; DARC briefing book,Air & Space Forces Magazine / Nautilus Institute,2024-12,https://www.airandspaceforces.com/space-force-deep-space-radar-australia-construction/,1
VEH-US-22,United States of America,us,Combined Space Operations (CSpO) Initiative,Forum,2014,In force,Direct,Mixed,"10-nation (incl. AUS, US) initiative for combined military space operations, data sharing and responsible behaviours; guided by the CSpO Vision 2031 (Feb 2022).","Origin: 2014 MoU among US, Australia, Canada, UK; members now 10 (adding NZ, France, Germany, Italy, Japan, Norway).",FACT,High,,,Combined Space Operations Vision 2031; Release of the CSpO Vision 2031 statement,US DoD / Australian Dept of Defence,2022-02-22,https://media.defense.gov/2022/Feb/22/2002942522/-1/-1/0/CSPO-VISION-2031.PDF,1
VEH-US-23,United States of America,us,Operation Olympic Defender (OOD),Other,,In force,Direct,Military,"US Space Command-led multinational named operation to optimise space operations, strengthen deterrence and mission assurance; Australia is a member with ASpOC contributing to a shared space common operational picture.",Australia among first partners (sources this session say joined 2020; other reporting says announced 2019 — verify exact accession date). France and Germany added Oct 2024; NZ invited.,FACT,High,,,Multinational Force Operation Olympic Defender; More nations combine to defend space,USSPACECOM / Australian Dept of Defence,2024-11-22,https://www.spacecom.mil/About/Multinational-Force-Operation-Olympic-Defender/,1
VEH-US-24,United States of America,us,Enhanced Space Cooperation MoU (USSPACECOM - Australian Defence Space Command),MoU,2023-04,In force,Direct,Military,"Non-legally-binding framework for deepened military space cooperation: force development, combined training/exercises, alignment of space operational disciplines, reciprocal academic engagement.",Signed 20 Apr 2023 at Space Symposium 38 by Gen Dickinson (USSPACECOM) and AVM Roberts (Defence Space Command).,FACT,High,,,USSPACECOM and Australian Defence Space Command Sign Enhanced Space Cooperation MOU,USSPACECOM,2023-04-20,https://www.spacecom.mil/Newsroom/News/Article-Display/Article/3369772/usspacecom-and-australian-defence-space-command-sign-enhanced-space-cooperation/,1
VEH-US-25,United States of America,us,"Statement of Intent on Space Cooperation (USSF - Australian Space Command, June 2026)",Statement/Declaration,2026-06,In force,Direct,Military,"Service-to-service intent to deepen space cooperation: integrated partnerships, advancing military space collaboration, operational readiness in contested space.",Signed 3 Jun 2026 in Canberra by LTGEN Susan Coyle (Chief of Space and Cyber) and Gen B. Chance Saltzman (USSF CSO). Closest open-source match to the checklist's 'USSF-DSC terms of reference' — no separate 2022 ToR located this session.,FACT,High,,,"Australia, US strengthen space ties; Australia and the US sign agreement to deepen military space cooperation",Australian Dept of Defence / AeroTime,2026-06-03,https://www.defence.gov.au/news-events/news/2026-06-03/australia-us-strengthen-space-ties,1
VEH-US-26,United States of America,us,Wideband Global SATCOM (WGS) Cooperation MoU,MoU,2007-11,In force,Direct,Senior official,Australia funded WGS-6 (launched 2013) in exchange for assured access to the WGS MILSATCOM constellation; DoD-DoD MoU runs to September 2029.,Signed 14 Nov 2007; Australian contribution ~US$297M (BY2010) plus ground infrastructure (~A$927M total). Renewal path post-2029 to verify.,FACT,Medium,,,Wideband Global SATCOM (WGS) Selected Acquisition Report Dec 2019,US DoD (ESD/WHS),,https://www.esd.whs.mil/Portals/54/Documents/FOID/Reading%20Room/Selected_Acquisition_Reports/FY_2019_SARS/20-F-0568_DOC_84_WGS_SAR_Dec_2019.pdf,1
VEH-US-27,United States of America,us,US-Australia Technology Safeguards Agreement (TSA),Agreement,2023-10,In force,Direct,Ministerial,Legal/technical framework enabling US commercial space launch activity from Australian spaceports while protecting US launch technology (MTCR-consistent).,"Signed 26 Oct 2023; tabled in Australian Parliament 27 Feb 2024; sources accessed this session predate confirmation of entry into force — verify current EIF status against Australian Treaty Series/TIAS. | UPDATE (gap-hunt 2026-07-21): US-Australia Technology Safeguards Agreement (TSA) - entry-into-force correction — CORRECTION to existing register entry (listed 'Signed - not yet in force'): the TSA entered into force on 23 July 2024, providing the legal basis for US space launch activity from Australian territory (src: https://www.space.gov.au/news-and-media/TSA-comes-into-effect) | Status set to In force: red-team reconciliation (EV-USSFFORC-15, FACT/High) + gap-hunt round 2 EIF confirmation concur; ATS registration remains the confirming record (TO_VERIFY label retained on that point)",TO_VERIFY,Medium,,,Australia and US formalise Technology Safeguards Agreement; U.S.-Australia TSA,"Dept of Industry, Science and Resources / US Dept of State",2023-10-26,https://www.industry.gov.au/news/australia-and-us-formalise-technology-safeguards-agreement,1
VEH-US-28,United States of America,us,UKUSA Agreement / Five Eyes (FVEY),Agreement,1956,In force,Enabling,Senior official,"Multilateral SIGINT alliance (AUS, CAN, NZ, UK, US); default sharing of signals intelligence; ASD-NSA is the bilateral axis; Australia covers South and East Asia collection.","UKUSA originated 1946; Australia formally joined 1956 (Defence Signals Branch). Underpins intelligence flows that space cooperation (e.g., Pine Gap) rides on.",FACT,High,,,Intelligence partnerships (ASD history),Australian Signals Directorate,,https://www.asd.gov.au/about/history/asd-stories/2022-03-16-intelligence-partnerships,1
VEH-US-29,United States of America,us,National Technology and Industrial Base (NTIB) membership,Other,2016-12,In force,Enabling,Senior official,"US statutory framework (10 USC 4801) treating Australia (added with UK by FY2017 NDAA, P.L. 114-328) as part of the US defence technology/industrial base alongside Canada.",Integration acknowledged as limited in practice (CRS/USSC analyses); AUKUS export reforms now the main vehicle for industrial integration.,FACT,High,,,Defense Primer: The National Technology and Industrial Base (CRS IF11311),Congressional Research Service,,https://www.congress.gov/crs-product/IF11311,1
VEH-US-30,United States of America,us,Exercise Talisman Sabre,Exercise,2005,In force,General,Military,"Flagship biennial Australia-US combined exercise (since 2005); TS25 was the largest ever: 35,000+ personnel, 19 nations, first activities in Papua New Guinea.",TS25 ran 13 Jul - 4 Aug 2025 across five states/territories plus PNG; next iteration TS27.,FACT,High,,,Talisman Sabre | Defence Activities; Exercise Talisman Sabre 2025 concludes,Australian Dept of Defence / US Army,2025-08-04,https://www.defence.gov.au/defence-activities/exercises/talisman-sabre,1
VEH-US-31,United States of America,us,Exercise Global Sentinel,Exercise,2014,In force,Direct,Military,Annual USSPACECOM-led space domain awareness security-cooperation exercise (est. 2014); Australia is a returning participant (GS25: 29 nations plus NATO).,Uses Space-Track.org-hosted modelling/simulation of real-world space events.,FACT,High,,,US Space Command hosts Global Sentinel 2025 exercise,USSPACECOM (via GlobalSecurity),2025-05,https://www.globalsecurity.org/space/library/news/2025/space-250506-ussf01.htm,1
VEH-US-32,United States of America,us,Schriever Wargame,Exercise,1998,In force,Direct,Military,"USSF-sponsored future-focused space wargame (since 1998, roughly biennial); Australia a key participant in SW25 (10 nations, 350+ participants) and co-planner for SW27.",SW27 planned as first iteration with allies jointly setting objectives.,FACT,High,,,Australia strengthens space partnerships at Schriever Wargame 2025,Space Connect / Defence Connect,2025,https://www.spaceconnectonline.com.au/global/6680-australia-strengthens-space-partnerships-at-schriever-wargame-2025,1
VEH-US-33,United States of America,us,Joint Statement of Intent on Guided Weapons,Statement/Declaration,2025-10,In force,General,Ministerial,"Bilateral intent on guided weapons cooperation/co-production supporting Australia's GWEO enterprise and US munitions capacity; framework over GMLRS Australian assembly (Port Wakefield, from late 2025; first rockets 2026).",Signed 14 Oct 2025. Australia first country outside US to produce and fire domestically-made GMLRS (2026).,FACT,High,,,Australia and United States sign Joint Statement of Intent on guided weapons; Australia starts missile production,Australian Defence Ministers,2025-10-14,https://www.minister.defence.gov.au/media-releases/2025-10-14/australia-united-states-sign-joint-statement-intent-guided-weapons,1
VEH-US-34,United States of America,us,Precision Strike Missile (PrSM) Cooperative Production MoU,MoU,2025-06,In force,General,Senior official,"US-Australia MoU for cooperative PrSM production, sustainment and follow-on development; options for Australian assembly; joint coordination office in Huntsville, AL.",Australia investing ~US$224M over 10 years as full cooperative partner plus ~US$106M initial missile buy.,FACT,Medium,,,Australia touts first GMLRS artillery rocket assembled Down Under; Australia Invests A$2.3 Billion in HIMARS and PrSM,Defense News / Overt Defense,2026-04-14,https://www.defensenews.com/global/asia-pacific/2026/04/14/australia-touts-first-gmlrs-artillery-rocket-assembled-down-under/,1
VEH-US-35,United States of America,us,The Technical Cooperation Program (TTCP),Forum,1965,In force,Enabling,Working,"Five-nation (AUS, CAN, NZ, UK, US) defence science and technology cooperation forum harmonising R&D programs, including space-related technology groups.",Program began 1957 (US-UK); Australia joined 1965.,FACT,High,,,The Technical Cooperation Program | DST,Defence Science and Technology Group,,https://www.dst.defence.gov.au/partnership/technical-cooperation-program,1
VEH-US-36,United States of America,us,Air and Space Interoperability Council (ASIC),Forum,,In force,Enabling,Working,"Five-nation air (and space) forces interoperability body (formerly ASCC); standardisation and interoperability across AUS, CAN, NZ, UK, US air/space services.",Confirmed via AUSCANNZUKUS/TTCP references; founding date (1948 as Air Standardization Coordinating Committee) to confirm from primary source.,FACT,Medium,,,AUSCANNZUKUS (liaison with ASIC and TTCP),Wikipedia (secondary),,https://en.wikipedia.org/wiki/AUSCANNZUKUS,1
VEH-US-37,United States of America,us,AUSCANNZUKUS (Naval C4 Interoperability Organisation),Forum,,In force,Enabling,Working,"Five-nation naval command, control, communications and computers interoperability organisation ensuring AUS-US (and partner) maritime C4 interoperability.","Working-level enabler; liaises with ASIC, TTCP, ABCANZ.",FACT,Medium,,,AUSCANNZUKUS,Wikipedia (secondary),,https://en.wikipedia.org/wiki/AUSCANNZUKUS,1
VEH-US-38,United States of America,us,Australia-US expanded space surveillance partnership update (May 2026),Arrangement,2026-05,TO_VERIFY,Direct,Mixed,"Reported 'updated partnership agreement' (announced ~1 May 2026) integrating DARC Exmouth, the SST and an upgraded Holt C-band radar into an expanded counter-ASAT surveillance network, with validation exercises expected late 2026.","Secondary trade-press reporting only (SatNews, Army Recognition); instrument name, signatories and legal character unconfirmed — check Defence/USSF releases.",TO_VERIFY,Low,,,U.S. and Australia Expand Space Surveillance Network to Counter Emerging ASAT Threats,SatNews,2026-05-06,https://satnews.com/2026/05/06/u-s-and-australia-expand-space-surveillance-network-to-counter-emerging-asat-threats/,1
VEH-US-39,United States of America,us,Australian Space Agency - US Statement of Intent on SSA Cooperation (civil),Statement/Declaration,,In force,Direct,Working,Civil SSA/space traffic coordination cooperation between the Australian Space Agency and the US (Office of Space Commerce); complements military SSA sharing.,"Civil instrument, included for completeness of the space registry; date of signature to confirm from ASA publication.",FACT,Medium,,,Statement of Intent for space situational awareness cooperation between Australia and the US,Australian Space Agency / US Office of Space Commerce,,https://www.space.gov.au/about-agency/publications/statement-of-intent-space-situational-awareness-cooperation-between-australia-and-the-us,1
VEH-US-40,United States of America,us,Joint Defence Space Communications Station Nurrungar,Agreement,1969,Lapsed/superseded,Direct,Ministerial,"Former joint AUS-US satellite ground station (Woomera, SA) supporting DSP missile early warning; closed 1999, function migrated to the Relay Ground Station at Pine Gap.",Existence attested in Australian War Memorial holdings accessed this session; closure/supersession details from general knowledge — confirm via Defence records.,TO_VERIFY,Medium,,,"Summary of official statements on the Joint Defence Space Research Facility, Pine Gap... and the Joint Defence Space Communications Station, Nurrungar",Australian War Memorial,,https://www.awm.gov.au/collection/LIB13402,1
VEH-UK-01,United Kingdom,uk,AUKUS (Australia-UK-US enhanced trilateral security partnership),Alliance,2021-09,In force,Enabling,Head of government,Trilateral partnership announced 15 Sep 2021: Pillar I conventionally-armed nuclear-powered submarines (Optimal Pathway); Pillar II advanced capabilities. AUKMIN June 2026 confirms AUKUS 'remains on track' across all pillars; AUKUS Defence Ministers' Meeting held Singapore 2026.,"Umbrella for ENNPIA, ANNPA, Geelong Treaty, Pillar II projects, DARC and licence-free trade environment listed separately.",FACT,High,CONFIRMED,,AUKUS Nuclear Cooperation (CRS IF11999) and AUKMIN June 2026 joint statement,US Congressional Research Service / Australian DoD-UK MOD,2026-06,https://www.congress.gov/crs-product/IF11999,1
VEH-UK-02,United Kingdom,uk,"Agreement for Cooperation Related to Naval Nuclear Propulsion (AUKUS Naval Nuclear Propulsion Agreement, ANNPA)",Treaty,2024-08,In force,General,Ministerial,"Trilateral (AU-UK-US) agreement permitting transfer of naval nuclear propulsion plants, components and welded power units plus continued NNPI exchange; legal backbone of AUKUS Pillar I. Signed Washington 5 Aug 2024; entered into force 17 Jan 2025.",Supersedes the 2021 ENNPIA. Transfers of nuclear material to Australia conditional on IAEA Article 14 arrangement.,FACT,High,CONFIRMED,,"Agreement ... for Cooperation Related to Naval Nuclear Propulsion (Washington, 5 August 2024) [2025] ATS 5",AustLII / DFAT Australian Treaty Series; CRS IF11999 for EIF date,2025-01,https://www.austlii.edu.au/cgi-bin/viewdoc/au/other/dfat/treaties/ATS/2025/5.html,1
VEH-UK-03,United Kingdom,uk,Exchange of Naval Nuclear Propulsion Information Agreement (ENNPIA),Agreement,2021-11,Lapsed/superseded,General,Ministerial,First AUKUS treaty-level instrument: permitted trilateral exchange of naval nuclear propulsion information and restricted data only. Entered into force 8 Feb 2022; superseded by ANNPA on its entry into force 17 Jan 2025.,Retained for record as superseded instrument; treaty text was scrutinised by JSCOT (aph.gov.au AUKUS_ENNPIA).,FACT,High,CONFIRMED,,AUKUS Nuclear Cooperation (CRS IF11999),US Congressional Research Service,2025,https://www.congress.gov/crs-product/IF11999,1
VEH-UK-04,United Kingdom,uk,Geelong Treaty - Australia-UK Nuclear-Powered Submarine Partnership and Collaboration Treaty,Treaty,2025-07,Signed - not yet in force,General,Ministerial,"Bilateral 50-year treaty underpinning cooperation on design, build, operation, sustainment and disposal of SSN-AUKUS submarines; construction at Osborne SA from end of decade on UK next-generation design. Signed by Marles and Healey at the UK-Australia Defence Ministers' Meeting, Geelong, 26 Jul 2025.",UK CRAG scrutiny concluded 30 Oct 2025 (government cleared to ratify); tabled in Australian Parliament 28 Jul 2025 and referred to JSCOT 29 Jul 2025. No source accessed this session evidences completed ratification/EIF by Jul 2026 - verify.,FACT,High,CONFIRMED,,UK Parliament treaty tracker: Nuclear-Powered Submarine Partnership and Collaboration; ASA and joint ministerial statement 26 Jul 2025,UK Parliament / Australian Submarine Agency / Defence Ministers,2025-10,https://api.parliament.uk/view/treaty/YsCk5PE9,1
VEH-UK-05,United Kingdom,uk,"AUKUS Pillar II - Advanced Capabilities programme (incl. HyFliTE, UUV signature project, maritime AI, REPMUS participation)",WorkingGroup,,In force,Enabling,Mixed,"Trilateral advanced-capability workstreams: landmark UUV payloads/enabling-systems agreement (first deliveries 2027), Hypersonic Flight Test and Experimentation (HyFliTE) project (first test flight completed, further tests 2026), advanced AI algorithms deployed on RAAF P-8A, uncrewed-systems C2 testing at Exercise REPMUS.",DARC (space) sits alongside Pillar II cooperation and is listed separately. Individual project-arrangement instruments and dates need records confirmation.,FACT,Medium,CONFIRMED,,"Joint Statement, Australia-UK Ministerial Consultations (AUKMIN) June 2026",Australian DoD / UK MOD (full text accessed via National Tribune republication),2026-06,https://www.minister.defence.gov.au/statements/2026-06-11/joint-statement-from-uk-australia-australia-uk-ministerial-consultations-aukmin-june-2026,1
VEH-UK-06,United Kingdom,uk,Submarine Rotational Force - West (SRF-West) arrangements,Arrangement,,In force,General,Military,"Arrangements finalised (per AUKMIN Jun 2026) for rotational presence of UK (and US) nuclear-powered submarines at HMAS Stirling WA from 2027 under the AUKUS Optimal Pathway; HMS Anson completed the first UK SSN maintenance period in Australia (17 Australian businesses, 2,500+ person-hours).","Legal form of the finalised SRF-West arrangements (instrument name, signature date) not identified in open sources this session.",FACT,Medium,CORRECTED,Status should be: arrangements finalised but force not yet established/operating — SRF-West is to be established in 2027. Origin date: announced March 2023 under the AUKUS Optimal Pathway.,"Joint Statement, Australia-UK Ministerial Consultations (AUKMIN) June 2026",Australian DoD / UK MOD (via National Tribune republication),2026-06,https://www.minister.defence.gov.au/statements/2026-06-11/joint-statement-from-uk-australia-australia-uk-ministerial-consultations-aukmin-june-2026,1
VEH-UK-07,United Kingdom,uk,Agreement between Australia and the UK for Defence and Security Cooperation (2024 modernised DCA),Agreement,2024-03,TO_VERIFY,Enabling,Ministerial,"Modernised bilateral framework signed Canberra 21 Mar 2024 (Marles-Shapps): includes status-of-forces/visiting-forces provisions easing operation of each force in the other's country, and formalises consultation on threats to sovereignty and regional security.",Laid before UK Parliament 22 Jan 2025; CRAG scrutiny periods expired early Mar 2025; Dec 2024 AUKMIN 'looked forward to entry into force'. No accessed source confirms EIF by Jul 2026 - status recorded TO_VERIFY. Expected to supersede the 2013 treaty on EIF.,FACT,High,CONFIRMED,,UK/Australia: Agreement for Defence and Security Cooperation [CS Australia No.1/2025]; Defence Ministers release 21 Mar 2024,UK FCDO (GOV.UK) / Australian Defence Ministers,2025-01,https://www.gov.uk/government/publications/ukaustralia-agreement-for-defence-and-security-cooperation-cs-australia-no12025,1
VEH-UK-08,United Kingdom,uk,"Treaty between Australia and the UK for Defence and Security Cooperation (Perth, 2013)",Treaty,2013-01,TO_VERIFY,General,Ministerial,"Framework treaty for bilateral defence and security cooperation (consultation, cooperation across defence domains). Signed Perth 18 Jan 2013; entered into force 30 Jul 2014 ([2014] ATS 21).",Status flagged TO_VERIFY: remains the in-force framework only until the 2024 DCA enters into force; records check needed on whether supersession has occurred by Jul 2026.,FACT,High,CONFIRMED,,"Treaty ... for Defence and Security Cooperation (Perth, 18 January 2013) [2014] ATS 21",AustLII / DFAT Australian Treaty Series,2014,https://www.austlii.edu.au/cgi-bin/viewdoc/au/other/dfat/treaties/ATS/2014/21.html,1
VEH-UK-09,United Kingdom,uk,AUKMIN - Australia-UK Ministerial Consultations (2+2),Dialogue,,In force,General,Ministerial,"Annual foreign+defence ministers' 2+2; principal bilateral steering forum. Recent meetings: Dec 2024 (UK), 25 Jul 2025 (Sydney), 10 Jun 2026 (London). June 2026 round produced critical-minerals JSOI, SDA cooperation commitments and Pillar II announcements. Defence ministers also meet bilaterally (e.g. Defence Ministers' Meeting, Geelong, Jul 2025).",Inaugural AUKMIN year (2006) not confirmed this session.,FACT,High,,,"Joint Statement from UK and Australia on the Australia-UK Ministerial Consultations, 10 June 2026",UK FCDO/MOD and Australian DFAT/DoD,2026-06,https://www.gov.uk/government/news/joint-statement-from-uk-and-australia-on-the-australia-uk-ministerial-consultations-10-june-2026,1
VEH-UK-10,United Kingdom,uk,Australia-UK Defence Industry Dialogue,Dialogue,,In force,General,Senior official,"Reinvigorated bilateral dialogue on defence industrial collaboration, sovereign industrial capacity, interoperability and reform; first meeting under renewed framework held Feb 2026 with joint statement issued 24 Feb 2026; includes cooperation strands such as MQ-28A Ghost Bat testing and AESA radar work.",Chairing level (ministerial vs senior official) of the Feb 2026 meeting to be confirmed from the joint statement text.,FACT,High,,,"Joint Statement, Australia-UK Defence Industry Dialogue (24 Feb 2026); reaffirmed in AUKMIN June 2026",Australian Defence Ministers / UK MOD,2026-02,https://www.minister.defence.gov.au/statements/2026-02-24/joint-statement-australia-uk-defence-industry-dialogue,1
VEH-UK-11,United Kingdom,uk,Joint Statement of Intent on Critical Minerals Supply Chains for Defence,Statement/Declaration,2026-06,In force,General,Ministerial,"Signed at AUKMIN June 2026: cooperation on strategic reserves, mobilising finance, R&D and recycling for defence-relevant critical minerals; linked to expansion of the Australia-UK Joint Working Group on Critical Minerals into defence supply-chain security.",Exact instrument title and signatories to be confirmed against the official release.,FACT,Medium,,,"Joint Statement, Australia-UK Ministerial Consultations (AUKMIN) June 2026",Australian DoD / UK MOD (via National Tribune republication),2026-06,https://www.minister.defence.gov.au/statements/2026-06-11/joint-statement-from-uk-australia-australia-uk-ministerial-consultations-aukmin-june-2026,1
VEH-UK-12,United Kingdom,uk,Australia-UK AESA Radar Government-to-Government Project Arrangement,Arrangement,,In force,General,Working,"Bilateral G2G project arrangement (signed, per AUKMIN Jun 2026) for collaboration on Active Electronically Scanned Array radar capabilities with Canberra-based CEA Technologies.",Signature date and parent framework (likely under DCA/Defence Industry Dialogue) need confirmation.,FACT,Medium,,,"Joint Statement, Australia-UK Ministerial Consultations (AUKMIN) June 2026",Australian DoD / UK MOD (via National Tribune republication),2026-06,https://www.minister.defence.gov.au/statements/2026-06-11/joint-statement-from-uk-australia-australia-uk-ministerial-consultations-aukmin-june-2026,1
VEH-UK-13,United Kingdom,uk,AUKUS licence-free defence trade environment (Defence Trade Controls Amendment Act 2024 / UK AUKUS Nations OGL / US ITAR-EAR exemptions),Arrangement,2024-08,In force,Enabling,Working,"Reciprocal national exemptions creating export licence-free defence trade among AUKUS partners from 1 Sep 2024: Australia's DTC Amendment Act 2024 and regulations; UK AUKUS Nations Open General Licence (published 16 Aug 2024, effective 1 Sep 2024); US ITAR/EAR exemptions. Functional equivalent of a defence trade cooperation treaty.",Implemented via domestic instruments rather than a single treaty; covers space-relevant dual-use and military technology transfers.,FACT,High,,,Generational export reforms to boost AUKUS trade and collaboration (16 Aug 2024); Defence 'Licence-free environment' page,Australian Defence Ministers / Department of Defence,2024-08,https://www.minister.defence.gov.au/media-releases/2024-08-16/generational-export-reforms-boost-aukus-trade-collaboration,1
VEH-UK-14,United Kingdom,uk,UK-Australia arrangements for the handling and transmission of Defence Classified Information (bilateral Security of Information arrangement),Arrangement,,In force,Enabling,Working,Reciprocal protection and transmission standards for defence classified information between Australia and the UK; documented in UK MOD Industry Security Notice 2024/07 (14 Jun 2024) and reflected in AGSVA's list of Defence Security of Information Agreements/Arrangements including the UK. Classified-information handling also embedded in the 2024 DCA.,"Formal title, date and level of the underlying government-to-government SIA instrument not established from open sources this session.",TO_VERIFY,Medium,,,Industry Security Notice 2024/07 - UK-Australia arrangements for handling and transmission of Defence Classified Information; AGSVA SIA fact sheet,UK Ministry of Defence / AGSVA (Australian DoD),2024-06,https://assets.publishing.service.gov.uk/media/666c46ebfdbf70d6d79d96a1/UK-Australia_arrangements_for_the_handling_and_transmission_of_Defence_Classified_Information.pdf,1
VEH-UK-15,United Kingdom,uk,Five Eyes (FVEY) / UKUSA Agreement,Alliance,1946-03,In force,Enabling,Mixed,"Multilateral signals-intelligence and broader intelligence-sharing partnership (AUS, CAN, NZ, UK, US). UKUSA enacted 5 Mar 1946 (UK-US); Australia formally joined 1956; agreement text publicly released 25 Jun 2010; publicly acknowledged by ASD.",Underpins classification/releasability constructs (AUS/CAN/NZ/UK/US EYES ONLY) that space intelligence-sharing rides on.,FACT,High,,,Intelligence partnerships (ASD history),Australian Signals Directorate,2022-03,https://www.asd.gov.au/about/history/asd-stories/2022-03-16-intelligence-partnerships,1
VEH-UK-16,United Kingdom,uk,Five Power Defence Arrangements (FPDA),Arrangement,1971-11,In force,General,Mixed,"1 Nov 1971 arrangements among Australia, UK, NZ, Malaysia, Singapore to consult in the event of armed aggression against Malaysia or Singapore; Southeast Asia's only multilateral defence arrangement; sustains annual combined exercises and ministerial/CDF-level meetings. AUKMIN Jun 2026 reaffirms continued UK-Australia investment.","Non-binding consultative arrangements, not a mutual defence treaty.",FACT,High,,,FPDA official site (FAQ/exercises); AUKMIN June 2026 joint statement,Five Power Defence Arrangements Secretariat,2026,https://www.fivepowerdefencearrangements.org/faq,1
VEH-UK-17,United Kingdom,uk,The Technical Cooperation Program (TTCP),Forum,1957,In force,Enabling,Senior official,"Five-nation (AUS, CAN, NZ, UK, US) defence science and technology cooperation organisation; commenced 1957 (UK-US), Australia joined 1965; collaborative research including space-relevant S&T.",,FACT,High,,,The Technical Cooperation Program,Defence Science and Technology Group (Australian DoD),2026,https://www.dst.defence.gov.au/partnership/technical-cooperation-program,1
VEH-UK-18,United Kingdom,uk,Air and Space Interoperability Council (ASIC),Forum,,In force,Enabling,Military,"Five-nation (AUS, CAN, NZ, UK, US) air forces' interoperability body (formerly Air Standardization Coordinating Committee) covering air and space standardisation and interoperability.","Existence well documented historically; current name, charter and Australian/UK participation cadence not confirmed from an accessed primary source this session (one search result mischaracterised ASIC as part of TTCP).",TO_VERIFY,Medium,,,CJCSI 3165.01D (multinational interoperability fora); search-level corroboration only,US Joint Chiefs of Staff,,https://www.jcs.mil/Portals/36/Documents/Library/Instructions/CJCSI%203165.01D.pdf,1
VEH-UK-19,United Kingdom,uk,AUSCANNZUKUS (naval C4 interoperability organisation),Forum,,TO_VERIFY,Enabling,Military,"Five-nation naval command, control, communications and computers (C4) interoperability organisation (AUS, CAN, NZ, UK, US); standing channel for maritime information interoperability.",Not verified this session; include pending records check.,TO_VERIFY,Low,,,AUSCANNZUKUS official information portal (lead - not accessed this session),AUSCANNZUKUS,,https://auscannzukus.net,1
VEH-UK-20,United Kingdom,uk,ABCANZ Armies Program,Forum,,TO_VERIFY,General,Military,"Five-nation (America, Britain, Canada, Australia, NZ) armies' interoperability and standardisation program.",Not verified this session; include pending records check.,TO_VERIFY,Low,,,ABCANZ Armies Program (lead - not accessed this session),ABCANZ Armies,,https://abcanz-armies.org,1
VEH-UK-21,United Kingdom,uk,Combined Space Operations (CSpO) Initiative,Forum,,In force,Direct,Senior official,"Multinational military space cooperation initiative - operations coordination, interoperability, data sharing and responsible-behaviours alignment. Vision 2031 released Feb 2022 by Australia, Canada, France, Germany, NZ, UK, US; UK Space Command page lists ten members including Italy, Japan and Norway.",Initiative establishment date (reported 2014) and Australia's accession instrument (CSpO MOU) need records confirmation.,FACT,High,,,Combined Space Operations Vision 2031 (GOV.UK publication; Australian Defence release 23 Feb 2022),UK MOD / Australian Department of Defence,2022-02,https://www.gov.uk/government/publications/combined-space-operations-vision-2031,1
VEH-UK-22,United Kingdom,uk,Deep Space Advanced Radar Capability (DARC) trilateral MoU,MoU,2023-12,In force,Direct,Ministerial,"AU-UK-US MoU signed 2 Dec 2023 (22-year term) to build a three-site deep-space radar network for 24/7 all-weather detection, tracking and characterisation of objects in GEO; Site 1 at Exmouth, WA has demonstrated GEO tracking for the partners; further sites in UK and continental US.",Frequently associated with AUKUS advanced-capability cooperation; UK site consent/status as of 2026 to be confirmed.,FACT,High,,,"US, UK, Australia announce trilateral Deep Space Advanced Radar Capability initiative; SpaceNews on Site 1 tracking",US Space Force / SpaceNews,2023-12,https://www.spaceforce.mil/News/Article-Display/Article/3604036/us-uk-australia-announce-trilateral-deep-space-advanced-radar-capability-initia/,1
VEH-UK-23,United Kingdom,uk,UK-Australia Space Bridge Framework Arrangement,Arrangement,2021-02,In force,Direct,Senior official,"Civil/commercial space cooperation framework (Austrade, Australian Space Agency, UK DIT/DBT, UK Space Agency) signed 23 Feb 2021: policy alignment, regulatory dialogue, trade, investment, R&D across four pillars; re-signed by the two space agencies at IAC Sydney on 1 Oct 2025.",Civil instrument but an enabling substrate for the broader space relationship; not a defence instrument.,FACT,High,,,UK-Australia Space Bridge Framework Arrangement; re-signing at IAC 2025 (UK Space Agency blog / Space Connect),Australian Space Agency / UK Space Agency,2025-10,https://www.space.gov.au/about-agency/publications/uk-australia-space-bridge-framework-arrangement,1
VEH-UK-24,United Kingdom,uk,UK Space Command - Australian Defence Space Command Terms of Reference (Military Space Cooperation Framework),MoU,2022-12,TO_VERIFY,Direct,Military,"Terms of Reference signed December 2022 between UK Space Command and Australia's Defence Space Command outlining cooperation in information-sharing, collaborative training, exercises and personnel/liaison exchanges; described as a Military Space Cooperation Framework.","Reported in search results from official pages; full text not retrievable this session (403) - confirm instrument name, signatories and current status.",TO_VERIFY,Medium,,,"Defence Space Strategy - One Year On (UK written statement HCWS579, 23 Feb 2023); Defence (AUS) space domain page",UK MOD / Australian Department of Defence,2023-02,https://questions-statements.parliament.uk/written-statements/detail/2023-02-23/hcws579,1
VEH-UK-25,United Kingdom,uk,Australia-UK Space Engagement Talks,Dialogue,,TO_VERIFY,Direct,Working,"Annual bilateral military space talks between Defence Space Command (AUS) and UK counterparts covering exercises, training, exchange/liaison officers, capability collaboration and space policy development.",Identified via official-page search snippet; date of most recent talks and exact title need records confirmation.,TO_VERIFY,Medium,,,Space domain - Defence Activities (Australian Department of Defence),Australian Department of Defence,,https://www.defence.gov.au/defence-activities/military-domains/space-domain,1
VEH-UK-26,United Kingdom,uk,Australia-UK space domain awareness capability collaboration (AUKMIN June 2026 commitment),Statement/Declaration,2026-06,TO_VERIFY,Direct,Ministerial,"AUKMIN June 2026 committed to enhanced bilateral space domain awareness cooperation: expanded data sharing, interoperability, joint analytical collaboration and investigation of advanced sensing technologies.",Commitment is FACT; whether it is embodied in a signed instrument (vs joint-statement language) is TO_VERIFY - hence status flag.,FACT,Medium,,,"Joint Statement, Australia-UK Ministerial Consultations (AUKMIN) June 2026",Australian DoD / UK MOD (via National Tribune republication),2026-06,https://www.minister.defence.gov.au/statements/2026-06-11/joint-statement-from-uk-australia-australia-uk-ministerial-consultations-aukmin-june-2026,1
VEH-UK-27,United Kingdom,uk,Exercise Talisman Sabre (UK participation),Exercise,,In force,General,Military,Major biennial Australia-US-led multinational exercise in Australia; TS25 included the deployment of the UK Carrier Strike Group to Australia (welcomed at AUKMIN Jul 2025 and Jun 2026 as a milestone in UK Indo-Pacific presence).,UK participation cadence for TS27 to be confirmed.,FACT,High,,,AUKMIN July 2025 and June 2026 joint statements,Australian DFAT/DoD and UK FCDO/MOD,2026-06,https://www.minister.defence.gov.au/statements/2026-06-11/joint-statement-from-uk-australia-australia-uk-ministerial-consultations-aukmin-june-2026,1
VEH-UK-28,United Kingdom,uk,Exercise Pitch Black (RAF participation),Exercise,,In force,General,Military,"RAAF-hosted biennial multinational air combat exercise; Pitch Black 2024 (12 Jul - 2 Aug 2024) was the largest in its history (approx. 4,400 personnel, 140 aircraft, 20 nations) and included deployed RAF aircraft.",UK participation in the 2026 edition not confirmed this session.,FACT,High,,,Exercise Pitch Black 2024 Concludes; RAF aircraft arrive for Exercise Pitch Black,Australian Department of Defence / Royal Air Force,2024-08,https://www.defence.gov.au/news-events/releases/2024-08-02/exercise-pitch-black-2024-concludes,1
VEH-UK-29,United Kingdom,uk,FPDA Exercises Bersama Shield / Bersama Lima,Exercise,,In force,General,Military,"Annual FPDA combined exercises in/around Malaysia-Singapore with Australian and UK forces: Bersama Shield 2025 (7-22 Apr, ~800 personnel), Bersama Lima 2025 (Sep-Oct, 2,100+ personnel incl. HMS Prince of Wales), Bersama Shield 2026 underway April 2026.",,FACT,High,,,Exercise Bersama Shield 2025 (FPDA); Exercise Bersama Lima 2025 media release (Australian High Commission Malaysia),FPDA / Australian High Commission Kuala Lumpur,2025-10,https://www.fivepowerdefencearrangements.org/newsroom/exercise-bersama-shield-2025,1
VEH-JAPAN-01,Japan,japan,Basic Treaty of Friendship and Cooperation between Australia and Japan (NARA Treaty),Treaty,1976-06,In force,General,Head of government,Foundational bilateral friendship and cooperation treaty; 50th anniversary marked in 2026 with stated intent to elevate the partnership.,Referenced in 12th 2+2 (Sep 2025) as frame for redefining cooperation for next 50 years.,FACT,Medium,CONFIRMED,,50th anniversary of the signing of the Basic Treaty of Friendship and Cooperation with Japan,Australian Minister for Foreign Affairs,2026,https://www.foreignminister.gov.au/minister/penny-wong/speech/50th-anniversary-signing-basic-treaty-friendship-and-cooperation-japan,1
VEH-JAPAN-02,Japan,japan,Japan-Australia Joint Declaration on Security Cooperation (2007),Statement/Declaration,2007-03,Lapsed/superseded,General,Head of government,First bilateral security declaration; established security cooperation agenda and led to creation of the 2+2. Renewed/replaced by the 2022 JDSC.,Signed Tokyo 13 Mar 2007 (Howard-Abe). Treated as superseded by the 22 Oct 2022 declaration; formal supersession language to be confirmed.,FACT,High,CONFIRMED,,Japan-Australia Joint Declaration on Security Cooperation,Ministry of Foreign Affairs of Japan,2007-03,https://www.mofa.go.jp/region/asia-paci/australia/joint0703.html,1
VEH-JAPAN-03,Japan,japan,Australia-Japan Joint Declaration on Security Cooperation (2022),Statement/Declaration,2022-10,In force,General,Head of government,"Ten-year strategic frame signed Perth 22 Oct 2022 (Albanese-Kishida): defence interoperability, intelligence sharing, mutual use of facilities, asset protection, maritime/economic security; names new domains including space and cyber.",Commitment to consult on contingencies and consider response measures. Basis for liaison-officer exchanges (Japan LO at HQJOC Nov 2024; Australian LO at JSDF Joint Operations Command Sep 2025).,FACT,High,CONFIRMED,,Australia and Japan Strengthen Security Cooperation,Prime Minister of Australia,2022-10-22,https://www.pm.gov.au/media/australia-and-japan-strengthen-security-cooperation,1
VEH-JAPAN-04,Japan,japan,Special Strategic Partnership,Statement/Declaration,2014,In force,General,Head of government,"Leaders-level designation of the bilateral relationship (2014); umbrella branding under which defence, S&T and industry cooperation is pursued; 12th 2+2 affirmed intent to further elevate it.",,FACT,Medium,CONFIRMED,,Joint Statement on the Twelfth Japan-Australia 2+2 Foreign and Defence Ministerial Consultations,Australian Minister for Foreign Affairs,2025-09-06,https://www.foreignminister.gov.au/minister/penny-wong/media-release/joint-statement-twelfth-japan-australia-22-foreign-and-defence-ministerial-consultations,1
VEH-JAPAN-05,Japan,japan,Australia-Japan Reciprocal Access Agreement (RAA),Treaty,2022-01,In force,Enabling,Head of government,Status-of-forces/visiting-forces treaty facilitating reciprocal access and cooperative activities between ADF and JSDF; defines status of visiting forces and civilian components. Signed 6 Jan 2022; in force 13 Aug 2023.,Japan's first such agreement since the 1960 US SOFA. 12th 2+2 noted streamlined procedures and 40+ activities conducted under it.,FACT,High,CONFIRMED,,Australia-Japan Reciprocal Access Agreement,Australian Department of Defence,2023-08,https://www.defence.gov.au/defence-activities/programs-initiatives/australia-japan-reciprocal-access-agreement,1
VEH-JAPAN-06,Japan,japan,Australia-Japan Acquisition and Cross-Servicing Agreement (ACSA),Agreement,2017-01,In force,Enabling,Ministerial,"Reciprocal provision of supplies and services (logistics, refuelling, transport, medical) between ADF and JSDF for exercises, training, HADR and other operations.",Original ACSA signed 19 May 2010 (in force 30 Jan 2013); upgraded ACSA signed Sydney 14 Jan 2017 to align with Japan's 2015 peace and security legislation — 2010 version superseded. Entry-into-force date of 2017 ACSA to confirm.,FACT,High,CONFIRMED,,Signing of the Australia-Japan Acquisition and Cross-Servicing Agreement,Australian Defence Ministers,2017-01-14,https://www.minister.defence.gov.au/media-releases/2017-01-14/signing-australia-japan-acquisition-cross-servicing-agreement,1
VEH-JAPAN-07,Japan,japan,Australia-Japan Agreement on the Security of Information (ISA),Agreement,2012-05,In force,Enabling,Ministerial,Reciprocal protection of classified information exchanged between the two governments; underpins intelligence and capability information sharing. Signed Tokyo 17 May 2012; in force 22 Mar 2013.,12th 2+2 (Sep 2025) recorded that work to UPDATE the ISA is being accelerated — an updated agreement may have been concluded by mid-2026; records check needed.,FACT,High,CONFIRMED,,Agreement Between the Government of Australia and the Government of Japan on the Security of Information [2013] ATS 15,AustLII / DFAT Australian Treaty Series,2013,https://www.austlii.edu.au/cgi-bin/viewdoc/au/other/dfat/treaties/ATS/2013/15.html,1
VEH-JAPAN-08,Japan,japan,Agreement concerning the Transfer of Defence Equipment and Technology,Agreement,2014-07,In force,Enabling,Head of government,"Legal framework for joint research, development and production of defence equipment and technology and for handling transferred defence articles. Signed Canberra 8 Jul 2014; in force 8 Dec 2014.",Enabled by Japan's 2014 Three Principles on Transfer of Defense Equipment and Technology; legal underpinning for RDT&E projects and the Mogami frigate export.,FACT,High,CONFIRMED,,Signing of the Agreement concerning the Transfer of Defence Equipment and Technology,Ministry of Foreign Affairs of Japan,2014-07-08,https://www.mofa.go.jp/press/release/press4e_000349.html,1
VEH-JAPAN-09,Japan,japan,Japan-Australia 2+2 Foreign and Defence Ministerial Consultations,Dialogue,2007,In force,General,Ministerial,"Premier bilateral ministerial mechanism (foreign + defence ministers). 12th round held Tokyo 5 Sep 2025 covering trilateral US cooperation, cyber, exercises, defence industry and Quad.",Established following the 2007 JDSC. Sep 2025 joint statement is the single richest open-source register of active bilateral vehicles.,FACT,High,,,Joint Statement on the Twelfth Japan-Australia 2+2 Foreign and Defence Ministerial Consultations,Australian Defence Ministers,2025-09-06,https://www.minister.defence.gov.au/statements/2025-09-06/joint-statement-twelfth-japan-australia-22-foreign-defence-ministerial-consultations,1
VEH-JAPAN-10,Japan,japan,Japan-Australia 2+2 Senior Officials' Meetings (SOM),Dialogue,,In force,General,Senior official,Officials-level tier beneath the ministerial 2+2; 12th 2+2 recorded intent to 'invigorate' the SOM cadence.,,FACT,Medium,,,Joint Statement on the Twelfth Japan-Australia 2+2 Foreign and Defence Ministerial Consultations,Australian Defence Ministers,2025-09-06,https://www.minister.defence.gov.au/statements/2025-09-06/joint-statement-twelfth-japan-australia-22-foreign-defence-ministerial-consultations,1
VEH-JAPAN-11,Japan,japan,Australia-Japan Annual Leaders' Meetings,Dialogue,,In force,General,Head of government,"Regular prime-ministerial summitry (in person and virtual) that has produced the major defence instruments (RAA signing Jan 2022, JDSC Oct 2022, May 2026 Leaders' Statement).",,FACT,Medium,,,Australia-Japan Leaders Statement on Enhanced Defence Cooperation,Department of the Prime Minister and Cabinet (Australia),2026-05-04,https://www.pmc.gov.au/resources/australia-japan-leaders-statement-on-enhanced-defence-cooperation,1
VEH-JAPAN-12,Japan,japan,Framework for Strategic Defence Coordination (FSDC),Other,2025-12,In force,Enabling,Ministerial,Defence-minister-led framework established by Japan-Australia Defence Ministers' Joint Statement of 7 Dec 2025 for strategic policy and intelligence exchange and coordination of defence cooperation.,Cited in the 4 May 2026 Leaders' Statement as the platform for increased information/intelligence cooperation and capability co-development. Founding statement text not directly accessible this session (gov pages 403/timeout).,FACT,High,,,Japan-Australia Defence Ministers' Joint Statement - Establishment of the Framework for Strategic Defence Coordination,Australian Defence Ministers / Japan Ministry of Defense,2025-12-07,https://www.minister.defence.gov.au/statements/2025-12-07/japan-australia-defence-ministers-joint-statement-establishment-framework-strategic-defence-coordination,1
VEH-JAPAN-13,Japan,japan,Leaders' Statement on Enhanced Defence and Security Cooperation,Statement/Declaration,2026-05,In force,General,Head of government,"Issued 4 May 2026 (Albanese-Takaichi): commits to co-development/co-production of defence capabilities, testing of advanced weapons and emerging technologies, enhanced exercises, supply-chain cooperation and increased information and intelligence cooperation.","Builds on JDSC 2022, RAA, FSDC and the Mogami Memorandum; page fetched and verified this session.",FACT,High,,,Australia-Japan Leaders Statement on Enhanced Defence Cooperation,Department of the Prime Minister and Cabinet (Australia),2026-05-04,https://www.pmc.gov.au/resources/australia-japan-leaders-statement-on-enhanced-defence-cooperation,1
VEH-JAPAN-14,Japan,japan,Provision of Defence Articles and Defence Services Memorandum of Arrangement,Arrangement,2025-05,In force,Enabling,Senior official,"Bilateral mechanism (May 2025) for provision of defence articles and services between the two defence organisations, cited in the 12th 2+2 joint statement.",Signatory level and full text not confirmed this session; accessed via mirror of the official joint statement.,FACT,Medium,,,Joint Statement on the Twelfth Japan-Australia 2+2 Foreign and Defence Ministerial Consultations,Australian Defence Ministers,2025-09-06,https://www.minister.defence.gov.au/statements/2025-09-06/joint-statement-twelfth-japan-australia-22-foreign-defence-ministerial-consultations,1
VEH-JAPAN-15,Japan,japan,Materiel and Industry Memorandum of Cooperation,MoU,,Under negotiation,General,Senior official,Defence materiel/industry cooperation MoC; negotiations recorded as underway in the 12th 2+2 joint statement (Sep 2025).,"May have been concluded since Sep 2025, possibly in connection with the Apr 2026 frigate contract — records check needed.",FACT,Medium,,,Joint Statement on the Twelfth Japan-Australia 2+2 Foreign and Defence Ministerial Consultations,Australian Defence Ministers,2025-09-06,https://www.minister.defence.gov.au/statements/2025-09-06/joint-statement-twelfth-japan-australia-22-foreign-defence-ministerial-consultations,1
VEH-JAPAN-16,Japan,japan,"Bilateral Research, Development, Test and Evaluation (RDT&E) Arrangement (DSTG-ATLA)",Arrangement,2023-06,In force,Enabling,Senior official,"Framework between Defence Science and Technology Group and Japan's ATLA for joint defence S&T projects: undersea acoustic communications for UUVs (first project, Jan 2024), marine hydrodynamics/hydroacoustics and multi-vehicle autonomy (completed), RASUW undersea warfare robotics, and 'Boobook' laser technology — the first co-development project.",,FACT,High,,,Australia and Japan sign research agreement for undersea warfare,Australian Department of Defence,2024-01-23,https://www.defence.gov.au/news-events/releases/2024-01-23/australia-japan-sign-research-agreement-undersea-warfare,1
VEH-JAPAN-17,Japan,japan,SEA 3000 General Purpose Frigate contract and 'Mogami Memorandum',Agreement,2026-04,In force,General,Ministerial,"Contracts signed 18 Apr 2026 with the Japanese Government and Mitsubishi Heavy Industries for three Upgraded Mogami-class frigates (~A$10bn; first delivery 2029; up to 11 ships, follow-on build in Western Australia), plus the ministerial 'Mogami Memorandum' committing both governments to delivery, RAN-JMSDF training and Australian sustainment capability.",Japan's largest post-war defence export; announced alongside the 18 Apr 2026 Australia-Japan Defence Ministers' Meeting joint statement.,FACT,High,,,Australia Signs Contract With Japan For Three Upgraded Mogami,Naval News / Australian Defence Ministers,2026-04-18,https://www.navalnews.com/naval-news/2026/04/australia-signs-contract-with-japan-for-three-upgraded-mogami/,1
VEH-JAPAN-18,Japan,japan,Trilateral Strategic Dialogue (TSD) - Australia-Japan-US,Dialogue,,In force,General,Ministerial,Foreign-ministers-level trilateral consultation on regional security; 12th 2+2 (Sep 2025) confirms the three countries continue to consult through the TSD.,"Established at senior-officials level in early 2000s, ministerial since mid-2000s — founding dates and most recent ministerial session need confirmation.",FACT,Medium,,,U.S.-Australia-Japan trilateral strategic dialogue,Australian Minister for Foreign Affairs,,https://www.foreignminister.gov.au/minister/penny-wong/media-release/us-australia-japan-trilateral-strategic-dialogue,1
VEH-JAPAN-19,Japan,japan,Trilateral Defence Consultations (TDC) / Trilateral Defence Ministers' Meeting (TDMM),Dialogue,2024-11,In force,General,Ministerial,"Defence-minister-level trilateral with the US. 14th TDMM Darwin 17 Nov 2024 (TDC announced); 15th TDMM Singapore 31 May 2025 was the first ministerial session of the TDC. Drives trilateral F-35 training, networked air and missile defence architecture, Tomahawk cooperation, ISR and Japan's participation in Australia-US force posture activities.",,FACT,High,,,Trilateral Defence Consultations Ministerial Meeting Joint Statement on Efforts to Deepen Our Defence Cooperation,Australian Defence Ministers,2025-05-31,https://www.minister.defence.gov.au/statements/2025-05-31/trilateral-defence-consultations-ministerial-meeting-joint-statement-efforts-deepen-our-defence-cooperation,1
VEH-JAPAN-20,Japan,japan,Trilateral Information Sharing Arrangement (TISA) - Australia-Japan-US,Arrangement,2016-10,In force,Enabling,Senior official,Signed 27 Oct 2016 (Honolulu) by the three defence departments; enables sharing of classified information for trilateral defence exercises and operations.,Current status assumed extant; whether it has been updated/superseded by later trilateral intelligence arrangements should be verified.,FACT,Medium,,,Australia-Japan-US sign trilateral information sharing arrangement (HSDL record),US DoD / Homeland Security Digital Library,2016-10-27,https://www.hsdl.org/?abstract&did=796678,1
VEH-JAPAN-21,Japan,japan,Trilateral RDT&E Arrangement - Australia-Japan-US,Arrangement,,In force,Enabling,Senior official,Trilateral defence research framework; inaugural project on composite aerospace materials was to be finalised and commenced by mid-2026 per the 12th 2+2 statement.,Signing date not established this session; project status as of Jul 2026 needs confirmation.,FACT,Medium,,,Joint Statement on the Twelfth Japan-Australia 2+2 Foreign and Defence Ministerial Consultations,Australian Defence Ministers,2025-09-06,https://www.minister.defence.gov.au/statements/2025-09-06/joint-statement-twelfth-japan-australia-22-foreign-defence-ministerial-consultations,1
VEH-JAPAN-22,Japan,japan,Japan-Australia-United States Navy Logistics Working Group,WorkingGroup,,In force,Enabling,Working,Trilateral navy logistics working group; Terms of Reference recorded as signed in the 12th 2+2 joint statement (Sep 2025).,,FACT,Medium,,,Joint Statement on the Twelfth Japan-Australia 2+2 Foreign and Defence Ministerial Consultations,Australian Defence Ministers,2025-09-06,https://www.minister.defence.gov.au/statements/2025-09-06/joint-statement-twelfth-japan-australia-22-foreign-defence-ministerial-consultations,1
VEH-JAPAN-23,Japan,japan,Quad (Australia-India-Japan-US),Forum,,In force,General,Mixed,"Leaders- and foreign-ministers-level Indo-Pacific grouping. 11th Foreign Ministers' Meeting, New Delhi 26 May 2026: launched Indo-Pacific Maritime Surveillance Collaboration (IPMSC), Critical Minerals Initiative Framework, Indo-Pacific Energy Security initiative. 12th 2+2 flagged a planned Quad Indo-Pacific Logistics Network field training exercise.",Quad has had space workstreams (satellite data sharing) since 2021 but no space outcomes appeared in the May 2026 FMM material accessed.,FACT,High,,,Joint Statement from the Quad Foreign Ministers' Meeting in New Delhi,US Department of State,2026-05-26,https://www.state.gov/releases/office-of-the-spokesperson/2026/05/joint-statement-from-the-quad-foreign-ministers-meeting-in-new-delhi,1
VEH-JAPAN-24,Japan,japan,Japan-Australia Cyber Policy Dialogue,Dialogue,,In force,General,Senior official,"Bilateral cyber policy consultations, referenced as active in the 12th 2+2 joint statement; joint participation in Exercise LOCKED SHIELDS 2025 also recorded.",,FACT,Medium,,,Joint Statement on the Twelfth Japan-Australia 2+2 Foreign and Defence Ministerial Consultations,Australian Defence Ministers,2025-09-06,https://www.minister.defence.gov.au/statements/2025-09-06/joint-statement-twelfth-japan-australia-22-foreign-defence-ministerial-consultations,1
VEH-JAPAN-25,Japan,japan,Japan-Australia Economic Security Dialogue,Dialogue,,In force,General,Senior official,"Bilateral economic security consultations referenced in the 12th 2+2 joint statement (supply chains, critical technologies).",,FACT,Medium,,,Joint Statement on the Twelfth Japan-Australia 2+2 Foreign and Defence Ministerial Consultations,Australian Defence Ministers,2025-09-06,https://www.minister.defence.gov.au/statements/2025-09-06/joint-statement-twelfth-japan-australia-22-foreign-defence-ministerial-consultations,1
VEH-JAPAN-26,Japan,japan,Japan-Australia-Republic of Korea Defence Ministers' Meeting and Trilateral Indo-Pacific Dialogue,Forum,,In force,General,Ministerial,"Inaugural Japan-Australia-ROK defence ministers' meeting held, plus a foreign-ministry officials-level Trilateral Indo-Pacific Dialogue, per the 12th 2+2 joint statement.",,FACT,Medium,,,Joint Statement on the Twelfth Japan-Australia 2+2 Foreign and Defence Ministerial Consultations,Australian Defence Ministers,2025-09-06,https://www.minister.defence.gov.au/statements/2025-09-06/joint-statement-twelfth-japan-australia-22-foreign-defence-ministerial-consultations,1
VEH-JAPAN-27,Japan,japan,Exercise Talisman Sabre (Japan participation),Exercise,,In force,General,Military,"Biennial Australia-US-led multinational exercise. TS25 (13 Jul-4 Aug 2025): ~1,500 JSDF personnel; first ADF-integrated Type-12 anti-ship and Type-03 SAM live fire in Australia; JASDF joined multinational space defence training; Japan's inaugural AUKUS Pillar II 'Maritime Big Play' participation. TS27 to include inaugural regional air/missile defence live-fire event.",Space defence training serial at TS25 is the clearest exercise-level space touchpoint found.,FACT,High,,,Australia-Japan partnership soars during Exercise Talisman Sabre,Australian Department of Defence,2025-07-23,https://www.defence.gov.au/news-events/news/2025-07-23/australia-japan-partnership-soars-during-exercise-talisman-sabre,1
VEH-JAPAN-28,Japan,japan,Exercise Bushido Guardian,Exercise,,In force,General,Military,"Australia-Japan air combat exercise in Japan; BG25 (29 Sep-10 Oct 2025, Misawa) was the first trilateral iteration with the US, including trilateral F-35 training; ~130 RAAF aviators.","Part of a trilateral F-35 training series: Cope North 2025 (Feb), Bushido Guardian 2025 (Sep), third iteration hosted by RAAF in Australia in July 2026.",FACT,High,,,Exercise Bushido Guardian 25 commences in Japan,Australian Department of Defence,2025-09-29,https://www.defence.gov.au/news-events/releases/2025-09-29/exercise-bushido-guardian-25-commences-japan,1
VEH-JAPAN-29,Japan,japan,Exercise Nichi Gou Trident,Exercise,,In force,General,Military,"Recurring JMSDF-RAN bilateral naval exercise (multiple serials per year; e.g. Nichi-Gou Trident 25-4, 1-2 Nov 2025 south of Kyushu); 12th 2+2 committed to increased cooperation through it.",,FACT,High,,,Bilateral Exercise (Nichi-Gou Trident 25-4),Japan Maritime Self-Defense Force,2025-11,https://www.mod.go.jp/msdf/en/release/202511/20251104en-2.pdf,1
VEH-JAPAN-30,Japan,japan,Exercise Southern Jackaroo,Exercise,,In force,General,Military,Australia-Japan-US land forces exercise in Australia; JGSDF to make an enhanced contribution in 2026 per the 12th 2+2 statement.,,FACT,Medium,,,Joint Statement on the Twelfth Japan-Australia 2+2 Foreign and Defence Ministerial Consultations,Australian Defence Ministers,2025-09-06,https://www.minister.defence.gov.au/statements/2025-09-06/joint-statement-twelfth-japan-australia-22-foreign-defence-ministerial-consultations,1
VEH-JAPAN-31,Japan,japan,"Exercise Cope North (trilateral air exercise, Guam)",Exercise,,In force,General,Military,Annual US-led air exercise at Guam with Japan and Australia as core participants; Feb 2025 iteration hosted the inaugural trilateral F-35 training.,,FACT,High,,,Trilateral Defence Consultations Ministerial Meeting Joint Statement,Australian Defence Ministers,2025-05-31,https://www.minister.defence.gov.au/statements/2025-05-31/trilateral-defence-consultations-ministerial-meeting-joint-statement-efforts-deepen-our-defence-cooperation,1
VEH-JAPAN-32,Japan,japan,Exercise Yama Sakura (trilateral command post exercise),Exercise,,In force,General,Military,"US-Japan army command post exercise now trilateral with Australia: YS87 (Dec 2024, ~300 ADF/1,500 US/5,000 JGSDF across Japan, US and Gallipoli Barracks QLD); YS89 concluded Camp Itami 31 Aug 2025 with Australian Army 1st Division.",,FACT,High,,,"Yama Sakura 89 concludes, strengthening US-Japan-Australia Alliance",US Army,2025-09,https://www.army.mil/article/288220/yama_sakura_89_concludes_strengthening_us_japan_australia_alliance,1
VEH-JAPAN-33,Japan,japan,Exercise Malabar (Quad navies),Exercise,,In force,General,Military,Australia-India-Japan-US naval exercise; Malabar 2025 held in and around Guam 10-18 Nov 2025; linked to Quad maritime domain awareness cooperation.,,FACT,High,,,"Guam hosts Australia, India, Japan, US forces in Exercise Malabar 2025",US Pacific Fleet,2025-11,https://www.cpf.navy.mil/Newsroom/News/Article/4339470/guam-hosts-australia-india-japan-us-forces-in-exercise-malabar-2025/,1
VEH-JAPAN-34,Japan,japan,Exercise Pitch Black (Japan participation),Exercise,,In force,General,Military,"RAAF-hosted multinational air combat exercise (Darwin/Tindal); JASDF a returning participant at PB24 (Jul-Aug 2024, 20 nations); PB26 commenced July 2026.",Confirm JASDF composition at PB26 (underway at time of research).,FACT,Medium,,,Exercise Pitch Black 2024 takes off,Australian Department of Defence,2024-07-11,https://www.defence.gov.au/news-events/releases/2024-07-11/exercise-pitch-black-2024-takes-off,1
VEH-JAPAN-35,Japan,japan,Exercise Orient Shield (Australian participation),Exercise,,In force,General,Military,US-Japan ground forces exercise in Japan; Australia's inaugural participation recorded in the 12th 2+2 joint statement (Sep 2025).,,FACT,Medium,,,Joint Statement on the Twelfth Japan-Australia 2+2 Foreign and Defence Ministerial Consultations,Australian Defence Ministers,2025-09-06,https://www.minister.defence.gov.au/statements/2025-09-06/joint-statement-twelfth-japan-australia-22-foreign-defence-ministerial-consultations,1
VEH-JAPAN-36,Japan,japan,JAXA-Australian Space Agency Memorandum of Cooperation on space cooperation for peaceful purposes,MoU,2020-07,In force,Direct,Senior official,"Agency-to-agency MoC signed 7 Jul 2020 (Clark-Yamakawa, virtual leaders' meeting): cooperation in space technology, applications, education and outreach; basis for subsequent ASA-JAXA engagement including Australian support to Japanese missions.",Civil space instrument — the principal confirmed bilateral space-specific vehicle. Check for renewals/annexes since 2020.,FACT,High,,,Australia and Japan strengthen space collaborations,Australian Space Agency,2020-07,https://www.space.gov.au/news-and-media/australia-and-japan-strengthen-space-collaborations,1
VEH-JAPAN-37,Japan,japan,Hayabusa2 sample-return arrangements (Defence-JAXA Woomera agreement and AROLSO authorisation),Arrangement,2018,Lapsed/superseded,Direct,Senior official,"Australian Department of Defence-JAXA agreement (2018) for capsule landing in the Woomera Prohibited Area, plus Australian Space Agency authorisation of return of an overseas-launched space object under the Space Activities Act 1998 (as amended 2018); capsule recovered 6 Dec 2020.",Mission-specific and completed; precedent/template for future Japanese sample-return use of Woomera (e.g. MMX) — check whether a standing arrangement now exists.,FACT,High,,,Hayabusa2 mission accomplished,Australian Space Agency,2020-12,https://www.space.gov.au/news-and-media/hayabusa2-mission-accomplished,1
VEH-JAPAN-38,Japan,japan,QZSS cooperation and ground-segment hosting arrangements in Australia,Arrangement,,TO_VERIFY,Direct,Senior official,"Japan's Quasi-Zenith Satellite System service area covers Australia; a QZSS monitoring station operates in Canberra, and QZSS activities in Australia (e.g. 2020 Emergency Warning Service pilot with Geoscience Australia/FrontierSI) were reportedly framed by an MoU between the Australian Minister for Industry and Japan's Ministry of Internal Affairs and Communications.",No authoritative government source accessed this session confirming the MoU's name/date/status or any Defence-level QZSS hosting arrangement; not mentioned in the 12th 2+2. Best leads: FrontierSI QZSS project page and eoPortal QZSS entry.,TO_VERIFY,Low,,,Testing Novel Positioning Capabilities (QZSS project),FrontierSI,,https://frontiersi.com.au/project/qzss/,1
VEH-JAPAN-39,Japan,japan,Japan-US-Australia Space Security Dialogue,Dialogue,2011,TO_VERIFY,Direct,Working,"Trilateral officials-level dialogue exchanging information on the space situation and space policies, reportedly held since 2011.",Reported by AIIA Australian Outlook (citing MOFA practice); no primary MOFA/DFAT page accessed this session confirming current cadence or most recent round.,TO_VERIFY,Medium,,,Japan's International Engagements in Outer Space,Australian Institute of International Affairs,,https://www.internationalaffairs.org.au/australianoutlook/japans-international-engagements-in-outer-space/,1
VEH-JAPAN-40,Japan,japan,Quad space cooperation / space working group,WorkingGroup,2021,TO_VERIFY,Direct,Working,"Quad space workstream (satellite Earth-observation data sharing, space situational awareness capacity building) established at the 2021 Leaders' Summit; Australia and Japan both participants.",Not referenced in the May 2026 Quad FMM outputs accessed this session — current status of the working group under the present Quad agenda unclear.,TO_VERIFY,Low,,,The Possibilities for Quad Cooperation in Space,The Diplomat,2023-05,https://thediplomat.com/2023/05/the-possibilities-for-quad-cooperation-in-space/,1
VEH-INDIA-01,India,india,Comprehensive Strategic Partnership (CSP),Statement/Declaration,2020-06,In force,General,Head of government,Overarching bilateral framework elevating the 2009 Strategic Partnership; defence is its strongest pillar. Annual Leaders' Summits ride under it (2nd summit Nov 2024; Modi visit to Melbourne 8-10 Jul 2026).,Declared at Modi-Morrison virtual summit 4 Jun 2020; reaffirmed as the vital framework in the 2026 Joint Declaration.,FACT,High,CONFIRMED,,Joint Statement on a Comprehensive Strategic Partnership between Republic of India and Australia,DFAT (Australia),2020-06-04,https://www.dfat.gov.au/geo/india/joint-statement-comprehensive-strategic-partnership-between-republic-india-and-australia,1
VEH-INDIA-02,India,india,Australia-India Joint Declaration on Defence and Security Cooperation,Statement/Declaration,2026-07,In force,General,Head of government,"New leaders-level defence/security framework: 'advanced, integrated and top-tier' partnership covering interoperability, exercises, information sharing, defence industry, counter-terrorism, HADR; names FMFD, 2+2, Defence Ministers' Dialogue, Maritime Roadmap, PACTS, Quad Indo-Pacific Logistics Network.",Released 9 Jul 2026 in Melbourne (Albanese-Modi). Full text fetched this session.,FACT,High,CONFIRMED,,Australia-India Joint Declaration on Defence and Security Cooperation (2026),Prime Minister of Australia,2026-07-09,https://www.pm.gov.au/media/australia-india-joint-declaration-defence-security-cooperation,1
VEH-INDIA-03,India,india,India-Australia Joint Declaration on Security Cooperation (2009),Statement/Declaration,2009-11,Lapsed/superseded,General,Head of government,Original bilateral security cooperation declaration; basis of the pre-2026 security relationship.,July 2026 announcements state the new Joint Declaration replaces/renews the 2009 declaration.,FACT,High,CORRECTED,"Existence and date stand (agreed during PM Rudd's November 2009 visit to New Delhi), but the status 'Lapsed/superseded' is not supported: no authoritative source declares it lapsed, and the 9 July 2026 Joint Declaration explicitly builds on it rather than superseding it. Better status: 'Extant foundational political declaration; de facto succeeded in practice by the 2026 Joint Declaration on Defence and Security Cooperation, but never formally lapsed or superseded.'",Strengthening cooperation on defence and security with India,Defence Ministers (Australia),2026-07-09,https://www.minister.defence.gov.au/media-releases/2026-07-09/strengthening-cooperation-defence-security-india,1
VEH-INDIA-04,India,india,Framework for Security Cooperation between Australia and India (with Action Plan),Statement/Declaration,2014-11,In force,General,Head of government,"Leaders-adopted framework and action plan covering counter-terrorism, defence technology, maritime security, border protection; spawned the post-2014 dialogue architecture.",No open-source evidence of formal supersession found this session (2026 Declaration replaces only the 2009 declaration); practical role largely absorbed by CSP/2026 Declaration - records check needed.,FACT,Medium,CONFIRMED,,Framework for Security Cooperation between Australia and India 2014,DFAT (Australia),2014-11-18,https://www.dfat.gov.au/geo/india/Pages/framework-for-security-cooperation-between-australia-and-india-2014,1
VEH-INDIA-05,India,india,Memorandum of Understanding on Defence Cooperation (2006),MoU,2006,TO_VERIFY,General,Ministerial,Foundational bilateral defence cooperation MoU.,Existence confirmed on official page; current standing after 2020/2026 instruments not evidenced - verify against records.,FACT,Medium,CONFIRMED,,Australia-India relationship (High Commission relations page),Australian High Commission New Delhi,,https://india.embassy.gov.au/ndli/relations.html,1
VEH-INDIA-06,India,india,Mutual Logistics Support Arrangement (MLSA),Arrangement,2020-06,In force,Enabling,Ministerial,Reciprocal military logistics support and access; enables complex combined activity and HADR responsiveness. Jun 2026 DMD tasked enhanced procedural interoperability on its basis.,Signed at 4 Jun 2020 virtual leaders' summit. Logistics/access instrument that space-related deployments (e.g. tracking support activity) could ride on.,FACT,High,CONFIRMED,,Australia and India sign Defence arrangement,Defence Ministers (Australia),2020-06-04,https://www.minister.defence.gov.au/media-releases/2020-06-04/australia-india-sign-defence-arrangement,1
VEH-INDIA-07,India,india,Defence Science and Technology Implementing Arrangement (DSTIA),Arrangement,2020-06,In force,General,Senior official,Framework for bilateral defence science and technology collaboration; Jun 2026 DMD flagged sensor technologies as an active exploration area.,"Signed alongside MLSA, June 2020.",FACT,High,CONFIRMED,,Australia and India sign Defence arrangement,Defence Science and Technology Group (Australia),2020-06-05,https://www.dst.defence.gov.au/news/2020/06/05/australia-and-india-sign-defence-arrangement,1
VEH-INDIA-08,India,india,Australia-India Air-to-Air Refuelling Arrangement,Arrangement,2024-11,In force,General,Military,"Enables RAAF KC-30A MRTT to refuel Indian Armed Forces aircraft (first step P-8I), extending Indian reach in the Indo-Pacific; operationalization planned at Exercise Pitch Black 2026.","Signed 19 Nov 2024 by Deputy Chief of Air Force at Australia-India Air Staff Talks, New Delhi; announced 21 Nov 2024.",FACT,High,CONFIRMED,,Milestone in air interoperability with India,Department of Defence (Australia),2024-11-21,https://www.defence.gov.au/news-events/releases/2024-11-21/milestone-air-interoperability-india,1
VEH-INDIA-09,India,india,White Shipping Information Exchange arrangement (RAN-Indian Navy),Arrangement,,TO_VERIFY,Enabling,Military,Navy-to-navy technical agreement to exchange merchant (white) shipping movement information supporting maritime domain awareness.,"Multiple secondary sources confirm an Australia-India white shipping arrangement exists (India has WSIE agreements with 22 countries), but signature date/instrument name not confirmed by an authoritative source this session (media suggest mid-2010s).",TO_VERIFY,Medium,,,Converging currents: A case for enhanced Australia-India-US maritime intelligence sharing,United States Studies Centre / Indian defence trackers,,https://www.ussc.edu.au/a-case-for-enhanced-australia-india-us-maritime-intelligence-sharing-and-security-cooperation-in-the-indian-ocean,1
VEH-INDIA-10,India,india,Australian Liaison Officer posting to Information Fusion Centre - Indian Ocean Region (IFC-IOR),Other,2021-02,In force,Enabling,Military,"Resident ADF liaison officer at IFC-IOR Gurugram; channel for maritime security information sharing, now linked to Quad IPMDA (IFC-IOR operationalized as regional hub).",Inaugural LO posted February 2021; IPMDA satellite-derived MDA data flows intersect here.,FACT,High,,,Australia India Defence Relationship,Australian High Commission New Delhi,2021,https://india.highcommission.gov.au/ndli/defencerelationship27012021.html,1
VEH-INDIA-11,India,india,MoU between Indian Coast Guard and Australian Maritime Border Command,MoU,2026-07,In force,General,Senior official,"Maritime law enforcement, coordinated coastal surveillance, maritime domain awareness and maritime border protection cooperation.",One of 18 announced visit outcomes; corroborated by Australian ministerial releases.,FACT,High,,,"List of Outcomes: Visit of Prime Minister Shri Narendra Modi to Australia (July 08-10, 2026)",Ministry of External Affairs (India),2026-07-10,https://www.mea.gov.in/bilateral-documents?dtl%2F41431%2FList_of_Outcomes__Visit_of_Prime_Minister_Shri_Narendra_Modi_to_Australia_July_08__10_2026=,1
VEH-INDIA-12,India,india,India-Australia Maritime Security Collaboration Roadmap,Other,2026-07,In force,Enabling,Head of government,"Leaders-endorsed roadmap with concrete milestones: information sharing between operational HQs, MDA (incl. undersea), capability development, operational coordination, common operational picture.",Development directed at Jun 2026 Defence Ministers' Dialogue; endorsed by PMs 9 Jul 2026.,FACT,High,,,Australia-India Joint Declaration on Defence and Security Cooperation (2026),Prime Minister of Australia,2026-07-09,https://www.pm.gov.au/media/australia-india-joint-declaration-defence-security-cooperation,1
VEH-INDIA-13,India,india,MoU concerning Cooperation on Defence Articles and Services,MoU,,Under negotiation,Enabling,Ministerial,Announced instrument to deepen defence industrial collaboration and supply of defence articles/services between the two defence organisations.,Ministers announced beginning of development at 1 Jun 2026 DMD; exact title and negotiation state need records confirmation.,FACT,Medium,,,Joint Statement on the Second India-Australia Defence Ministers' Dialogue (mirror),Defence Ministers (Australia) via The National Tribune mirror,2026-06-01,https://www.nationaltribune.com.au/joint-statement-on-the-second-india-australia-defence-ministers-dialogue/,1
VEH-INDIA-14,India,india,"Australia-India Partnership on Cyber, Critical Technologies and Supply Chains (PACTS)",Other,2026-07,In force,Enabling,Head of government,"Leaders-announced partnership on cybersecurity, critical technologies and supply chain resilience (pillars reportedly include semiconductors and critical minerals); supports industrial, research and business links.",Acronym PACTS confirmed in declaration text. Media report it replaces the 2020 Australia-India Framework Arrangement on Cyber and Cyber-Enabled Critical Technology Cooperation - supersession to be confirmed against instrument text.,FACT,High,,,Australia-India Joint Declaration on Defence and Security Cooperation (2026),Prime Minister of Australia,2026-07-09,https://www.pm.gov.au/media/australia-india-joint-declaration-defence-security-cooperation,1
VEH-INDIA-15,India,india,Australia-India 2+2 Foreign and Defence Ministerial Dialogue,Dialogue,2020-06,In force,General,Ministerial,Premier ministerial-level foreign/defence dialogue. 1st 2021; 2nd New Delhi 20 Nov 2023; 3rd planned for Australia in 2025 but not evidenced as held by Jul 2026.,"Upgraded from Secretaries to Ministerial level June 2020; officials-level 2+2 Foreign and Defence Secretaries' Dialogue continues (a third Secretaries' round is listed by DFAT - date not confirmed this session); inter-sessional 2+2 consultations held Oct 2024. Complemented by the Foreign Ministers' Framework Dialogue (FMFD), named in the 2026 Joint Declaration.",FACT,High,,,"Joint Statement: Second Australia-India 2+2 Ministerial Dialogue, New Delhi",Minister for Foreign Affairs (Australia),2023-11-20,https://www.foreignminister.gov.au/minister/penny-wong/media-release/joint-statement-second-australia-india-22-ministerial-dialogue-new-delhi,1
VEH-INDIA-16,India,india,India-Australia Defence Ministers' Dialogue (annual),Dialogue,2025-10,In force,General,Ministerial,"Dedicated annual defence ministers' channel driving exercises, interoperability, industry and maritime workstreams; inaugural 9 Oct 2025, second held in India 1 Jun 2026.","Jun 2026 round directed Maritime Roadmap finalization, launched Defence Articles/Services MoU work, set Joint Staff Talks inaugural session for 2026, announced Indian instructor at Australian Defence College 2028-29.",FACT,High,,,Joint Statement on the Second India-Australia Defence Ministers' Dialogue,Defence Ministers (Australia),2026-06-01,https://www.minister.defence.gov.au/statements/2026-06-01/joint-statement-second-india-australia-defence-ministers-dialogue,1
VEH-INDIA-17,India,india,India-Australia Defence Policy Talks,Dialogue,,In force,General,Senior official,"Senior-officials policy dialogue (Joint Secretary / First Assistant Secretary level); 9th round New Delhi, March 2025, covering MDA, reciprocal information sharing, industry and S&T cooperation.",Long-standing annual mechanism predating 2015.,FACT,High,,,"9th Defence Policy Talks: India, Australia commit to enhancing interoperability across domains",DD News / PIB (India),2025-03-18,https://ddnews.gov.in/en/9th-defence-policy-talks-india-australia-commit-to-enhancing-interoperability-across-domains/,1
VEH-INDIA-18,India,india,"Joint Working Group on Defence Industry, Research and Materiel Cooperation",WorkingGroup,2015-09,In force,General,Working,"Standing JWG for defence research, materiel and (now) industry cooperation; referenced at Jun 2026 DMD as forum for further exchanges. First Australian defence trade mission to India Oct 2025; Defence Industry Roundtable Sydney 10 Oct 2025.",Established Sept 2015 as JWG on Defence Research and Materiel Cooperation; current title per Jun 2026 joint statement.,FACT,Medium,,,Australia-India relationship / Joint Statement Second DMD,Australian High Commission New Delhi; Defence Ministers (Australia),,https://india.embassy.gov.au/ndli/relations.html,1
VEH-INDIA-19,India,india,"Service Staff Talks (Navy, Army, Air) and Joint Staff Talks",Dialogue,,In force,General,Military,"Regular service-to-service staff talks in all three domains (AAR arrangement signed at Air Staff Talks Nov 2024); new Joint Staff Talks established Oct 2025 to progress joint exercises, operations and all-domain interoperability, inaugural session planned 2026.",Personnel measures ride alongside: officer exchange programs and the General Rawat India-Australia Young Defence Officer Exchange Program (inaugurated 2023).,FACT,High,,,Joint Statement on the 2025 Australia-India Defence Ministers' Dialogue,Defence Ministers (Australia),2025-10-09,https://www.minister.defence.gov.au/statements/2025-10-09/joint-statement-2025-australia-india-defence-ministers-dialogue,1
VEH-INDIA-20,India,india,Joint Guidance for the Australia-India Navy to Navy Relationship,Statement/Declaration,2021-08,In force,General,Military,"Chiefs-of-navy signed guidance aligning naval cooperation to the CSP: regular talks, professional exchanges, joint training, SAR and HADR collaboration, interoperability development.",Signed 18 Aug 2021 by CNS Karambir Singh and VADM Michael Noonan; first such document India signed with any country.,FACT,High,,,Australia and India reaffirm their commitment to enhancing naval ties,Department of Defence (Australia),2021-08-19,https://www.defence.gov.au/news-events/releases/2021-08-19/australia-and-india-reaffirm-their-commitment-enhancing-naval-ties,1
VEH-INDIA-21,India,india,Exercise AUSINDEX,Exercise,2015,In force,General,Military,"Biennial bilateral naval exercise (since 2015); 2025 edition held Nov 2025 (INS Sahyadri with HMAS Ballarat), ASW and interoperability focus.",First held off Visakhapatnam 2015.,FACT,High,,,INS Sahyadri participates in bilateral exercise AUSINDEX 2025 alongside HMAS Ballarat,ANI / The Tribune (India),2025-11-23,https://aninews.in/news/world/others/ins-sahyadri-participates-in-bilateral-exercise-ausindex-2025-alongside-hmas-ballarat-of-royal-australian-navy-in-northern-pacific20251123162149/,1
VEH-INDIA-22,India,india,Exercise MALABAR (quadrilateral participation),Exercise,2020,In force,General,Military,"High-end quadrilateral naval exercise (India, US, Japan, Australia); Australia rejoined 2020, hosted Aug 2023 (Sydney); 29th iteration held around Guam 10-18 Nov 2025.",Signed field reflects Australia's (re)inclusion from 2020.,FACT,High,,,Australia India Defence Relationship / Exercise Malabar 2025 reporting,Australian High Commission New Delhi; news reporting,2025-11,https://india.highcommission.gov.au/ndli/defencerelationship27012021.html,1
VEH-INDIA-23,India,india,Exercise PITCH BLACK (Indian participation),Exercise,2018,In force,General,Military,"RAAF-hosted multinational air combat exercise; IAF has participated since 2018; 2026 edition (~20 nations, 100+ aircraft) to operationalize the bilateral air-to-air refuelling arrangement.",AAR (KC-30A to IAF/P-8I) planned for demonstration at Pitch Black 2026.,FACT,High,,,Australia India Defence Relationship / Joint Statement Second DMD,Australian High Commission New Delhi; Defence Ministers (Australia),2026-06-01,https://india.highcommission.gov.au/ndli/defencerelationship27012021.html,1
VEH-INDIA-24,India,india,Exercise AUSTRAHIND,Exercise,2022,In force,General,Military,"Annual bilateral army exercise; 4th edition concluded Perth (Irwin Barracks) Oct 2025, company-level joint operations; per Jun 2026 DMD evolving toward amphibious/littoral focus.",First edition 2022 (inferred from 4th edition in 2025) - confirm start year in records.,FACT,Medium,,,AUSTRAHIND 2025,Drishti IAS (summarizing official releases),2025-10,https://www.drishtiias.com/daily-updates/daily-news-analysis/austrahind-2025,1
VEH-INDIA-25,India,india,Exercise TALISMAN SABRE (Indian participation),Exercise,2025,In force,General,Military,India participated in Australia-US led Talisman Sabre 2025; expanded Indian participation agreed for 2027.,,FACT,High,,,Joint Statement on the 2025 Australia-India Defence Ministers' Dialogue,Defence Ministers (Australia),2025-10-09,https://www.minister.defence.gov.au/statements/2025-10-09/joint-statement-2025-australia-india-defence-ministers-dialogue,1
VEH-INDIA-26,India,india,Reciprocal multilateral naval exercise participation (MILAN / KAKADU),Exercise,,In force,General,Military,Australia participates in Indian Navy's MILAN (since 2003; Feb 2026 edition); India participates in RAN's KAKADU (2026 edition).,Jun 2026 DMD also flagged India's inaugural participation in Operation Render Safe 2026 and Australia's invitation to submarine-rescue Exercise Black Carillon; a SAR tabletop exercise was held at Chennai MRCC Jun 2026.,FACT,Medium,,,Joint Statement on the Second India-Australia Defence Ministers' Dialogue (mirror),Defence Ministers (Australia) via The National Tribune mirror,2026-06-01,https://www.nationaltribune.com.au/joint-statement-on-the-second-india-australia-defence-ministers-dialogue/,1
VEH-INDIA-27,India,india,Quad (Australia-India-Japan-US),Forum,,In force,Enabling,Mixed,"Minilateral grouping; active workstreams relevant to defence/space: Indo-Pacific Partnership for Maritime Domain Awareness (IPMDA, satellite-data-based, IFC-IOR Gurugram operationalized as hub), Indo-Pacific Maritime Surveillance Collaboration (initial Indian Ocean implementation), Quad Indo-Pacific Logistics Network.",FMM held New Delhi 26 May 2026; leaders' summit cadence uncertain - India reportedly passing hosting to Australia; no summit date confirmed as of Jul 2026.,FACT,High,,,Joint Statement from the Quad Foreign Ministers' Meeting in New Delhi,US Department of State / DFAT,2026-05-26,https://www.state.gov/releases/office-of-the-spokesperson/2026/05/joint-statement-from-the-quad-foreign-ministers-meeting-in-new-delhi,1
VEH-INDIA-28,India,india,"India-Australia Inter-Governmental MoU for Cooperation in Civil Space Science, Technology and Education (2012), amended 2021",MoU,2012,In force,Direct,Senior official,Umbrella civil space cooperation MoU; Feb 2021 amendment made Department of Space (India) and Australian Space Agency the executive organisations and enabled implementing arrangements for specific activities.,Amendment signed 17 Feb 2021 by ISRO Chairman/Secretary DoS Dr K. Sivan and ASA Head Enrico Palermo.,FACT,High,,,Australia MoU for space cooperation,ISRO (India),2021-02-17,https://www.isro.gov.in/Australia%20MoU.html,1
VEH-INDIA-29,India,india,ISRO-ASA Implementing Arrangement on Gaganyaan crew and crew module recovery,Arrangement,2024-11,In force,Direct,Working,"Cooperation on crew and crew module search/recovery contingencies for Gaganyaan missions, including ascent-phase aborts near Australian waters.","Signed 20 Nov 2024 (Director HSFC, Bengaluru / GM Space Capability, ASA Canberra). Jul 2026: parties exploring SAR support for controlled landings off Western Australia.",FACT,High,,,ISRO & ASA sign Implementing Arrangement for Gaganyaan,ISRO (India),2024-11-20,https://www.isro.gov.in/ISRO_ASA_sign_Gaganyaan.html,1
VEH-INDIA-30,India,india,Cocos (Keeling) Islands temporary TT&C tracking terminal for Gaganyaan,Arrangement,2026,In force,Direct,Working,"Temporary telemetry/tracking terminals on Cocos (Keeling) Islands, established by ASA with other agencies and Nova Systems, to track all four planned Gaganyaan missions; commissioning announced at Modi-Albanese meeting 9 Jul 2026.","Exact governing instrument (implementing arrangement under 2012/2021 MoU vs separate arrangement), duration and any Defence involvement not confirmed in open sources this session.",FACT,High,,,Australian tracking terminal commissioned for historic Indian human spaceflight program,Australian Space Agency,2026-07,https://www.space.gov.au/news-and-media/australian-tracking-terminal-commissioned-for-historic-indian-human-spaceflight-program,1
VEH-INDIA-31,India,india,Space MAITRI mission launch agreement (Space Machines Company - NewSpace India Limited),Agreement,2024,In force,Direct,Working,First dedicated Australia-India launch agreement: NSIL SSLV to launch SMC's 450 kg Optimus orbital servicing vehicle (debris management/space sustainability) in 2026; backed by A$8.5m Australian Government funding.,Commercial-level agreement under government funding (International Space Investment India projects); launch status as of Jul 2026 to be confirmed.,FACT,High,,,Historic signing to see India launch largest Australian-made spacecraft,Australian Space Agency,2024,https://www.space.gov.au/news-and-media/historic-signing-to-see-india-launch-largest-australian-made-spacecraft,1
VEH-INDIA-32,India,india,1.5 Track Defence Strategic Dialogue,Dialogue,,TO_VERIFY,General,Mixed,Annual semi-official (officials + think tank) defence strategic dialogue listed on official Australian High Commission material.,Source page content appears dated (mid-2010s); whether this dialogue continues in 2026 unconfirmed.,TO_VERIFY,Low,,,Australia-India relationship (High Commission relations page),Australian High Commission New Delhi,,https://india.embassy.gov.au/ndli/relations.html,1
VEH-GERMANY-01,Germany (Federal Republic of Germany),germany,Australia-Germany 2+2 Ministerial Consultations (Security Policy Consultations of the Foreign and Defence Ministries),Dialogue,2016-09,In force,Enabling,Ministerial,"Premier bilateral security-policy forum of both Foreign and Defence Ministers; inaugural Berlin 6 Sep 2016, second 10 Jun 2021, third Berlin 8 Jun 2026 (announced SOFA negotiations, deeper exercising, movement of personnel/equipment, cyber/hybrid cooperation, continued exploration of space cooperation).","A format Australia otherwise reserves for core partners (US, UK, Japan) per The Diplomat. Cadence irregular (2016/2021/2026), not strictly annual.",FACT,High,CONFIRMED,,Joint media statement - Australia-Germany 2+2 Ministerial Consultations (8 June 2026); Joint Statement: inaugural German-Australian 2+2 Ministerial Meeting (6 Sep 2016),Australian Minister for Foreign Affairs / Defence Ministers (foreignminister.gov.au; minister.defence.gov.au),2026-06-08,https://www.foreignminister.gov.au/minister/penny-wong/media-release/joint-media-statement-australia-germany-22-ministerial-consultations,1
VEH-GERMANY-02,Germany (Federal Republic of Germany),germany,Berlin-Canberra Declaration of Intent on a Strategic Partnership,Statement/Declaration,2013-01,Lapsed/superseded,General,Ministerial,"Founding strategic-partnership declaration (FMs Westerwelle/Carr, 28 Jan 2013) covering foreign policy, security policy, industry/trade, science; committed to regular consultations and visits at political, civilian and military levels, including defence cooperation.","Renewed and elevated by the 2021 Enhanced Strategic Partnership - record as superseded as the operative framework, though never formally terminated.",FACT,High,CONFIRMED,,Berlin-Canberra Declaration of Intent on a Strategic Partnership,Australian Department of Foreign Affairs and Trade (DFAT),2013-01-28,https://dfat.gov.au/geo/germany/Pages/berlin-canberra-declaration-of-intent-on-a-strategic-partnership.aspx,1
VEH-GERMANY-03,Germany (Federal Republic of Germany),germany,Enhanced Strategic Partnership between Australia and the Federal Republic of Germany,Statement/Declaration,2021-06,In force,General,Ministerial,"Elevated partnership framework signed in duplicate Canberra/Berlin 10 Jun 2021 by FMs Payne and Maas; underpinned by two-year action plans; commits to 2+2 ministerial exchanges, annual senior-officials strategic dialogues (Indo-Pacific, National Security, Defence, bilateral), cyber/foreign-interference cooperation, and finalising a new classified-information agreement.",The multi-layered security-partnership umbrella all subsequent defence and space vehicles reference. Current action-plan cycle text not accessed this session.,FACT,High,CONFIRMED,,Enhanced Strategic Partnership between Australia and the Federal Republic of Germany,Australian Department of Foreign Affairs and Trade (DFAT),2021-06-10,https://www.dfat.gov.au/about-us/publications/international-relations/enhanced-strategic-partnership-between-australia-and-federal-republic-germany,1
VEH-GERMANY-04,Germany (Federal Republic of Germany),germany,"Australia-Germany annual senior officials' strategic dialogues (Indo-Pacific, National Security, Defence, bilateral) under the ESP",Dialogue,2021-06,In force,Enabling,Senior official,"ESP provides for annual strategic dialogues between senior officials covering the Indo-Pacific, National Security, Defence and the bilateral relationship - the officials-level tier beneath the 2+2.",Provision confirmed in ESP text (DFAT); actual meeting records/cadence since 2021 not verified this session - Defence records check needed for the defence-policy-talks strand.,FACT,Medium,CONFIRMED,,Enhanced Strategic Partnership between Australia and the Federal Republic of Germany,Australian Department of Foreign Affairs and Trade (DFAT),2021-06-10,https://www.dfat.gov.au/about-us/publications/international-relations/enhanced-strategic-partnership-between-australia-and-federal-republic-germany,1
VEH-GERMANY-05,Germany (Federal Republic of Germany),germany,Australia-Germany Status of Forces Agreement (SOFA),Treaty,,Under negotiation,Enabling,Ministerial,"Would formalise legal status, access and ease of operation for each other's forces (per Marles: make it 'much easier for our defense forces to operate from each other's countries'); linked to commitments to facilitate movement of defence personnel and equipment through respective territories.",Sequence: discussions initiated at 26 Mar 2026 Defence Ministers' Meeting; agreement to pursue in Apr 2026; formal commencement of negotiations announced at 8 Jun 2026 2+2 with shared commitment to in-principle agreement of text by end-2026. Key enabler for German deployments/exercises and any German sensor presence in Australia.,FACT,High,CONFIRMED,,Joint media statement - Australia-Germany 2+2 Ministerial Consultations (8 June 2026),Australian Minister for Foreign Affairs / Defence Ministers,2026-06-08,https://www.minister.defence.gov.au/statements/2026-06-08/australia-germany-22-ministerial-consultations,1
VEH-GERMANY-06,Germany (Federal Republic of Germany),germany,Exchange of Notes constituting an Agreement between Australia and the Federal Republic of Germany for the Reciprocal Safeguarding of Classified Material [1979] ATS 20,Treaty,1979-11,In force,Enabling,Senior official,Mutual protection of exchanged classified material at equivalent national classification levels; no third-state release or purpose-change without originator consent; security-cleared visit access regime. The operative bilateral information-security instrument.,Note Verbale 27 Nov 1979; text on AustLII (ATS 20 of 1979). ESP 2021 committed to 'finalise and implement a new Agreement on the Exchange and Reciprocal Protection of Classified Information' - confirm 1979 EoN remains operative pending replacement.,FACT,High,CONFIRMED,,Exchange of Notes ... for the Reciprocal Safeguarding of Classified Material [1979] ATS 20,AustLII / Australian Treaty Series,1979-11-27,http://www.austlii.edu.au/au/other/dfat/treaties/1979/20.html,1
VEH-GERMANY-07,Germany (Federal Republic of Germany),germany,Australia-Germany Agreement on the Exchange and Reciprocal Protection of Classified Information (new-generation SIA),Agreement,,Under negotiation,Enabling,Senior official,"Modern security-of-information agreement foreshadowed in the ESP 2021 ('agree to finalise and implement a new Agreement on the Exchange and Reciprocal Protection of Classified Information'), to replace/upgrade the 1979 EoN; prerequisite-grade instrument for classified space data sharing.",No open-source confirmation found this session that it has been signed or entered into force by Jul 2026; AGSVA SIA fact sheet (Apr 2024) could not be opened. Best lead: ESP text and AGSVA SIA list.,TO_VERIFY,Medium,,,Enhanced Strategic Partnership between Australia and the Federal Republic of Germany (commitment clause); AGSVA SIA fact sheet,DFAT / Australian Government Security Vetting Agency,2021-06-10,https://www.agsva.gov.au/sites/default/files/2024-04/DISPAGSVASIAfactsheet.pdf,1
VEH-GERMANY-08,Germany (Federal Republic of Germany),germany,"Joint Statement, Australia-Germany Defence Ministers' Meeting (Canberra, 26 March 2026)",Statement/Declaration,2026-03,In force,General,Ministerial,"Agenda-setting joint statement from Pistorius's first official visit to Australia: initiate SOFA discussions, sign space DoI, deepen armaments cooperation (Boxer, guided weapons, possible German acquisition of Australian EOS laser-weapon technology), and expand exercising.","Statement confirmed on minister.defence.gov.au (title/date) and widely reported (AAP, Bloomberg, dpa); full official text could not be fetched this session (site timeouts) - pull for the registry annex.",FACT,Medium,CONFIRMED,,"Joint Statement, Australia-Germany Defence Ministers' Meeting",Australian Defence Ministers (minister.defence.gov.au),2026-03-26,https://www.minister.defence.gov.au/statements/2026-03-26/joint-statement-australia-germany-defence-ministers-meeting,1
VEH-GERMANY-09,Germany (Federal Republic of Germany),germany,Australia-Germany Declaration of Intent on a global space-surveillance sensor network / space early-warning system (2026),Arrangement,2026-03,In force,Direct,Ministerial,"Signed by Defence Ministers Pistorius and Marles, Canberra, 26 Mar 2026 (German: Absichtserklärung). Joint global network of space-surveillance sensors to detect satellite interference/sabotage ('early warning system for space'), stationing of space sensors in Australia, and mutual exchange of space data and information; sits alongside Bundeswehr plans to invest >EUR35bn in space systems.","Existence, signatories, date and scope confirmed by BMVg ('Pistorius in Australien: Abkommen für mehr Sicherheit im Weltraum') and Bloomberg ('Space Security Pact'); exact official English title and releasability need Defence records check. This is the flagship Direct space vehicle in the bilateral set.",FACT,Medium,CONFIRMED,,"Pistorius in Australien: Abkommen für mehr Sicherheit im Weltraum; Germany, Australia Sign Space Security Pact, Target Laser Weapons",German Federal Ministry of Defence (bmvg.de); Bloomberg,2026-03-26,https://www.bmvg.de/de/pistorius-besucht-indo-pazifik-partner/pistorius-in-australien-abkommen-mehr-sicherheit-weltraum-6080042,1
VEH-GERMANY-10,Germany (Federal Republic of Germany),germany,Combined Space Operations (CSpO) Initiative - Australia and Germany co-membership,Forum,2014,In force,Direct,Mixed,"10-nation military space cooperation initiative (Australia, Canada, France, Germany, Italy, Japan, NZ, Norway, UK, US): shared vision (CSpO Vision 2031, Feb 2022), Principals' Board, combined space operations, data sharing and interoperability. Australia founding member (2014); Germany observer 2016, associate 2017, full member from ~2019/2020.","Both countries' senior representatives attended the Principals' Board, Colorado Springs, 17 Apr 2026 (Australian Defence release 14 May 2026). Multilateral, not bilateral, but the primary standing military-space channel connecting the two.",FACT,High,,,Combined Space Operations (CSpO) Initiative Principals' Board Meets to Advance Combined Operations Efforts; Combined Space Operations initiative welcomes France and Germany,Australian Department of Defence (defence.gov.au); US Space Command,2026-05-14,https://www.defence.gov.au/news-events/releases/2026-05-14/combined-space-operations-cspo-initiative-principals-board-meets-advance-combined-operations-efforts,1
VEH-GERMANY-11,Germany (Federal Republic of Germany),germany,Statement of Intent between the Australian Space Agency and the German Aerospace Center (DLR),MoU,2019-10,TO_VERIFY,Direct,Senior official,Civil space cooperation statement signed 22 Oct 2019 (ASA Head Dr Megan Clark and DLR) to consider cooperative projects including biomedical research under space conditions and quantum technologies; non-binding.,Existence and date confirmed via space.gov.au publication listing; whether still current/renewed in 2026 unverified (ASA page fetch timed out). ASA pages variously describe it as statement/letter of intent - confirm exact instrument title.,FACT,Medium,,,Statement of intent between the Australian Space Agency and German Aerospace Center,Australian Space Agency (space.gov.au),2019-10-22,https://www.space.gov.au/about-agency/publications/statement-intent-between-australian-space-agency-and-german-aerospace-center,1
VEH-GERMANY-12,Germany (Federal Republic of Germany),germany,Exercise Pitch Black - German participation,Exercise,2022-08,In force,General,Military,"RAAF-hosted multinational air combat exercise (NT). First-ever Luftwaffe combat aircraft deployment to Australia for Pitch Black 2022 (6 Eurofighters, 3 A330 MRTT, A400M, 200+ personnel, via Rapid Pacific 2022); participated again in Pitch Black 2024 (Pacific Skies 24 with France/Spain); Eurofighter squadron committed for the next Pitch Black per June 2026 2+2.",Now a recurring German commitment (biennial exercise).,FACT,High,,,German Eurofighters' Australian debut; Joint media statement - Australia-Germany 2+2 Ministerial Consultations (2026),Australian Department of Defence (defence.gov.au); foreignminister.gov.au,2022-08-15,https://www.defence.gov.au/news-events/news/2022-08-15/german-eurofighters-australian-debut,1
VEH-GERMANY-13,Germany (Federal Republic of Germany),germany,Exercise Talisman Sabre - German participation,Exercise,2023-07,In force,General,Military,"Australia's largest bilateral (AU-US-led) multinational exercise. Germany a partner nation in TS23 (first participation) and TS25 (~200 Bundeswehr personnel incl. ~150 infantry from Parachute Regiment 26 plus medical, MP, logistics and air force elements).","TS25 involved ~43,000 personnel from 19 nations; German participation confirmed by Australian Defence releases and Bundeswehr-affiliated reporting.",FACT,High,,,Largest ever Exercise Talisman Sabre to be held in Australia (16 Apr 2023); Bundeswehr successfully completes Talisman Sabre exercise (2025),Australian Defence Ministers; Militär Aktuell/Bundeswehr reporting,2025-08,https://www.minister.defence.gov.au/media-releases/2023-04-16/largest-ever-exercise-talisman-sabre-be-held-australia,1
VEH-GERMANY-14,Germany (Federal Republic of Germany),germany,Exercise Kakadu - German participation,Exercise,2022-09,In force,General,Military,RAN-hosted multinational exercise (Darwin). Luftwaffe elements remained after Pitch Black 2022 to participate in Kakadu 2022; the June 2026 2+2 record confirms 'Germany has participated in Exercise Kakadu'.,"Exact German contribution by iteration (2022, 2024) needs confirmation from exercise records.",FACT,Medium,,,Germany deploys Eurofighters to Exercise Pitch Black (Kakadu follow-on noted); Joint media statement - Australia-Germany 2+2 (2026),Australian Defence Magazine; foreignminister.gov.au,2026-06-08,https://www.australiandefence.com.au/defence/air/germany-deploys-eurofighters-to-exercise-pitch-black,1
VEH-GERMANY-15,Germany (Federal Republic of Germany),germany,German Indo-Pacific deployments engaging the ADF (Bayern IPD 2021-22; Rapid Pacific 2022; IPD/Pacific Skies 2024),Other,2021,In force,General,Military,Recurring (approx. biennial) German naval/air presence deployments to the Indo-Pacific with Australian engagement: frigate Bayern Aug 2021-Feb 2022 incl. Fremantle port visit (28 Sep 2021) and exercises with the RAN; Rapid Pacific 2022 air deployment; 2024 deployment of frigate Baden-Württemberg and combat support ship Frankfurt am Main plus Pacific Skies 24 air deployment.,"German Navy chief flagged deployments to the region as first of biennial series (Dec 2021, USNI). Deployment pattern, not a standing instrument - future iterations subject to German planning.",FACT,High,,,Indo-Pacific Deployment 2021 (Bundeswehr); German Navy Chief: Frigate Deployment to Indo-Pacific First of Biennial Deployments,Bundeswehr (bundeswehr.de); USNI News,2021-12-21,https://www.bundeswehr.de/en/organization/navy/news/indo-pacific-deployment-2021,1
VEH-GERMANY-16,Germany (Federal Republic of Germany),germany,Boxer Heavy Weapon Carrier export - bilateral government agreement and production contract,Agreement,2024-03,In force,General,Ministerial,"In-principle G2G export deal announced 2023; bilateral agreement signed by the Australian and German governments in March 2024; production contract signed 10 Apr 2024 for 123 Boxer HWC vehicles (100+ exported to the German Army), >A$1bn, built at Rheinmetall's MILVEHCOE, Redbank QLD; first delivery 2026, final 2030. Australia's largest defence export deal.",Anchors the two-way armaments relationship (Boxer CRV under LAND 400 Ph2 is the inbound leg); Pistorius cited it in March 2026 as model for supplier diversification.,FACT,High,,,Landmark production contract signed for Boxer Heavy Weapon Carrier vehicle export to Germany; Australian-made armoured vehicles to be exported to Germany,Australian Department of Defence / Defence Ministers,2024-04-10,https://www.defence.gov.au/news-events/releases/2024-04-10/landmark-production-contract-signed-boxer-heavy-weapon-carrier-vehicle-export-germany,1
VEH-GERMANY-17,Germany (Federal Republic of Germany),germany,Letter of Intent between Australian Department of Defence and TDW on guided weapons components,Arrangement,2026-03,In force,General,Senior official,"LoI signed 27 Mar 2026 (observed by the Australian Minister for Defence Industry and German Minister of Defence) establishing shared ambition to strengthen guided-weapons/warhead manufacturing in Australia under the GWEO enterprise, incorporating German (TDW) warhead technology.","Government-to-company LoI rather than G2G, but ministerially sponsored; confirmed by Defence Ministers media release title and reporting. Full text not accessed (site timeouts).",FACT,Medium,,,Australia and Germany to closely cooperate on guided weapons components,Australian Defence Ministers (minister.defence.gov.au),2026-03-27,https://www.minister.defence.gov.au/media-releases/2026-03-27/australia-germany-closely-cooperate-guided-weapons-components,1
VEH-GERMANY-18,Germany (Federal Republic of Germany),germany,Australia-Germany Advisory Group,Forum,,Lapsed/superseded,General,Mixed,Joint eminent-persons/officials group established under the 2013 strategic partnership to broaden the bilateral agenda (incl. security pillar); met 2015 (Federal Foreign Office record) and reported recommendations that fed the relationship's upgrade.,Existence evidenced by Federal Foreign Office page 'Meeting of the Australia-Germany Advisory Group' (2015); completed its mandate (report c. Nov 2015) and is not a standing body - verify formal wind-up in records.,TO_VERIFY,Medium,,,Meeting of the Australia-Germany Advisory Group,German Federal Foreign Office (auswaertiges-amt.de),2015-06,https://www.auswaertiges-amt.de/en/aussenpolitik/laenderinformationen/australien-node/150610-advisory-group/272418,1
VEH-GERMANY-19,Germany (Federal Republic of Germany),germany,Historic Australia-FRG space launch and recovery agreements at Woomera (Skylark 1975 ATS 6/1975; two scientific payloads 1979 ATS 3/1979; sounding rockets 1987 ATS 12/1987; EXPRESS capsule recovery 1995 ATS 10/1995),Treaty,1975,Lapsed/superseded,Direct,Senior official,"Series of Exchanges of Notes/agreements enabling German scientific launches from, and space-capsule recovery in, Australia - the historical precedent for German space activity on/from Australian territory.",ATS citations sourced from Wikipedia's Australia-Germany bilateral treaties list (which cites the Australian Treaty Series); AustLII page returned 403 this session. Purpose-spent instruments - verify formal status in the Australian Treaties Database.,TO_VERIFY,Medium,,,Australia-Germany bilateral treaties (treaty list with ATS citations),Wikipedia (citing Australian Treaty Series),2026,https://en.wikipedia.org/wiki/Australia%E2%80%93Germany_bilateral_treaties,1
VEH-GERMANY-20,Germany (Federal Republic of Germany),germany,Agreement between Australia and the Federal Republic of Germany on Scientific and Technological Cooperation [1976] ATS 28,Treaty,1976,TO_VERIFY,Enabling,Ministerial,"General S&T cooperation umbrella (1976) under which bilateral scientific projects, historically including space science activity, have been conducted.",Listed in Wikipedia's ATS-cited treaty list; continued force in 2026 not verified - check Australian Treaties Database.,TO_VERIFY,Medium,,,Australia-Germany bilateral treaties (treaty list with ATS citations),Wikipedia (citing Australian Treaty Series),2026,https://en.wikipedia.org/wiki/Australia%E2%80%93Germany_bilateral_treaties,1
VEH-UAE-01,United Arab Emirates,uae,Treaty between Australia and the State of the United Arab Emirates on Defence Cooperation,Treaty,2008,In force,Enabling,Ministerial,Legal framework for the bilateral defence relationship; understood to underpin ADF presence/HQ establishment in the UAE and the joint defence committee process.,"Existence and title corroborated by JSCOT inquiry chapter 'Treaty between Australia and the State of the United Arab Emirates on Defence Cooperation' (aph.gov.au, treaties tabled June 2008; page returned 403 this session). ASPI (2026) describes the 2008 treaty as providing the current legal framework. Exact signature date/place and entry-into-force date not confirmed this session - Australian Treaties Database check required.",FACT,High,CORRECTED,"Signed at Abu Dhabi on 23 April 2007 (not 2008); official text title is ""Agreement between the Government of Australia and the Government of the United Arab Emirates concerning Defence Cooperation"" [2007] ATNIF 10. 2008 is the year of JSCT review/ratification steps, not signature.",From crisis partners to strategic partners: deepening Australia-UAE defence ties,ASPI The Strategist,2026 (accessed 2026-07-18),https://www.aspistrategist.org.au/from-crisis-partners-to-strategic-partners-deepening-australia-uae-defence-ties/,1
VEH-UAE-02,United Arab Emirates,uae,Australia-UAE Joint Defence Cooperation Committee (UAE styling: Joint Committee for Military Cooperation),WorkingGroup,,In force,General,Mixed,Principal recurring bilateral defence governance forum; had met 11 times by 2022; 11th meeting held in Canberra 23-27 May 2022 (UAE delegation led by Maj Gen Pilot Mubarak Ali Al Neyadi).,Naming varies across sources (Joint Defence Cooperation Committee vs Committee for Military Cooperation) - likely the same body established under/alongside the 2008 treaty. No open-source record of a meeting after May 2022 found this session; post-2022 meeting tempo needs verification.,FACT,Medium,CONFIRMED,,UAE-Australia Committee for Military Cooperation Holds its 11th Meeting in Canberra,"Al Defaiya (corroborated by ASPI The Strategist, 2026)",2022-06-01,https://defaiya.com/news/Defense%20News/Asia/2022/06/01/uae-australia-committee-for-military-cooperation-holds-its-11th-meeting-in-canberra,1
VEH-UAE-03,United Arab Emirates,uae,Al Minhad Air Base access / Camp Baird (ADF host-nation basing arrangement),Arrangement,2008,In force,Enabling,Military,"Host-nation access to Al Minhad AB near Dubai (ADF precinct 'Camp Baird'): HQ Joint Task Force 633 / HQ Middle East and reception-staging hub for the Middle East Area of Operations; supported Operations Slipper (2001-14), Accordion (2014- ), Manitou, Okra and Highroad.","RAAF use since 2003 (AP-3C Orions); a 2008 agreement reportedly permitted establishment of the regional HQ (Wikipedia/Al Minhad; Nautilus Institute notes the host-nation instruments are publicly unacknowledged). ~70-80 Australians on base as of 2025 under Op Accordion. Base struck by Iranian missiles March 2026 (Lowy Interpreter; ASPI) - access continued. Precise legal instrument(s), status-of-forces protections and currency require a Defence records check.",FACT,High,CONFIRMED,,Home from home for ADF in Middle East,Australian Department of Defence,2025-05-09,https://www.defence.gov.au/news-events/news/2025-05-09/home-from-home-adf-middle-east,1
VEH-UAE-04,United Arab Emirates,uae,Defensive military assistance to Gulf partners (March 2026): E-7A Wedgetail deployment and AIM-120 transfers to UAE,Other,2026-03,In force,General,Military,"Post-strike assistance package: E-7A Wedgetail airborne surveillance deployment with ~85 personnel to the Middle East, plus AIM-120 AMRAAM transfers to replenish UAE stocks.",A deployment/assistance decision rather than a standing instrument - included for completeness as the main current operational cooperation activity. Defence media release itself timed out this session; details taken from ASPI (2026) and The Conversation. Operation name and current disposition (mid-2026) unverified.,FACT,Medium,CONFIRMED,,"From crisis partners to strategic partners: deepening Australia-UAE defence ties (corroborating Defence media release 'Australia to provide defensive military assistance to Gulf', 10 Mar 2026)",ASPI The Strategist / Australian Defence Ministers,2026-03-10,https://www.minister.defence.gov.au/media-releases/2026-03-10/australia-provide-defensive-military-assistance-gulf,1
VEH-UAE-05,United Arab Emirates,uae,Australia-UAE Comprehensive Economic Partnership Agreement (CEPA),Agreement,2024-11,In force,General,Ministerial,"Australia's first FTA in the Middle East; liberalises ~99% of goods tariff lines; signed 6 Nov 2024, entered into force 1 Oct 2025, together with a separate Agreement on the Promotion and Protection of Investments (also EIF 1 Oct 2025).","Checklist item 'CEPA 2024' verified: signed 2024, in force since 1 Oct 2025 (DFAT lists it under agreements in force). Economic, not defence, but the flagship treaty-level instrument of the elevated relationship.",FACT,High,CONFIRMED,,Australia-UAE Comprehensive Economic Partnership Agreement (CEPA),DFAT (corroborated by Minister for Trade and Tourism media release),2025,https://www.dfat.gov.au/trade/agreements/in-force/australia-uae-comprehensive-economic-partnership-agreement-cepa,1
VEH-UAE-06,United Arab Emirates,uae,Joint Declaration of the Elevation of Ties to a Strategic Partnership between the UAE and Australia,Statement/Declaration,2025-09,In force,General,Head of government,"Leaders-level declaration (29 Sep 2025, Abu Dhabi) elevating the bilateral relationship to a Strategic Partnership; recommits to 'longstanding, institutionalised defence and security cooperation', UAE facilitation of regional defence engagement, and global defence mobility support.",No new defence mechanisms named in the declaration itself - it rides on existing channels. Styling discrepancy: pm.gov.au says 'Strategic Partnership'; ASPI (2026) refers to a 'Comprehensive Strategic Partnership'. Declared in the 50th anniversary year of diplomatic relations.,FACT,High,CONFIRMED,,Joint declaration of the elevation of ties to a strategic partnership between the United Arab Emirates and Australia,Prime Minister of Australia (pm.gov.au),2025-09-29,https://www.pm.gov.au/media/joint-declaration-elevation-ties-strategic-partnership-united-arab-emirates,1
VEH-UAE-07,United Arab Emirates,uae,Memorandum of Understanding between the Australian Space Agency and the United Arab Emirates Space Agency,MoU,2019-02,TO_VERIFY,Direct,Senior official,"Civil space cooperation framework signed 14 Feb 2019 at Lot Fourteen, Adelaide (ASA's fourth international MoU): framework for collaborative activities in civil space, interchange of information/technology/personnel, space science, technology and applications, and nominated points of contact.","Answers the checklist's '2019 space MoU question': the ASA-UAESA MoU exists and is dated 14 Feb 2019 (also PDF at industry.gov.au). Status marked TO_VERIFY because typical agency MoU duration/renewal beyond 2024 could not be confirmed - space.gov.au and industry.gov.au pages timed out this session; the publication remains listed on space.gov.au. Civil instrument (DISR portfolio), not a defence-space vehicle.",FACT,High,CONFIRMED,,Memorandum of Understanding between the Australian Space Agency and United Arab Emirates Space Agency,Australian Space Agency (space.gov.au),2019-02-14,https://www.space.gov.au/about-agency/publications/memorandum-understanding-between-australian-space-agency-and-united-arab-emirates-space-agency,1
VEH-UAE-08,United Arab Emirates,uae,Statement of Intent between the Australian Space Agency and United Arab Emirates Space Agency,Statement/Declaration,,TO_VERIFY,Direct,Working,"A separate 'Statement of Intent' between ASA and UAESA is listed as a publication on industry.gov.au; date, content and relationship to the 14 Feb 2019 MoU (precursor, companion or successor) could not be established this session.",Best lead: industry.gov.au publications page and companion news item 'Australian Space Agency signs with United Arab Emirates'. Needs direct confirmation of date and whether it supplements or supersedes the 2019 MoU.,TO_VERIFY,Low,,,Statement of intent between the Australian Space Agency and United Arab Emirates Space Agency (publication listing),"Department of Industry, Science and Resources (industry.gov.au)",accessed 2026-07-18 (page fetch timed out),https://industry.gov.au/publications/statement-intent-between-australian-space-agency-and-united-arab-emirates-space-agency,1
VEH-UAE-09,United Arab Emirates,uae,Artemis Accords (multilateral - Australia and UAE both signatories),Statement/Declaration,2020-10,In force,Direct,Senior official,"Non-binding multilateral principles for civil space exploration. Australia, the US and the UAE co-hosted the fourth Artemis Accords Principals' Meeting at IAC 2025 in Sydney (29 Sep-3 Oct 2025); UAESA co-chaired alongside NASA and the Australian Space Agency, covering topics including space debris management.","Multilateral, not bilateral, but currently the most active space-policy venue linking the two states. Both were among the original October 2020 signatories (widely documented; the 2020 date itself was not re-verified from a primary source this session).",FACT,High,CONFIRMED,,IAC 2025 / Australia delivers an iconic IAC in Sydney,Australian Space Agency (space.gov.au); Space & Defense (spaceanddefense.io),2025-10,https://www.space.gov.au/iac-2025,1
VEH-UAE-10,United Arab Emirates,uae,Exercise Desert Flag (UAE-hosted multinational air exercise - Australian participation),Exercise,,In force,General,Military,"Recurring UAE Air Force-hosted multinational fighter exercise (Al Dhafra AB). Australia was listed among participating air forces in Desert Flag-10, 21 Apr - 8 May 2025 (with Bahrain, France, Germany, India, Qatar, Saudi Arabia, RoK, Turkiye, UAE, UK, US).","Australian participation sourced from a third-government release; not confirmed via an Australian source this session. Note ASPI (2026) still assesses 'structured joint exercises' as a bilateral gap - Desert Flag is multilateral, not a standing AUS-UAE bilateral serial.",FACT,Medium,,,Indian Air Force participates in multinational Exercise Desert Flag-10 in UAE,"Press Information Bureau, Government of India",2025-04,https://www.pib.gov.in/PressReleasePage.aspx?PRID=2123037,1
VEH-UAE-11,United Arab Emirates,uae,Combined Maritime Forces (multilateral - Australia and UAE both members),Other,,In force,General,Military,47-nation maritime security partnership headquartered in Bahrain; both Australia and the UAE are members; Australia has been a participating/commanding nation in CTF 150 (counter-terrorism/maritime security).,"Multilateral coalition (not an alliance, not bilateral) - the main standing venue where ADF and UAE forces operate together at sea. Current level of Australian naval contribution (post-Operation Manitou) not verified this session.",FACT,High,,,About CMF,Combined Maritime Forces,accessed 2026-07-18,https://combinedmaritimeforces.com/about/,1
VEH-UAE-12,United Arab Emirates,uae,Agreement between Australia and the UAE on Cooperation in the Peaceful Uses of Nuclear Energy,Agreement,2012-07,In force,General,Ministerial,Nuclear cooperation/safeguards framework (basis for Australian uranium supply to the UAE civil nuclear program); signed Abu Dhabi 31 July 2012; Australian Treaty Series [2014] ATS 10 (entered into force 2014).,"Strategic-sector treaty included for completeness, not a defence instrument. 'In force' inferred from ATS 2014 listing; no evidence of termination found, but currency as of 2026 not separately re-verified.",FACT,Medium,,,"Agreement between the Government of Australia and the Government of the United Arab Emirates on Cooperation in the Peaceful Uses of Nuclear Energy (Abu Dhabi, 31 July 2012) [2014] ATS 10",AustLII - Australian Treaty Series,2014,https://www.austlii.edu.au/cgi-bin/viewdoc/au/other/dfat/treaties/ATS/2014/10.html,1
VEH-UAE-13,United Arab Emirates,uae,NO VEHICLE IDENTIFIED: bilateral 2+2 / foreign-and-defence ministerial dialogue,Dialogue,,TO_VERIFY,General,Ministerial,"No AUSMIN-equivalent or other standing Australia-UAE ministerial defence dialogue found in open sources; ministerial engagement occurs through episodic visits (Marles received by UAE President Sheikh Mohamed bin Zayed, Abu Dhabi, 16 May 2026; UAE Minister Reem Al Hashimy to Canberra, May 2026).",Recorded as an honest gap per tasking. ASPI (2026) urges more frequent structured meetings; the JDCC (senior official/military level) is the only standing defence forum identified.,TO_VERIFY,Medium,,,"UAE President, Australian Deputy PM discuss defence cooperation and regional security in Abu Dhabi","Gulf News (absence corroborated by ASPI The Strategist, 2026)",2026-05,https://gulfnews.com/uae/government/uae-president-australian-deputy-pm-discuss-defence-cooperation-and-regional-security-in-abu-dhabi-1.500543088,1
VEH-UAE-14,United Arab Emirates,uae,NO VEHICLE IDENTIFIED: bilateral information-sharing / security-of-information agreement,Agreement,,TO_VERIFY,Enabling,Senior official,ASPI (2026) explicitly identifies the absence of 'formal information-sharing arrangements' between Australia and the UAE; no bilateral security-of-information or intelligence-sharing instrument found in open sources.,Recorded as an honest gap per tasking. A classified GSOMIA-type arrangement could exist without open-source visibility - Defence records check required. This is the key enabling gap for any future space information/SSA data sharing.,TO_VERIFY,Medium,,,From crisis partners to strategic partners: deepening Australia-UAE defence ties,ASPI The Strategist,2026 (accessed 2026-07-18),https://www.aspistrategist.org.au/from-crisis-partners-to-strategic-partners-deepening-australia-uae-defence-ties/,1
VEH-UAE-15,United Arab Emirates,uae,NO VEHICLE IDENTIFIED: standing bilateral exercise program or defence-industry working group,Other,,TO_VERIFY,General,Working,"ASPI (2026) identifies missing elements: structured joint exercises, joint industrial mechanisms and a defence-industry working group; no bilateral AUS-UAE exercise serial or industry WG found in open sources (interaction is via multilateral Desert Flag and CMF).",Recorded as an honest gap per tasking. ASPI urges these be created by end-2026 to prevent post-crisis drift; check for announcements following the May 2026 Marles visit.,TO_VERIFY,Medium,,,From crisis partners to strategic partners: deepening Australia-UAE defence ties,ASPI The Strategist,2026 (accessed 2026-07-18),https://www.aspistrategist.org.au/from-crisis-partners-to-strategic-partners-deepening-australia-uae-defence-ties/,1
VEH-UAE-16,United Arab Emirates,uae,"NO VEHICLE IDENTIFIED: defence-space instrument, SSA arrangement or space security dialogue",Other,,TO_VERIFY,Direct,Working,"No Australia-UAE defence-space MoU, space situational awareness data-sharing arrangement, or bilateral space security dialogue found in open sources; existing space links are civil (ASA-UAESA MoU 2019) and multilateral (Artemis Accords).",Recorded as an honest gap per tasking. UAE is not a Combined Space Operations (CSpO) participant on any source seen this session. Any classified or Defence-level SSA sharing would require a records check.,TO_VERIFY,Medium,,,International partnerships (arrangements listing) / IAC 2025 coverage,Australian Space Agency (space.gov.au),accessed 2026-07-18 (page fetch timed out; listing seen via search index),https://www.space.gov.au/international-partnerships,1
VEH-PACIFIC-01,"Australia–Pacific partners: Papua New Guinea, Fiji, Tuvalu, Solomon Islands, Vanuatu, and Pacific Islands Forum regional architecture",pacific,Papua New Guinea–Australia Mutual Defence Treaty (Pukpuk Treaty),Treaty,2025-10,In force,Enabling,Head of government,"Mutual defence alliance: armed attack on either party recognised as a danger to the peace and security of both, with commitment to act to meet the common danger; reported pathway for up to 10,000 PNG citizens to serve in the ADF; builds on the 2023 Bilateral Security Agreement.","Announced by joint communique 17 Sep 2025; signed Canberra 6 Oct 2025 by PMs Albanese and Marape (pm.gov.au; DFAT treaty page and text at dfat.gov.au/countries/papua-new-guinea/papua-new-guinea-australia-mutual-defence-treaty). PNG Parliament endorsed Mar 2026; entered into force July 2026 on exchange of instruments of ratification, announced in Brisbane. Australia's first new alliance in 70+ years; PNG's first. Defence Ministers' Joint Statement on treaty implementation issued 20 Oct 2025.",FACT,High,CONFIRMED,,Historic PNG-Australia Pukpuk Treaty comes into force,PINA (Pacific Islands News Association),2026-07-09,https://pina.com.fj/2026/07/09/historic-png-australia-pukpuk-treaty-comes-into-force/,1
VEH-PACIFIC-02,"Australia–Pacific partners: Papua New Guinea, Fiji, Tuvalu, Solomon Islands, Vanuatu, and Pacific Islands Forum regional architecture",pacific,Australia–Papua New Guinea Bilateral Security Agreement (Framework for Closer Security Relations),Agreement,2023-12,In force,Enabling,Head of government,"Legally binding framework covering defence, policing, border and maritime security, plus cyber security, climate, critical infrastructure and internal security support; A$200m initial package.","Signed 7 Dec 2023 by PMs Albanese and Marape; entered into force 12 Dec 2024. Remains in force alongside (and cited as foundation of) the Pukpuk Treaty. Delivered policing facilities, patrol vessel, PPI Centre of Excellence police training centre.",FACT,High,CONFIRMED,,Entry into force of the Australia–Papua New Guinea Bilateral Security Agreement,Prime Minister of Australia (pm.gov.au),2024-12-12,https://www.pm.gov.au/media/entry-force-australia-papua-new-guinea-bilateral-security-agreement,1
VEH-PACIFIC-03,"Australia–Pacific partners: Papua New Guinea, Fiji, Tuvalu, Solomon Islands, Vanuatu, and Pacific Islands Forum regional architecture",pacific,Papua New Guinea–Australia Comprehensive Strategic and Economic Partnership (CSEP),Statement/Declaration,2020-08,In force,General,Head of government,"Overarching bilateral framework (signed 5 Aug 2020) across six pillars including Strategic Cooperation for Security and Stability, economic, governance and people-to-people links, with outcomes targeted to 2030.",Signed by PMs Marape and Morrison at virtual summit. Includes Coral Sea Cable and Electrification Partnership commitments.,FACT,High,CONFIRMED,,Papua New Guinea-Australia Comprehensive Strategic and Economic Partnership,DFAT,2020-08-05,https://www.dfat.gov.au/geo/papua-new-guinea/papua-new-guinea-australia-comprehensive-strategic-and-economic-partnership,1
VEH-PACIFIC-04,"Australia–Pacific partners: Papua New Guinea, Fiji, Tuvalu, Solomon Islands, Vanuatu, and Pacific Islands Forum regional architecture",pacific,Joint Initiative at Lombrum Naval Base (PNG),Arrangement,2018-11,In force,Enabling,Mixed,"Australia–PNG (with US participation) redevelopment of Lombrum Naval Base, Manus Island: wharf/jetty, Guardian-class patrol boat facilities, training, accommodation and utilities; ~A$150m+ Australian-funded works from 2020, US added up to US$25m in 2024.",Agreed Morrison–O'Neill 2 Nov 2018; US joining announced by VP Pence 18 Nov 2018 at APEC Port Moresby. Strategic deep-water access point in the Bismarck Sea.,FACT,High,CONFIRMED,,Joint Initiative at Lombrum Naval Base – Papua New Guinea,Australian Department of Defence,,https://www.defence.gov.au/defence-activities/programs-initiatives/pacific-engagement/joint-initiative-lombrum-naval-base-papua-new-guinea,1
VEH-PACIFIC-05,"Australia–Pacific partners: Papua New Guinea, Fiji, Tuvalu, Solomon Islands, Vanuatu, and Pacific Islands Forum regional architecture",pacific,Australia–PNG Ministerial Forum,Dialogue,,TO_VERIFY,General,Ministerial,"Long-standing annual whole-of-government ministerial forum steering the bilateral relationship, including security cooperation under the CSEP/BSA.",Well-established mechanism but most recent session and current format not verified this session; confirm via DFAT records.,TO_VERIFY,Medium,,,Australia-Papua New Guinea engagement (page lists bilateral architecture; fetch timed out this session),DFAT,,https://www.dfat.gov.au/geo/papua-new-guinea/australia-papua-new-guinea-engagement,1
VEH-PACIFIC-06,"Australia–Pacific partners: Papua New Guinea, Fiji, Tuvalu, Solomon Islands, Vanuatu, and Pacific Islands Forum regional architecture",pacific,Australia–PNG Defence Cooperation Program,Arrangement,,TO_VERIFY,Enabling,Working,"Australia's largest bilateral Defence Cooperation Program: training, advisers, infrastructure and capability support to the PNGDF.",Existence not independently confirmed by a page accessed this session; likely being restructured under Pukpuk Treaty implementation — records check needed.,TO_VERIFY,Medium,,,Defence Pacific engagement pages (program referenced across Defence/embassy releases accessed this session),Australian Department of Defence,,https://www.defence.gov.au/defence-activities/programs-initiatives/pacific-engagement,1
VEH-PACIFIC-07,"Australia–Pacific partners: Papua New Guinea, Fiji, Tuvalu, Solomon Islands, Vanuatu, and Pacific Islands Forum regional architecture",pacific,Exercise Puk Puk,Exercise,,In force,General,Military,Annual ADF–PNGDF construction-engineering exercise upgrading PNGDF living/working infrastructure (two projects per year with PNGDF Engineer Battalion).,Long-running annual series confirmed by Australian High Commission material; most recent (2025/2026) iteration not specifically confirmed this session.,FACT,Medium,CONFIRMED,,Speech: Exercise Pukpuk (Australian High Commission PNG media pages),Australian High Commission Papua New Guinea,,https://png.embassy.gov.au/pmsb/Speech080918.html,1
VEH-PACIFIC-08,"Australia–Pacific partners: Papua New Guinea, Fiji, Tuvalu, Solomon Islands, Vanuatu, and Pacific Islands Forum regional architecture",pacific,Exercise Wantok Warrior,Exercise,2009,In force,General,Military,"Annual ADF (3rd Brigade)–PNGDF combat-team level infantry/amphibious interoperability exercise, conducted since 2009; 2025 iteration concluded 27 Oct 2025.",,FACT,High,CONFIRMED,,Exercise Wantok Warrior 2025 concludes,Australian High Commission Papua New Guinea,2025-10-27,https://png.embassy.gov.au/pmsb/1503.html,1
VEH-PACIFIC-09,"Australia–Pacific partners: Papua New Guinea, Fiji, Tuvalu, Solomon Islands, Vanuatu, and Pacific Islands Forum regional architecture",pacific,Exercise Olgeta Warrior,Exercise,,TO_VERIFY,General,Military,Combined ADF–PNGDF training exercise series (documented from at least 2009–2015); current form and tempo in 2026 unclear.,Historical iterations confirmed; whether it continues as a discrete recurring exercise in 2026 (vs consolidation into other PNG series) needs a records check.,TO_VERIFY,Medium,,,Visit to troops in Exercise Olgeta Warrior (2015 media release),Australian High Commission Papua New Guinea,2015-10-28,https://png.embassy.gov.au/pmsb/563.html,1
VEH-PACIFIC-10,"Australia–Pacific partners: Papua New Guinea, Fiji, Tuvalu, Solomon Islands, Vanuatu, and Pacific Islands Forum regional architecture",pacific,Fiji–Australia Vuvale Partnership,Statement/Declaration,2019,In force,General,Head of government,"Bilateral 'family' partnership framework covering security, economic, climate and people-to-people cooperation; elevated by PMs in October 2023.",Signed 2019 (Morrison–Bainimarama); elevated 2023. Expected to be subsumed/elevated by the Vuvale Union treaty signed 6 July 2026 once that enters into force — verify supersession.,FACT,High,CONFIRMED,,Australia and Fiji to elevate Vuvale Partnership,Australian Minister for Foreign Affairs,2023-10,https://www.foreignminister.gov.au/minister/penny-wong/media-release/australia-and-fiji-elevate-vuvale-partnership,1
VEH-PACIFIC-11,"Australia–Pacific partners: Papua New Guinea, Fiji, Tuvalu, Solomon Islands, Vanuatu, and Pacific Islands Forum regional architecture",pacific,Australia–Fiji Ocean of Peace Alliance,Treaty,2026-07,Signed - not yet in force,Enabling,Head of government,"Mutual defence treaty signed in Suva 6 July 2026 committing each to come to the other's aid in times of greatest need, with a clause to consult on any security-related development threatening either's sovereignty; Fiji's first alliance, Australia's fourth.",Signed by PMs Albanese and Rabuka. Name echoes the PIF Ocean of Peace Declaration (Sept 2025). Entry into force pending domestic processes — no EIF evidence as of 18 July 2026.,FACT,High,CONFIRMED,,Australia and Fiji sign historic Vuvale Union and Ocean of Peace Alliance,Australian Defence Ministers (minister.defence.gov.au),2026-07-06,https://www.minister.defence.gov.au/media-releases/2026-07-06/australia-fiji-sign-historic-vuvale-union-ocean-peace-alliance,1
VEH-PACIFIC-12,"Australia–Pacific partners: Papua New Guinea, Fiji, Tuvalu, Solomon Islands, Vanuatu, and Pacific Islands Forum regional architecture",pacific,Australia–Fiji Vuvale Union,Treaty,2026-07,Signed - not yet in force,General,Head of government,"Economic treaty signed alongside the Ocean of Peace Alliance (Suva, 6 July 2026); Australia to invest over A$1 billion in Fiji over a decade.",Details of investment figure from AP/Euronews reporting; treaty status/EIF to be confirmed against DFAT treaty database.,FACT,Medium,,,Australia and Fiji sign historic Vuvale Union and Ocean of Peace Alliance,Australian Defence Ministers (minister.defence.gov.au),2026-07-06,https://www.minister.defence.gov.au/media-releases/2026-07-06/australia-fiji-sign-historic-vuvale-union-ocean-peace-alliance,1
VEH-PACIFIC-13,"Australia–Pacific partners: Papua New Guinea, Fiji, Tuvalu, Solomon Islands, Vanuatu, and Pacific Islands Forum regional architecture",pacific,Agreement between Australia and Fiji on Cooperation in the Field of Defence and the Status of Visiting Forces (Fiji SOFA),Agreement,2022-10,TO_VERIFY,Enabling,Ministerial,"Reciprocal defence cooperation and status of visiting forces agreement (immigration/customs, uniforms, criminal and civil jurisdiction) enabling joint deployments, exchanges and exercises in both countries.","Signed Suva 20 Oct 2022 (Marles–Seruiratu); National Interest Analysis tabled 2024 ([2024] ATNIA 4); EIF requires exchange of written notifications. Oct 2025 Fiji-Australia DMM statement describes the reciprocal SOFA as part of the operating partnership, suggesting it is now in force — exact EIF date needs records check.",FACT,Medium,,,Status of Forces Agreement between Fiji and Australia,Australian Defence Ministers / Parliament of Australia (JSCOT),2022-10-20,https://www.aph.gov.au/Parliamentary_Business/Committees/Joint/Treaties/FijiSOFA,1
VEH-PACIFIC-14,"Australia–Pacific partners: Papua New Guinea, Fiji, Tuvalu, Solomon Islands, Vanuatu, and Pacific Islands Forum regional architecture",pacific,Fiji–Australia Defence Ministers' Meeting,Dialogue,,In force,General,Ministerial,"Annual bilateral defence ministers' meeting; October 2025 session committed to negotiating the new treaty (delivered as the Ocean of Peace Alliance) and reviewed SOFA-enabled cooperation, RFMF's five-month deployment to Exercises Talisman Sabre/Coral Warrior 2025, and opening of the Maritime Essential Services Centre.",,FACT,High,,,Joint Statement: Fiji-Australia Defence Ministers' Meeting,Australian Defence Ministers (minister.defence.gov.au),2025-10-03,https://www.minister.defence.gov.au/statements/2025-10-03/joint-statement-fiji-australia-defence-ministers-meeting,1
VEH-PACIFIC-15,"Australia–Pacific partners: Papua New Guinea, Fiji, Tuvalu, Solomon Islands, Vanuatu, and Pacific Islands Forum regional architecture",pacific,Blackrock Peacekeeping and Humanitarian Assistance and Disaster Relief Camp (Fiji),MoU,2019-04,In force,Enabling,Mixed,"Australia–Fiji MoU (17 Apr 2019) and ~A$100m joint redevelopment of RFMF Blackrock Camp, Nadi, as a regional hub for peacekeeping and HADR training and pre-deployment preparation; reopened March 2022, trains ~400 Fijian peacekeepers/year and hosts partner-nation training.",MoU signing: Defence release 17 Apr 2019. Regional response hub role relevant to any future combined operations basing/logistics.,FACT,High,,,Blackrock Peacekeeping and Humanitarian Assistance & Disaster Relief Camp (Fiji),Australian Department of Defence,,https://www.defence.gov.au/defence-activities/programs-initiatives/pacific-engagement/blackrock-camp-fiji,1
VEH-PACIFIC-16,"Australia–Pacific partners: Papua New Guinea, Fiji, Tuvalu, Solomon Islands, Vanuatu, and Pacific Islands Forum regional architecture",pacific,"Maritime Essential Services Centre (MESC), Suva",Other,2025-10,In force,Enabling,Working,"Australian-supported maritime security coordination facility in Suva, officially opened October 2025, to enhance Fiji's maritime domain awareness and maritime security operations.",Referenced in DMM joint statement; governance/funding details need verification.,FACT,Medium,,,Joint Statement: Fiji-Australia Defence Ministers' Meeting,Australian Defence Ministers (minister.defence.gov.au),2025-10-03,https://www.minister.defence.gov.au/statements/2025-10-03/joint-statement-fiji-australia-defence-ministers-meeting,1
VEH-PACIFIC-17,"Australia–Pacific partners: Papua New Guinea, Fiji, Tuvalu, Solomon Islands, Vanuatu, and Pacific Islands Forum regional architecture",pacific,Exercise Cartwheel (Fiji),Exercise,,In force,General,Military,"Recurring US Army Pacific-sponsored multilateral land exercise hosted in Fiji with RFMF, Australia, NZ, UK, France, Tonga; 400+ personnel in the Sept 2024 iteration (jungle/urban operations, interoperability).",US-led with Australian participation — include as a partner-hosted recurring combined exercise; 2025/2026 iteration not confirmed this session.,FACT,High,,,Nevada Army Guard trains in Fiji at Exercise Cartwheel 2024,U.S. Army,2024-09,https://www.army.mil/article/279746/nevada_army_guard_trains_in_fiji_at_exercise_cartwheel_2024,1
VEH-PACIFIC-18,"Australia–Pacific partners: Papua New Guinea, Fiji, Tuvalu, Solomon Islands, Vanuatu, and Pacific Islands Forum regional architecture",pacific,Australia–Tuvalu Falepili Union Treaty,Treaty,2023-11,In force,Enabling,Head of government,"Climate cooperation, mobility with dignity (280 visas/year), and shared security: Australia commits to respond on request to major natural disasters, health pandemics or military aggression against Tuvalu; recognises Tuvalu's continuing statehood despite sea-level rise; Tuvalu to mutually agree any third-party security/defence arrangements (effective Australian veto).",Signed 9 Nov 2023; entered into force 28 Aug 2024 (pm.gov.au entry-into-force release). Third-party security veto clause is the key enabling/exclusivity provision.,FACT,High,,,Australia-Tuvalu Falepili Union treaty,DFAT,,https://www.dfat.gov.au/geo/tuvalu/australia-tuvalu-falepili-union-treaty,1
VEH-PACIFIC-19,"Australia–Pacific partners: Papua New Guinea, Fiji, Tuvalu, Solomon Islands, Vanuatu, and Pacific Islands Forum regional architecture",pacific,Australia–Solomon Islands Bilateral Security Treaty,Treaty,2017-08,In force,Enabling,Ministerial,"Framework for rapid deployment of Australian police, defence and civilian personnel to Solomon Islands at its request; Australia's first bilateral security treaty in the Pacific, replacing the RAMSI treaty.","Signed 14 Aug 2017 (Bishop–Tozaka); entered into force 13 June 2018. First activated Nov 2021 (Honiara unrest); assistance extended for 2023 Pacific Games and 2024 elections. Still in force as of sources accessed; coexists with Solomon Islands–China policing arrangements. | UPDATE (gap-hunt 2026-07-21): Australia-Solomon Islands successor bilateral security treaty (under negotiation) — New/upgraded bilateral security treaty being negotiated; PM Albanese and Solomon Islands PM Matthew Wale progressed talks in Honiara in July 2026, following the Pukpuk and Ocean of Peace precedents. (src: https://www.canberratimes.com.au/story/9306666/protect-us-all-pact-a-new-era-for-pacific-family/)",FACT,High,,,Bilateral Security Treaty - Solomon Islands,DFAT,,https://www.dfat.gov.au/geo/solomon-islands/bilateral-security-treaty,1
VEH-PACIFIC-20,"Australia–Pacific partners: Papua New Guinea, Fiji, Tuvalu, Solomon Islands, Vanuatu, and Pacific Islands Forum regional architecture",pacific,Regional Assistance Mission to Solomon Islands (RAMSI),Agreement,2003,Lapsed/superseded,General,Mixed,"PIF-endorsed, Australian-led regional police/military/civilian stabilisation mission under the Biketawa Declaration, 2003–2017.",RAMSI concluded 30 June 2017; its treaty expired and was replaced by the 2017 Australia–Solomon Islands Bilateral Security Treaty. Legacy: precedent and infrastructure for treaty-based intervention on request.,FACT,High,,,Bilateral Security Treaty - Solomon Islands (notes RAMSI treaty expiry),DFAT,,https://www.dfat.gov.au/geo/solomon-islands/bilateral-security-treaty,1
VEH-PACIFIC-21,"Australia–Pacific partners: Papua New Guinea, Fiji, Tuvalu, Solomon Islands, Vanuatu, and Pacific Islands Forum regional architecture",pacific,RSIPF–AFP Policing Partnership Program (RAPPP) and RSIPF expansion package,Arrangement,,In force,General,Mixed,"AFP mentoring, operational enablement and training embedded with the Royal Solomon Islands Police Force; 20 Dec 2024 leaders' announcement of Australian-funded RSIPF force expansion, new sovereign Police Training Centre/academy in Honiara (planned completion 2028) and infrastructure (e.g. Noro Police Station opened Nov 2025).","June 2026 Australia–Solomon Islands Leaders' Meeting (PINA, 4 June 2026) reaffirmed the partnership and Solomon Islands' signature of Pacific Policing Initiative MoUs for Pacific Police Support Group participation.",FACT,Medium,,,Royal Solomon Islands Police Force expansion,Prime Minister of Australia (pm.gov.au),2024-12-20,https://www.pm.gov.au/media/royal-solomon-islands-police-force-expansion,1
VEH-PACIFIC-22,"Australia–Pacific partners: Papua New Guinea, Fiji, Tuvalu, Solomon Islands, Vanuatu, and Pacific Islands Forum regional architecture",pacific,Australia–Vanuatu Bilateral Security Agreement (2022),Agreement,2022-12,Lapsed/superseded,Enabling,Ministerial,"Broad security cooperation agreement (HADR, policing/law and justice, defence, border, cyber, maritime and aviation security, environment/resource security) signed 13 Dec 2022.",Never completed ratification; PM Napat rejected it on taking office in early 2025 (per Wikipedia Nakamal Agreement article) and negotiations produced the Nakamal Agreement instead. Formal legal status (terminated vs unratified/dormant) needs a records check.,FACT,Medium,,,Vanuatu and Australia sign Bilateral Security Agreement,Australian Minister for Foreign Affairs,2022-12-13,https://www.foreignminister.gov.au/minister/penny-wong/media-release/vanuatu-and-australia-sign-bilateral-security-agreement,1
VEH-PACIFIC-23,"Australia–Pacific partners: Papua New Guinea, Fiji, Tuvalu, Solomon Islands, Vanuatu, and Pacific Islands Forum regional architecture",pacific,Vanuatu–Australia Nakamal Agreement,Agreement,2026-06,Signed - not yet in force,Enabling,Head of government,"Bilateral security and economic cooperation treaty: security and policing cooperation, critical infrastructure protection, maritime security, disaster response, climate resilience, labour mobility; Vanuatu commits to no foreign military bases/basing infrastructure and to consult Australia on third-party engagement in critical infrastructure; ~A$500m Australian package.","Initialled 13 Aug 2025 at Mount Yasur, Tanna; signed Canberra 29 June 2026 (Albanese–Napat). Enters into force after both countries' domestic processes — not in force as of 18 July 2026. DFAT page: dfat.gov.au/countries/vanuatu/vanuatu-australia-nakamal-agreement.",FACT,High,,,Vanuatu and Australia sign Nakamal Agreement,Australian Minister for Foreign Affairs,2026-06-29,https://www.foreignminister.gov.au/minister/penny-wong/media-release/vanuatu-and-australia-sign-nakamal-agreement,1
VEH-PACIFIC-24,"Australia–Pacific partners: Papua New Guinea, Fiji, Tuvalu, Solomon Islands, Vanuatu, and Pacific Islands Forum regional architecture",pacific,Pacific Fusion Centre (Port Vila),Other,2019,In force,Enabling,Working,"Australian-funded regional security information-sharing and analysis centre implementing Boe Declaration priorities (climate, IUU fishing, transnational crime, disinformation); operating from Port Vila since Dec 2021; Vanuatu Host Agreement signed 23 Feb 2024.",Info-sharing culture and analyst secondments across PIF members; the natural regional node any space-derived maritime domain awareness feeds would ride on.,FACT,High,,,Pacific Fusion Centre — What We Do,Pacific Fusion Centre / DFAT,,https://www.pacificfusioncentre.org/whatwedo,1
VEH-PACIFIC-25,"Australia–Pacific partners: Papua New Guinea, Fiji, Tuvalu, Solomon Islands, Vanuatu, and Pacific Islands Forum regional architecture",pacific,"Pacific Islands Forum membership (Australia, founding member)",Forum,1971,In force,General,Head of government,"Australia is a founding member (1971, as South Pacific Forum; renamed 1999) of the region's premier political grouping — the umbrella under which regional security declarations, the 2050 Blue Pacific Strategy and initiatives like the PPI are endorsed. PNG, Fiji, Tuvalu, Solomon Islands and Vanuatu are all members.","Annual Leaders' Meeting is the apex regional decision point (54th PIFLM Honiara, Sept 2025).",FACT,High,,,Pacific Islands Forum - Wikipedia (corroborated by forumsec.org materials),Pacific Islands Forum Secretariat / Wikipedia,,https://forumsec.org,1
VEH-PACIFIC-26,"Australia–Pacific partners: Papua New Guinea, Fiji, Tuvalu, Solomon Islands, Vanuatu, and Pacific Islands Forum regional architecture",pacific,Biketawa Declaration,Statement/Declaration,2000-10,In force,General,Head of government,"PIF framework for collective regional crisis response (basis for RAMSI); adopted at 31st Forum Leaders' meeting, Kiribati, October 2000.","Remains the standing regional crisis-response mandate, complemented (not replaced) by the Boe Declaration.",FACT,High,,,Biketawa Declaration,Pacific Islands Forum Secretariat,2000-10,https://forumsec.org/publications/biketawa-declaration,1
VEH-PACIFIC-27,"Australia–Pacific partners: Papua New Guinea, Fiji, Tuvalu, Solomon Islands, Vanuatu, and Pacific Islands Forum regional architecture",pacific,Boe Declaration on Regional Security,Statement/Declaration,2018,In force,General,Head of government,"PIF leaders' declaration adopting an expanded concept of security (climate as the single greatest threat, human, cyber, environmental and transnational-crime security); frames regional security cooperation and underpins the Pacific Fusion Centre.",Adopted at 2018 PIF Leaders' meeting (Nauru).,FACT,High,,,Boe Declaration on Regional Security,Pacific Islands Forum Secretariat,2018,https://forumsec.org/publications/boe-declaration-regional-security,1
VEH-PACIFIC-28,"Australia–Pacific partners: Papua New Guinea, Fiji, Tuvalu, Solomon Islands, Vanuatu, and Pacific Islands Forum regional architecture",pacific,Blue Pacific Ocean of Peace Declaration (PIF),Statement/Declaration,2025-09,In force,General,Head of government,"Regional declaration endorsed at the 54th PIF Leaders' Meeting (Honiara, 8–12 Sept 2025) committing members to uphold peace, security and cooperation and embed 'Pacific Way' conflict prevention in national and regional policy; initiated by Fiji PM Rabuka in 2023.",Distinct from — but namesake of — the bilateral Australia–Fiji Ocean of Peace Alliance treaty (July 2026).,FACT,High,,,Ocean of Peace declaration endorsed at Pacific Leaders meeting in Honiara,Fiji Ministry of Foreign Affairs,2025-09,https://www.foreignaffairs.gov.fj/ocean-of-peace-declaration-endorsed-at-pacific-leaders-meeting-in-honiara/,1
VEH-PACIFIC-29,"Australia–Pacific partners: Papua New Guinea, Fiji, Tuvalu, Solomon Islands, Vanuatu, and Pacific Islands Forum regional architecture",pacific,Pacific Maritime Security Program (PMSP),Other,,In force,Enabling,Mixed,"30-year Australian program (successor to Pacific Patrol Boat Program): 24 Guardian-class patrol boats gifted to Pacific partners (program delivery completed 2026; recipients include PNG, Fiji, Tuvalu, Solomon Islands, Vanuatu), sustainment, advisers, and Enhanced Aerial Surveillance Program (contracted fixed-wing ~1,440 hrs/yr coordinated with FFA, UAVs, and planned satellite surveillance capability).",Program value cited variously as ~A$2bn and A$5.9bn over 30 years — reconcile via Defence records. EASP satellite surveillance element is the closest space-linked component found in Australia-Pacific security cooperation.,FACT,High,,,Pacific Maritime Security Program,Australian Department of Defence,,https://www.defence.gov.au/defence-activities/programs-initiatives/pacific-engagement/maritime-capability,1
VEH-PACIFIC-30,"Australia–Pacific partners: Papua New Guinea, Fiji, Tuvalu, Solomon Islands, Vanuatu, and Pacific Islands Forum regional architecture",pacific,South Pacific Defence Ministers' Meeting (SPDMM),Dialogue,,In force,General,Ministerial,"Annual defence ministers' meeting of Australia, Chile, Fiji, France, New Zealand, PNG and Tonga; 9th meeting Auckland Oct 2024 (endorsed Pacific Response Group), 10th meeting Viña del Mar 22–24 Oct 2025 (endorsed PRG phase two).","Principal multilateral defence-ministerial vehicle including two of the five focus partners (PNG, Fiji).",FACT,High,,,Joint Communique - South Pacific Defence Ministers' Meeting,Australian Defence Ministers (minister.defence.gov.au),2025-10-25,https://www.minister.defence.gov.au/statements/2025-10-25/joint-communique-south-pacific-defence-ministers-meeting,1
VEH-PACIFIC-31,"Australia–Pacific partners: Papua New Guinea, Fiji, Tuvalu, Solomon Islands, Vanuatu, and Pacific Islands Forum regional architecture",pacific,Pacific Response Group (PRG),Other,2024-10,In force,General,Military,Standing multinational military disaster-response capability endorsed at SPDMM 2024 to enable co-deployments for HADR in the Pacific; employed in Operation Vanuatu Assist (Dec 2024) and exercises Croix du Sud and Longreach; phase two endorsed Oct 2025 with year-round co-location and New Zealand assuming command/hosting from 1 July 2026.,,FACT,High,,,Joint Communique - South Pacific Defence Ministers' Meeting (10th SPDMM),Australian Defence Ministers (minister.defence.gov.au),2025-10-25,https://www.minister.defence.gov.au/statements/2025-10-25/joint-communique-south-pacific-defence-ministers-meeting,1
VEH-PACIFIC-32,"Australia–Pacific partners: Papua New Guinea, Fiji, Tuvalu, Solomon Islands, Vanuatu, and Pacific Islands Forum regional architecture",pacific,Joint Heads of Pacific Security (JHoPS),Forum,,In force,Enabling,Senior official,"Annual meeting of Pacific heads of police, military, customs and immigration; 8th annual meeting Brisbane 28–30 Apr 2026 co-hosted by Australia's CDF, ABF Commissioner and AFP Commissioner; tasked secretariat to explore a regional intelligence and information-sharing framework.","Links to Pacific Islands Chiefs of Police, Pacific Transnational Crime Network and PTCCC.",FACT,High,,,Joint Communiqué of the Eighth Annual Joint Heads of Pacific Security Meeting,Australian Defence/ABF/AFP (via globalsecurity.org repost; also abf.gov.au),2026-04-30,https://www.globalsecurity.org/wmd/library/news/australia/2026/australia-260430-audod02.htm,1
VEH-PACIFIC-33,"Australia–Pacific partners: Papua New Guinea, Fiji, Tuvalu, Solomon Islands, Vanuatu, and Pacific Islands Forum regional architecture",pacific,Pacific Policing Initiative (PPI),Other,2024,In force,General,Mixed,"Pacific-led, Australia-backed (A$400m over five years) regional policing initiative endorsed by PIF Leaders in 2024: regional police training Centres of Excellence (incl. in PNG), the multinational Pacific Police Support Group, and a Development and Coordination Hub (Brisbane).",Solomon Islands signed PPI MoUs enabling RSIPF participation in the Pacific Police Support Group (per June 2026 leaders' meeting reporting).,FACT,High,,,Pacific leaders endorse Pacific Policing Initiative,Prime Minister of Australia (pm.gov.au),2024,https://www.pm.gov.au/media/pacific-leaders-endorse-pacific-policing-initiative,1
VEH-PACIFIC-34,"Australia–Pacific partners: Papua New Guinea, Fiji, Tuvalu, Solomon Islands, Vanuatu, and Pacific Islands Forum regional architecture",pacific,Operation Solania,Other,,In force,Enabling,Military,"Enduring ADF maritime surveillance operation in the Pacific (P-8A/C-27J and RAN assets) providing ISR to Pacific island nations; supports FFA-coordinated operations Kurukuru, Big Eye, Island Chief, Tui Moana and Rai Balang against IUU fishing.","Active through 2025–2026 (Defence releases 22 Aug 2025, 24 May 2026, 9 June 2026). Part of the multinational effort coordinated by the Quadrilateral Defence Coordination Group.",FACT,High,,,Operation Solania,Australian Department of Defence,,https://www.defence.gov.au/defence-activities/operations/southwest-pacific-operations/solania,1
VEH-PACIFIC-35,"Australia–Pacific partners: Papua New Guinea, Fiji, Tuvalu, Solomon Islands, Vanuatu, and Pacific Islands Forum regional architecture",pacific,Quadrilateral Defence Coordination Group (Australia–France–New Zealand–United States),WorkingGroup,,In force,Enabling,Working,Four-nation coordination mechanism for Pacific maritime surveillance support (frames contributions like Operation Solania in support of FFA operations).,Long-standing (since 1990s); current terms of reference not separately verified this session.,FACT,Medium,,,Operation Solania (references coordination by the Quadrilateral Defence Coordinating Group),Australian Department of Defence,,https://www.defence.gov.au/defence-activities/operations/southwest-pacific-operations/solania,1
VEH-PACIFIC-36,"Australia–Pacific partners: Papua New Guinea, Fiji, Tuvalu, Solomon Islands, Vanuatu, and Pacific Islands Forum regional architecture",pacific,Operation Render Safe,Other,,In force,General,Military,"Recurring ADF-led multinational operation disposing of WWII explosive remnants of war in Pacific nations and training partners; 2024 Solomon Islands iteration was the largest land-based (8 nations, 3,200+ ERW removed); 2026 activity includes a reconnaissance task force to Tuvalu (Nanumea Lagoon).",20th iteration noted in US Army reporting; conducted annually or on urgent Pacific request.,FACT,High,,,Operation Render Safe,Australian Department of Defence,,https://www.defence.gov.au/defence-activities/operations/southwest-pacific-operations/render-safe,1
VEH-PACIFIC-37,"Australia–Pacific partners: Papua New Guinea, Fiji, Tuvalu, Solomon Islands, Vanuatu, and Pacific Islands Forum regional architecture",pacific,Exercise Croix du Sud (Australian participation),Exercise,,In force,General,Military,French-led multinational HADR/crisis-response exercise in New Caledonia with Australian and Pacific-partner participation; used by the Pacific Response Group in its first year.,"France-led; listed for completeness as a recurring combined exercise in the Australia-Pacific security ecosystem, alongside Exercise Longreach (PRG activity).",FACT,Medium,,,"Joint Communique - South Pacific Defence Ministers' Meeting (10th SPDMM, notes PRG participation in CROIX DU SUD and LONGREACH)",Australian Defence Ministers (minister.defence.gov.au),2025-10-25,https://www.minister.defence.gov.au/statements/2025-10-25/joint-communique-south-pacific-defence-ministers-meeting,1
VEH-PACIFIC-38,"Australia–Pacific partners: Papua New Guinea, Fiji, Tuvalu, Solomon Islands, Vanuatu, and Pacific Islands Forum regional architecture",pacific,FRANZ Arrangement (France–Australia–New Zealand),Arrangement,1992,TO_VERIFY,General,Working,"Trilateral coordination arrangement for civil/military disaster response in the Pacific, routinely invoked for cyclone and disaster relief in the five partner countries.","Longstanding (1992) and widely referenced, but no source confirming current status was accessed this session — verify via DFAT/Defence records.",TO_VERIFY,Medium,,,DFAT Pacific security pages (not directly accessed this session),DFAT,,https://www.dfat.gov.au/geo/pacific/shared-security-in-the-pacific,1
VEH-PACIFIC-39,"Australia–Pacific partners: Papua New Guinea, Fiji, Tuvalu, Solomon Islands, Vanuatu, and Pacific Islands Forum regional architecture",pacific,Partners in the Blue Pacific (PBP),Forum,2022,TO_VERIFY,General,Senior official,"Australia–US–Japan–NZ–UK (plus later partners) coordination mechanism for Pacific support, including maritime security and infrastructure — external-partner coordination rather than a bilateral vehicle with the five focus states.",Current activity level in 2026 unverified; include or exclude from registry per scope decision.,TO_VERIFY,Low,,,Not directly accessed this session; established 2022 per prior public reporting,DFAT / US State Department,,https://www.dfat.gov.au/geo/pacific,1
VEH-MULTILATERAL-01,Multilateral,multilateral,UKUSA Agreement / Five Eyes (AUS-CAN-NZ-UK-US),Agreement,1946,In force,Enabling,Senior official,Multilateral signals-intelligence sharing agreement among the five eyes; foundation of the broader FVEY intelligence-sharing and classification ecosystem.,"Australia formally joined May 1956 (Melbourne COMINT conference endorsement). Text declassified/released 2010 via NSA historical release. Space cooperation (SDA data, missile warning, classified space programs) rides on FVEY channels.",FACT,High,CONFIRMED,,UKUSA (NSA Historical Releases); Intelligence partnerships (ASD),NSA / Australian Signals Directorate,2025,https://www.nsa.gov/Helpful-Links/NSA-FOIA/Declassification-Transparency-Initiatives/Historical-Releases/UKUSA/,1
VEH-MULTILATERAL-02,Multilateral,multilateral,"ANZUS Treaty (Security Treaty between Australia, New Zealand and the United States)",Treaty,1951-09,In force,Enabling,Ministerial,Collective security treaty; consultation and action against common Pacific-area threats. Remains fully in force on the Australia-US and Australia-NZ legs; US obligations to NZ suspended since 1986.,"Alliance foundation on which Australia-hosted joint space facilities and US space cooperation ride. Signed San Francisco 1 Sep 1951, in force 1952.",FACT,High,CONFIRMED,,"Australia, New Zealand and United States (ANZUS) Treaty",US State Department Office of the Historian,2026,https://history.state.gov/milestones/1945-1952/anzus,1
VEH-MULTILATERAL-03,Multilateral,multilateral,Five Power Defence Arrangements (FPDA),Arrangement,1971,In force,General,Mixed,"Non-binding consultative defence arrangements among Australia, Malaysia, New Zealand, Singapore and the UK centred on the defence of Malaysia and Singapore; ministers' meetings, Defence Chiefs' Conference (23rd, May 2025) and exercise program.",Active in 2025-26; expanding into cyber domain via exercises.,FACT,High,CONFIRMED,,Australia supports regional security through Exercise Bersama Lima; 23rd FPDA Defence Chiefs' Conference,Australian Department of Defence / Singapore MINDEF,2025-09,https://www.defence.gov.au/news-events/releases/2025-09-19/australia-supports-regional-security-through-exercise-bersama-lima,1
VEH-MULTILATERAL-04,Multilateral,multilateral,Exercise Bersama Lima / FPDA exercise series,Exercise,,In force,General,Military,"Recurring FPDA combined air-land-sea (now cyber) exercise; 2025 iteration on the Malay Peninsula involved 2,100+ personnel, 60 aircraft, 10 warships from all five members incl. HMS Prince of Wales and ~400 ADF personnel.",Bersama Lima 2025 held Sep-Oct 2025; first cyber-domain serials and UAS integration.,FACT,High,CONFIRMED,,Exercise Bersama Lima unites five forces,Indo-Pacific Defense FORUM / Australian Department of Defence,2025-10,https://ipdefenseforum.com/2025/10/exercise-bersama-lima-unites-five-forces/,1
VEH-MULTILATERAL-05,Multilateral,multilateral,"AUKUS (Australia-UK-US Enhanced Trilateral Security Partnership, Pillars 1 and 2)",Alliance,2021-09,In force,Enabling,Mixed,"Pillar 1: conventionally-armed nuclear-powered submarines (Virginia sales, SSN-AUKUS, Submarine Rotational Force-West at HMAS Stirling from ~2027). Pillar 2: advanced capabilities — undersea, AI, cyber, quantum, hypersonics, EW; first signature project (advanced UUV payloads) announced, systems from 2027.",Mid-2026 sources report Pillar 1 'firmly on track' after the 2025 US review period; Pillar 2 accelerating after earlier criticism of slow progress. The trilateral DARC space radar was announced in the AUKUS ministerial context but is a separate MoU (listed separately).,FACT,High,CONFIRMED,,AUKUS: Strategic drivers and geopolitical implications (2026); CRS RL32418,Council on Geostrategy (Britain's World) / Congressional Research Service,2026,https://www.congress.gov/crs-product/RL32418,1
VEH-MULTILATERAL-06,Multilateral,multilateral,Agreement for Cooperation Related to Naval Nuclear Propulsion (AUKUS Article 14/ENNPIA successor),Treaty,2024-08,In force,General,Ministerial,"Trilateral legal basis for transfer of naval nuclear propulsion information, equipment and material to Australia; expressly excludes enrichment/reprocessing in Australia and reaffirms non-proliferation obligations.",Tabled in Australian Parliament 12 Aug 2024; scrutinised by UK Lords International Agreements Committee. Exact entry-into-force date not confirmed this session — verify via Australian Treaties Database. Supersedes/extends the 2021 ENNPIA information-sharing agreement.,FACT,Medium,CONFIRMED,,AUKUS agreement for cooperation on naval nuclear propulsion,Australian Submarine Agency / UK House of Lords,2024-08,https://www.asa.gov.au/aukus/aukus-agreement-cooperation-related-naval-nuclear-propulsion,1
VEH-MULTILATERAL-07,Multilateral,multilateral,Quad (Australia-India-Japan-US) Leaders' and Foreign Ministers' meetings,Forum,,In force,Enabling,Mixed,"Quadrilateral diplomatic/security forum with leaders' summits (since 2021), foreign ministers' meetings and working groups spanning maritime security, critical tech, space and maritime domain awareness.",The planned 2025 India-hosted Leaders' Summit did not take place; Quad FMM held New Delhi 26 May 2026 (Wong-Rubio-Jaishankar-Motegi). Cadence and working-group architecture in flux — verify current structure.,FACT,High,CORRECTED,"Forum active at foreign-minister level (11th Quad Foreign Ministers' Meeting held New Delhi, 26 May 2026), but the Leaders' Summit track has lapsed: last leaders' summit was September 2024 (Wilmington); the anticipated India-hosted 2025 summit never took place and the May 2026 joint statement was silent on any future summit. Status should read 'Active (ministerial level); leaders' track in abeyance since Sept 2024', not an unqualified 'In force'.",Quad Foreign Ministers' Meeting Joint Statement,Australian Minister for Foreign Affairs / DFAT,2026-05,https://www.foreignminister.gov.au/minister/penny-wong/media-release/quad-foreign-ministers-meeting-joint-statement,1
VEH-MULTILATERAL-08,Multilateral,multilateral,Quad Space Working Group,WorkingGroup,2021-09,TO_VERIFY,Direct,Working,Quad working group on space cooperation established at the first in-person Leaders' Summit (Sep 2021); workstreams include Earth observation data sharing and an Extreme Precipitation steering committee (from 2022 Tokyo summit).,Establishment authoritatively documented (PM&C Quad Leaders' Summit pages). Whether the working group remains active after the 2025-26 Quad streamlining and missed 2025 summit is unconfirmed — verify current status.,FACT,Medium,CORRECTED,"Existence and date confirmed — established at the first in-person Quad Leaders' Summit, 24 September 2021 (US Office of Space Commerce; White House 24 Sept 2021 fact sheet). Mid-2026 status: dormant/deprioritized. The July 2025 FMM streamlined Quad cooperation to four pillars (maritime and transnational security; economic prosperity/security; critical and emerging technology; HADR) and the 26 May 2026 New Delhi FMM outcomes contain no space workstream. No official dissolution announcement was found, but space is no longer an active named Quad working area.",Space | Quad Leaders' Summit 2023,Department of the Prime Minister and Cabinet (PM&C),2023,https://www.pmc.gov.au/resources/quad-leaders-summit-2023/space,1
VEH-MULTILATERAL-09,Multilateral,multilateral,Indo-Pacific Partnership for Maritime Domain Awareness (IPMDA),Arrangement,2022-05,In force,Enabling,Working,Quad initiative sharing near-real-time commercial satellite-derived maritime domain awareness data with regional partners; work under way in 2026 on a Common Operational Picture drawing on IPMDA.,Launched at Tokyo Leaders' Summit May 2022. 2026 reporting references a new Indo-Pacific Maritime Surveillance Collaboration (IPMSC) — verify relationship/supersession.,FACT,Medium,,,The Quad; Takeaways from the Quad Foreign Ministers' Meeting,DFAT / Stimson Center,2026,https://www.dfat.gov.au/international-relations/regional-architecture/quad,1
VEH-MULTILATERAL-10,Multilateral,multilateral,Combined Space Operations (CSpO) Initiative,Arrangement,2014,In force,Direct,Senior official,"Ten-nation initiative (Australia, Canada, France, Germany, Italy, Japan, New Zealand, Norway, UK, US) to improve cooperation, coordination and interoperability of military space operations; CSpO Vision 2031 released Feb 2022.",Principals' Board met Colorado Springs 17 Apr 2026 (all ten nations); senior officials reconvene Oslo Dec 2026. Verify underpinning CSpO MoU details and Australia's accession instrument in Defence records.,FACT,High,,,Combined Space Operations (CSpO) Initiative Principals' Board Meets to Advance Combined Operations Efforts,Australian Department of Defence,2026-05-14,https://www.defence.gov.au/news-events/releases/2026-05-14/combined-space-operations-cspo-initiative-principals-board-meets-advance-combined-operations-efforts,1
VEH-MULTILATERAL-11,Multilateral,multilateral,Operation Olympic Defender (multinational force),Other,2020,In force,Direct,Military,"US Space Command-led named multinational operation to deter hostile acts in space and protect allied space assets; partners: Australia, Canada, France, Germany, New Zealand, UK with the US.","Australia, UK and Canada joined 2020; NZ Sep 2024; France and Germany Oct 2024. Verify Australia's joining instrument date and current ADF force contribution.",FACT,High,,,Multinational Force Operation Olympic Defender; More nations combine to defend space,US Space Command / Australian Department of Defence,2024-11,https://www.spacecom.mil/About/Multinational-Force-Operation-Olympic-Defender/,1
VEH-MULTILATERAL-12,Multilateral,multilateral,"Combined Space Operations Center (CSpOC) participation, Vandenberg SFB",Other,,In force,Direct,Military,"Australian exchange/embedded personnel serve in the US-led combined space operations centre alongside UK and Canadian officers (with French, German and NZ personnel also hosted), integrating allied inputs into space C2 and SDA.",CSpOC established 2018 (renamed from JSpOC — establishment date not verified this session). Official Space Forces-Space unit page and fact sheet confirm coalition manning.,FACT,High,,,CSpOC - Combined Space Operations Center (unit page and fact sheet),US Space Forces - Space (S4S) / Vandenberg SFB,2026,https://www.spaceforces-space.mil/Units/CSpOC-Combined-Space-Operations-Center/,1
VEH-MULTILATERAL-13,Multilateral,multilateral,Artemis Accords,Statement/Declaration,2020-10,In force,Direct,Senior official,"Non-binding principles for responsible civil space exploration and use (transparency, interoperability, deconfliction, safety zones); Australia one of eight founding signatories 13 Oct 2020.",70 signatories as of 17 July 2026 (Mauritius 70th). Civil-led but shapes the space governance environment Defence operates in.,FACT,High,,,Artemis Accords,US Department of State / NASA,2026-07,https://www.state.gov/bureau-of-oceans-and-international-environmental-and-scientific-affairs/artemis-accords,1
VEH-MULTILATERAL-14,Multilateral,multilateral,Outer Space Treaty 1967,Treaty,1967,In force,Direct,Ministerial,"Foundational treaty on the peaceful use of outer space: no WMD in orbit, no national appropriation, state responsibility/liability. Australia ratified 10 Oct 1967 (entry-into-force day).",118 states parties as of late 2025. Baseline legal frame for all Australian military space activity.,FACT,High,,,Outer Space Treaty,UN Office for Outer Space Affairs (UNOOSA),2025,https://www.unoosa.org/oosa/en/ourwork/spacelaw/treaties/outerspacetreaty.html,1
VEH-MULTILATERAL-15,Multilateral,multilateral,UN Committee on the Peaceful Uses of Outer Space (COPUOS) membership,Forum,1959,In force,Direct,Working,"Principal UN multilateral forum for space governance (100+ members); develops space treaties, guidelines and long-term sustainability norms.",Committee's existence and role confirmed via UNOOSA; Australia's (founding) membership was not explicitly confirmed in sources accessed this session — verify via UNOOSA members list.,TO_VERIFY,Medium,,,Space Law Treaties and Principles; International Space Law Explained,UNOOSA / United Nations,2025,https://www.unoosa.org/oosa/en/ourwork/spacelaw/treaties.html,1
VEH-MULTILATERAL-16,Multilateral,multilateral,Exercise Global Sentinel (USSPACECOM space domain awareness exercise series),Exercise,,In force,Direct,Military,"Recurring USSPACECOM-hosted multinational SDA/space security exercise; GS25 (Apr-May 2025, Vandenberg) drew 29-30 nations plus NATO; GS24 had 25 nations; unclassified modelling/simulation via Space-Track portal.","Exercise series authoritatively confirmed (USSPACECOM/USSF releases; series established under USSTRATCOM, carried on by USSPACECOM). Australia's participation in specific iterations was not explicitly named in text accessed this session — highly likely as a founding-tier participant; confirm via Defence releases/USSPACECOM posture statement.",TO_VERIFY,Medium,,,US Space Command Hosts Global Sentinel 2025 Exercise,US Space Forces - Space / USSPACECOM,2025-05,https://www.spaceforces-space.mil/Newsroom/Article/4172224/us-space-command-hosts-global-sentinel-2025-exercise/,1
VEH-MULTILATERAL-17,Multilateral,multilateral,Schriever Wargame (Australian participation),Exercise,,In force,Direct,Military,"USSF/STARCOM-led strategic space wargame series (since 2001); SW25 brought together 10 nations, 350+ participants, Indo-Pacific conflict scenario; Australia a long-standing Five Eyes wargame partner.",SW27 planned as first iteration with allies (incl. Australia) jointly setting objectives — a shift to coalition-led planning. FACT based on French MoD release plus multiple trade-press reports of official statements; confirm ADF participation record in Defence records.,FACT,Medium,,,Schriever Wargame 2025: strengthening international cooperation; Australia strengthens space partnerships at Schriever Wargame 2025,French Ministry of Armed Forces / Defence Connect,2025-08,https://www.defense.gouv.fr/en/cde/actualites/schriever-wargame-2025,1
VEH-MULTILATERAL-18,Multilateral,multilateral,Deep Space Advanced Radar Capability (DARC) trilateral MoU (US-UK-Australia),MoU,2023-09,In force,Direct,Military,"Trilateral program to build and jointly operate a three-site all-weather deep-space (GEO) surveillance radar network: Site 1 Exmouth WA, Site 2 Pembrokeshire UK, Site 3 US.","MoU signed Sep 2023, initiative announced 2 Dec 2023. Exmouth Site 1 construction completed Dec 2024 ahead of schedule; initial radar transmission Sep 2024; mission-system integration under way; FOC expected 2027. Clarify formal relationship to AUKUS Pillar 2 governance.",FACT,High,,,"US, UK, Australia announce trilateral Deep Space Advanced Radar Capability initiative",US Space Force,2023-12,https://www.spaceforce.mil/News/Article-Display/Article/3604036/us-uk-australia-announce-trilateral-deep-space-advanced-radar-capability-initia/,1
VEH-MULTILATERAL-19,Multilateral,multilateral,NATO Indo-Pacific Four (IP4) partnership / NATO-Australia Individually Tailored Partnership Programme,Arrangement,2023,In force,Enabling,Senior official,"Australia is one of NATO's four Indo-Pacific partners (with Japan, NZ, ROK); the ITPP frames cooperation on interoperability, capability development, resilience, EDTs, cyber and explicitly space.",ITPP agreed 2023 (NATO/embassy sources; exact month differs across sources — verify). PM Albanese did not attend the 2025 Hague Summit; degree of IP4 institutionalisation contested in 2025-26 — verify current ITPP version.,FACT,High,,,Relations with Australia; Individually Tailored Partnership Programmes,NATO,2025,https://www.nato.int/en/what-we-do/partnerships-and-cooperation/relations-with-australia,1
VEH-MULTILATERAL-20,Multilateral,multilateral,Australia-NATO Agreement on the Security of Information,Agreement,,In force,Enabling,Ministerial,Enables exchange and reciprocal protection of classified information between Australia and NATO (liaison between NATO Office of Security and Australia's Defence Security Authority).,Interim exchange of letters Defence Minister-NATO SecGen 1 Apr 2005; treaty-level agreement considered by JSCT Nov 2008. Verify signature/EIF dates and current status in the Australian Treaties Database.,FACT,Medium,,,Agreement between the Government of Australia and NATO (JSCT treaty paper),Parliament of Australia (JSCT),2008,https://www.aph.gov.au/~/media/wopapub/house/committee/jsct/26november2008/treaties/nato_nia_pdf.ashx,1
VEH-MULTILATERAL-21,Multilateral,multilateral,ASEAN Defence Ministers' Meeting-Plus (ADMM-Plus),Forum,2010,In force,General,Ministerial,"ASEAN + 8 dialogue partners (incl. Australia) defence ministers' forum, annual since 2017, with seven Experts' Working Groups (maritime security, CT, HADR, PKO, military medicine, mine action, cyber) co-chaired in 3-year cycles.",DPM/Defence Minister Marles attended 12th ADMM-Plus in Malaysia (Oct-Nov 2025). Verify Australia's current EWG co-chair role for the 2024-2027 cycle.,FACT,High,,,About ADMM-Plus; Travel to Malaysia for ASEAN Defence Ministers' Meeting Plus,ASEAN ADMM Secretariat / Australian Defence Ministers,2025-10,https://admm.asean.org/index.php/about-admm/about-admm-plus.html,1
VEH-MULTILATERAL-22,Multilateral,multilateral,Australia-Japan-US Trilateral Defence Consultations (TDC) / Trilateral Defence Ministers' Meeting (TDMM),Dialogue,2024-11,In force,General,Ministerial,"Ministerial-level trilateral defence coordination: 15th TDMM held Singapore 31 May 2025 as the first ministerial session of the TDC mechanism announced Nov 2024; deepening operational cooperation, exercises and capability collaboration.","TDMM series long predates TDC (15 iterations). Joint statements cover intelligence, exercises and advanced capabilities.",FACT,High,,,Trilateral Defence Consultations Ministerial Meeting Joint Statement,Australian Defence Ministers,2025-05-31,https://www.minister.defence.gov.au/statements/2025-05-31/trilateral-defence-consultations-ministerial-meeting-joint-statement-efforts-deepen-our-defence-cooperation,1
VEH-MULTILATERAL-23,Multilateral,multilateral,"Trilateral Strategic Dialogue (Australia-Japan-US, foreign-minister level)",Dialogue,,In force,General,Ministerial,"Foreign-minister-level trilateral consultation on security matters, referenced as ongoing in the Sep 2025 Japan-Australia 2+2 joint statement.",Confirmed as active mechanism via 12th Japan-Australia 2+2 statement; verify last standalone TSD ministerial date.,FACT,Medium,,,Joint Statement on the Twelfth Japan-Australia 2+2 Foreign and Defence Ministerial Consultations,Australian Defence Ministers,2025-09,https://www.minister.defence.gov.au/statements/2025-09-06/joint-statement-twelfth-japan-australia-22-foreign-defence-ministerial-consultations,1
VEH-MULTILATERAL-24,Multilateral,multilateral,Australia-Japan-Philippines-US Defence Ministers' meetings ('Squad'),Dialogue,,In force,General,Ministerial,Quadrilateral defence ministers' consultations and maritime cooperative activities in the South China Sea region; ministers met Singapore 31 May 2025 and again with joint readout 3 Nov 2025.,Informal grouping (no founding instrument identified); includes Japan's participation in high-end exercises in the Philippines with Australia and the US.,FACT,High,,,"Joint Readout of the Meeting of Defense Ministers From Australia, Japan, the Philippines, and the United States",Australian Defence Ministers,2025-11-03,https://www.minister.defence.gov.au/statements/2025-11-03/joint-readout-meeting-defense-ministers-from-australia-japan-philippines-united-states,1
VEH-MULTILATERAL-25,Multilateral,multilateral,Exercise Malabar (Australia-India-Japan-US),Exercise,,In force,General,Military,"Quadrilateral naval exercise (US-India origin 1992); Malabar 2025 held around Guam 10-18 Nov 2025 (HMAS Ballarat, RAAF P-8A) — fifth consecutive iteration with Australia.","Focus: joint fleet operations, ASW, gunnery, air operations.",FACT,High,,,"Guam hosts Australia, India, Japan, US forces in Exercise Malabar 2025",US Pacific Fleet,2025-11,https://www.cpf.navy.mil/Newsroom/News/Article/4339470/guam-hosts-australia-india-japan-us-forces-in-exercise-malabar-2025/,1
VEH-MULTILATERAL-26,Multilateral,multilateral,Exercise Talisman Sabre,Exercise,,In force,Enabling,Military,"Biennial Australia-US-led multinational warfighting exercise; TS25 (Jul-Aug 2025) was the largest ever: 35,000+ personnel from 19 nations, training across sea, land, air, space and cyber domains, incl. first activities in PNG.","USSPACECOM provides consistent biennial support (2026 posture statement), making TS a key venue for coalition space integration. 11th iteration in 2025; next expected 2027.",FACT,High,,,Exercise Talisman Sabre 2025 opens / concludes,Australian Department of Defence,2025-07,https://www.defence.gov.au/news-events/releases/2025-07-13/exercise-talisman-sabre-2025-opens,1
VEH-MULTILATERAL-27,Multilateral,multilateral,Exercise Rim of the Pacific (RIMPAC),Exercise,,In force,General,Military,"World's largest international maritime exercise; RIMPAC 26 (30th iteration) running 24 Jun-31 Jul 2026 around Hawaii with 25,000+ personnel from 31 nations; ~430 ADF personnel deployed.",Theme 2026: 'Partners: Integrated and Prepared'.,FACT,High,,,Rim of the Pacific | Defence Activities,Australian Department of Defence,2026-07,https://www.defence.gov.au/defence-activities/exercises/rim-pacific,1
VEH-MULTILATERAL-28,Multilateral,multilateral,Exercise Pitch Black,Exercise,,In force,General,Military,"RAAF's premier multinational air combat exercise over northern Australia; PB26 runs 20 Jul-7 Aug 2026 with up to 100 jets and 2,500+ personnel from 20 nations (first JASDF F-35s and Indonesian T-50Is; Finland/Sweden embedded).","Held since 1983; participants 2026 incl. US, Japan, ROK, India, Singapore, Germany, France, Spain, Philippines, Thailand, Indonesia, PNG.",FACT,High,,,Exercise Pitch Black returns in 2026; Exercise Pitch Black 2026 takes to the skies,Australian Department of Defence,2026-07-16,https://www.defence.gov.au/news-events/releases/2026-07-16/exercise-pitch-black-2026-takes-skies,1
VEH-MULTILATERAL-29,Multilateral,multilateral,Wideband Global SATCOM (WGS) international partnership,MoU,2007-11,In force,Direct,Senior official,"Australia gained assured access to the WGS MILSATCOM constellation by funding WGS-6 under a 14 Nov 2007 MoU with the US DoD; Australia sits alongside the WGS-9 multinational partners (Canada, Denmark, Luxembourg, Netherlands, NZ) in the program's international partnership.",Australia's own instrument is a bilateral US-Australia MoU; the Jan 2012 WGS-9 MoU is the multilateral layer (Australia not a signatory of that one). Japan and Poland reported joining the network later. Verify Australia's current participation in any multinational WGS governance forum.,FACT,Medium,,,"Wideband Global SATCOM program; Japan, Poland to join U.S. military satellite network",Wikipedia / SpaceNews (leads); US DoD SAR,2026,https://en.wikipedia.org/wiki/Wideband_Global_SATCOM,1
VEH-MULTILATERAL-30,Multilateral,multilateral,Joint Commercial Operations (JCO) cell participation (US-led multinational commercial SDA),Other,2023-09,In force,Direct,Military,"Australian Defence Space Command reported to have joined the US Joint Task Force-Space Defense Commercial Operations cell (Sep 2023), a multinational construct fusing commercial space domain awareness data.","Reported by SpaceNews ('Linking allied military space capabilities'); confirm current construct name (JCO under S4S/USSPACECOM reorganisations) and Australia's ongoing participation. | UPDATE (gap-hunt 2026-07-21): Joint Commercial Operations (JCO) network participation - Defence Space Command support commenced 1 September 2023 (CORRECTION to existing register entry) — Defence Space Command commenced support to the global US-led JCO commercial space domain awareness network on 1 September 2023, contributing via the Commercial Data Mission Centre in Adelaide and part (src: https://www.defence.gov.au/news-events/news/2023-09-01/following-sun-space-domain-awareness) | Status upgraded TO_VERIFY->In force (gap-hunt round 2, independently verified participation instrument)",FACT,Medium,,,Linking allied military space capabilities,SpaceNews,2023,https://spacenews.com/linking-allied-military-space-capabilities/,1
VEH-MULTILATERAL-31,Multilateral,multilateral,The Technical Cooperation Program (TTCP),Arrangement,,In force,Enabling,Working,"Five-nation (AUS-CAN-NZ-UK-US) defence science and technology cooperation program — one of the largest collaborative S&T fora, with panels spanning defence technologies incl. space-related research.",Existence well established but only secondary sources (Wikipedia) accessed this session; verify via DSTG/UK MOD pages. Founded 1957 (as TTCP among US-UK-Canada; Australia joined 1965 per secondary sources).,TO_VERIFY,Medium,,,The Technical Cooperation Program,Wikipedia (lead; verify via DSTG),2026,https://en.wikipedia.org/wiki/The_Technical_Cooperation_Program,1
VEH-MULTILATERAL-32,Multilateral,multilateral,Air and Space Interoperability Council (ASIC) — possibly renamed Air Force Interoperability Council (AFIC),WorkingGroup,,TO_VERIFY,Enabling,Working,Formal five-nation (Five Eyes air forces + USN) body to enhance coalition warfighting through air and space interoperability; Washington DC-based management committee.,"Only secondary sources accessed; sources also reference an 'Air Force Interoperability Council' suggesting a rename — verify current name, charter and Australian membership via RAAF/Defence records.",TO_VERIFY,Medium,,,Air and Space Interoperability Council (ASIC); CJCSI 3165.01D,Military Wiki (lead) / US Joint Chiefs of Staff instruction,2026,https://www.jcs.mil/Portals/36/Documents/Library/Instructions/CJCSI%203165.01D.pdf,1
VEH-MULTILATERAL-33,Multilateral,multilateral,AUSCANNZUKUS (naval C4 interoperability organisation),WorkingGroup,,TO_VERIFY,Enabling,Working,"Five-nation naval command, control, communications and computers (C4) interoperability organisation; liaises with CCEB, MIC, ABCANZ, ASIC and TTCP.",Secondary sources only this session; SATCOM/C4 interoperability is a key enabler for space-supported naval operations. Verify via RAN/Defence records.,TO_VERIFY,Medium,,,AUSCANNZUKUS,Wikipedia (lead),2026,https://en.wikipedia.org/wiki/AUSCANNZUKUS,1
VEH-MULTILATERAL-34,Multilateral,multilateral,Combined Communications Electronics Board (CCEB),WorkingGroup,,TO_VERIFY,Enabling,Working,Five-nation (AUS-CAN-NZ-UK-US) communications-electronics standardisation and interoperability board.,Referenced only in passing in accessed sources; verify charter and Australian participation via Defence records.,TO_VERIFY,Low,,,AUSCANNZUKUS (references CCEB liaison),Wikipedia (lead),2026,https://en.wikipedia.org/wiki/AUSCANNZUKUS,1
VEH-MULTILATERAL-35,Multilateral,multilateral,ABCANZ Armies Interoperability Program,WorkingGroup,,TO_VERIFY,General,Working,"American, British, Canadian, Australian and New Zealand armies' standardisation/interoperability program.",Referenced only in passing (TTCP/AUSCANNZUKUS liaison lists) this session; verify via Army/Defence records.,TO_VERIFY,Low,,,The Technical Cooperation Program (references ABCA Armies),Wikipedia (lead),2026,https://en.wikipedia.org/wiki/The_Technical_Cooperation_Program,1
VEH-MULTILATERAL-36,Multilateral,multilateral,South Pacific Defence Ministers' Meeting (SPDMM),Forum,,In force,General,Ministerial,"Regional defence ministers' forum — Australia, Chile, Fiji, France, New Zealand, PNG, Tonga; 10th SPDMM held Viña del Mar, Chile, 22-24 Oct 2025 with Japan, UK and US as observers; focus on regional security, HADR, climate and maritime threats.",First SPDMM year not confirmed this session (c.2013) — verify.,FACT,High,,,Joint Communique - South Pacific Defence Ministers' Meeting,Australian Defence Ministers,2025-10-25,https://www.minister.defence.gov.au/statements/2025-10-25/joint-communique-south-pacific-defence-ministers-meeting,1
VEH-MULTILATERAL-37,Multilateral,multilateral,FRANZ Arrangement (France-Australia-New Zealand),Arrangement,,TO_VERIFY,General,Working,Trilateral arrangement coordinating civil-military humanitarian assistance and disaster relief responses in the South Pacific.,"Referenced in accessed SPDMM-related sources (Ifri, French MoD) but founding declaration (1992) and current status not directly confirmed this session — verify via DFAT.",TO_VERIFY,Medium,,,Expanding SPDMM as a pivotal institution in the Pacific; What is SPDMM?,Ifri / French Ministry of Armed Forces,2025,https://www.defense.gouv.fr/en/news/what-spdmm,1
VEH-US-58,United States of America,us,Agreement between Australia and the United States concerning Space Vehicle Tracking and Communication Facilities (2017),Treaty,2017-10-17,In force,Direct,Senior official,"25-year government-to-government treaty covering NASA spacecraft tracking and communication facilities in Australia: Canberra Deep Space Communication Complex (Tidbinbilla, Deep Space Network node), and TDRS equipment at Alice Springs and Dongara WA; supports virtually all US human and robotic missions.","Signed by Acting NASA Administrator Lightfoot and Ambassador Hockey; continues a treaty lineage dating to the February 1960 US-Australia space cooperation agreement. The register holds no civil space-tracking treaty despite holding defence facility treaties (Pine Gap, Nurrungar).",FACT,High,CONFIRMED,,"US, Australia Sign Agreement for Continued Space Tracking, Communications",NASA,2017-10,https://www.nasa.gov/general/us-australia-sign-agreement-for-continued-space-tracking-communications/,2
VEH-US-64,United States of America,us,Framework Agreement between the United States and Australia on Cooperation in Aeronautics and the Exploration and Use of Airspace and Outer Space for Peaceful Purposes (signed 30 Sep 2025),Agreement,2025-09,TO_VERIFY,Direct,Senior official,"Government-to-government framework for civil cooperation in space exploration, space science, Earth science/geodesy, space medicine, aeronautics research and technology development; signed by Acting NASA Administrator Sean Duffy and ASA Head Enrico Palermo",Signature is FACT; status marked TO_VERIFY because entry into force (treaty processes/JSCOT tabling) as of July 2026 was not confirmed this session. Major umbrella complementing the 2023 Technology Safeguards Agreement (register #252).,FACT,High,CONFIRMED,,"NASA signs US-Australia Agreement on Aeronautics, Space Cooperation (nasa.gov, accessed this session)",NASA,,https://www.nasa.gov/missions/artemis/nasa-signs-us-australia-agreement-on-aeronautics-space-cooperation/,2
VEH-MULTILATERAL-42,Multilateral,multilateral,"Agreement on the Rescue of Astronauts, the Return of Astronauts and the Return of Objects Launched into Outer Space (Rescue Agreement, 1968) — Australia party",Treaty,1968,In force,Direct,Ministerial,UN treaty obligation to assist astronauts in distress and return space objects found on Australian territory; Australia is a party per the Australian Space Agency,"Operationally exercised in practice via Woomera capsule recoveries (Hayabusa/Hayabusa2, already in register); AU ratification date not re-verified this session",FACT,High,CONFIRMED,,International obligations and cooperation,Australian Space Agency,2026-07-21,https://www.space.gov.au/international-obligations-and-cooperation,2
VEH-MULTILATERAL-44,Multilateral,multilateral,"Convention on International Liability for Damage Caused by Space Objects (Liability Convention, 1972) — Australia party",Treaty,1972,In force,Direct,Ministerial,UN treaty making Australia internationally liable as a launching State for damage caused by space objects launched from or procured by Australia; underpins the Space (Launches and Returns) Act insurance regime,"Central to every launch-from-Australia arrangement in the register (US TSA, Gaganyaan tracking, commercial launches); AU ratified c.1975 — exact ATS ref not pulled this session",FACT,High,CONFIRMED,,International obligations and cooperation,Australian Space Agency,2026-07-21,https://www.space.gov.au/international-obligations-and-cooperation,2
VEH-MULTILATERAL-45,Multilateral,multilateral,"Convention on Registration of Objects Launched into Outer Space (Registration Convention, 1975) — Australia party",Treaty,1975,In force,Direct,Ministerial,UN treaty obliging Australia to maintain a national registry and register space objects with the UN Secretary-General; Australia is a party per the Australian Space Agency,AU accession c.1986 — exact date not re-verified this session,FACT,High,CONFIRMED,,International obligations and cooperation,Australian Space Agency,2026-07-21,https://www.space.gov.au/international-obligations-and-cooperation,2
VEH-MULTILATERAL-46,Multilateral,multilateral,"Agreement Governing the Activities of States on the Moon and Other Celestial Bodies (Moon Agreement, 1979) — Australia party",Treaty,1979,In force,Direct,Ministerial,"Australia is one of the very few states party to the Moon Agreement (ratified 1986) — legally notable because Australia is simultaneously an Artemis Accords signatory, a combination almost unique globally",Analytically significant: Australia's dual Moon Agreement/Artemis status shapes its lunar-resources legal position; register lists Artemis but not this,FACT,High,CONFIRMED,,International obligations and cooperation,Australian Space Agency,2026-07-21,https://www.space.gov.au/international-obligations-and-cooperation,2
VEH-MULTILATERAL-39,Multilateral,multilateral,"Convention for the Establishment of a European Organisation for the Development and Construction of Space Vehicle Launchers (ELDO) - Australian membership, Woomera launch site (1962-1975)",Treaty,1962,Lapsed/superseded,Direct,Senior official,"Australia was a member of ELDO (opened for signature 1962, in force Feb 1964), providing Woomera as the Europa launcher launch site; ten test flights 1964-1970; superseded on merger into ESA 1975",Register captures the Germany-Woomera bilateral launch agreements but not the multilateral ELDO Convention itself; exact ATS cite to confirm,FACT,Medium,CONFIRMED,,Commemorating 60 years since the ELDO and ESRO Conventions; Australian space milestones,ESA Archives; Australian Space Agency,2024,https://historicalarchives.esa.int/commemorating-60-years-eldo-and-esro-conventions-0,2
VEH-MULTILATERAL-61,Multilateral,multilateral,"Agreement between Australia and the European Space Agency for a Co-operative Space Vehicle Tracking Program ([1979] ATS 9, superseded by [2012] ATS 29) - ESA New Norcia deep-space station",Agreement,2011,In force,Direct,Senior official,"Treaty basis for ESA Estrack ground stations in Australia; New Norcia (WA) 35m deep-space antennas since 2003, NNO-3 antenna entered operations April 2025, CSIRO-managed",1979 agreement terminated 23 Aug 2012 on entry into force of the current [2012] ATS 29 instrument,FACT,High,CONFIRMED,,Agreement with the European Space Agency for a Co-operative Space Vehicle Tracking Program ([1979] ATS 9; [2012] ATS 29),AustLII / DFAT treaty database; CSIRO,2012,https://www.austlii.edu.au/au/other/dfat/treaties/ATS/1979/9.html,2
VEH-PACIFIC-47,"Australia–Pacific partners: Papua New Guinea, Fiji, Tuvalu, Solomon Islands, Vanuatu, and Pacific Islands Forum regional architecture",pacific,"Nauru-Australia Treaty (signed 9 December 2024, in force 19 September 2025)",Treaty,2024-12,In force,General,Head of government,"Integrated security-economic treaty: mutual-agreement (veto) rights over third-party engagement in Nauru's security, banking and telecommunications sectors; AUD 100m budget + 40m policing/security support; CBA banking guarantee","Third of the Falepili-style security-veto treaties (Tuvalu, Nauru, PNG lineage) - the only one missing from the register | CORRECTION: Status should read: Signed, not yet in force (as of July 2026 under JSCOT review in Australia; submissions to the JSCOT inquiry close 22 July 2026).",FACT,High,CORRECTED,"Status should read: Signed, not yet in force (as of July 2026 under JSCOT review in Australia; submissions to the JSCOT inquiry close 22 July 2026).",Nauru-Australia Treaty (media release and treaty page),DFAT / Prime Minister of Australia,2025-09,https://www.dfat.gov.au/geo/nauru/nauru-australia-treaty,2
VEH-PACIFIC-40,"Australia–Pacific partners: Papua New Guinea, Fiji, Tuvalu, Solomon Islands, Vanuatu, and Pacific Islands Forum regional architecture",pacific,Agreement between Australia and Papua New Guinea regarding the Status of Forces of each State in the Territory of the other State [1977] ATS 6,Agreement,1977-01,In force,Enabling,Senior official,Reciprocal SOFA signed at independence-era Port Moresby (26 January 1977) governing ADF/PNGDF personnel status - the legal substrate of the Defence Cooperation Program and Lombrum arrangements,Check whether Pukpuk Treaty (2025) implementing arrangements amend or supersede it,FACT,High,CONFIRMED,,Agreement between Australia and Papua New Guinea regarding the Status of Forces [1977] ATS 6,AustLII / Australian Treaty Series,1977,https://www.austlii.edu.au/cgi-bin/viewdoc/au/other/dfat/treaties/1977/6.html,2
VEH-MULTILATERAL-38,Multilateral,multilateral,South-East Asia Collective Defence Treaty (Manila Pact) [1955] ATS 3,Treaty,1954-09,In force,General,Ministerial,"Collective defence treaty (Australia, France, NZ, Pakistan*, Philippines, Thailand, UK, US); SEATO dissolved 1977 but the treaty itself remains in force indefinitely under Article X",One of only three collective-defence treaties Australia is party to (with ANZUS and now Pukpuk) - a genuine register omission even if dormant,FACT,Medium,CONFIRMED,,Protocol to the South East Asia Collective Defence Treaty (DFAT treaty database); Manila Pact history,DFAT treaty database (info.dfat.gov.au),1955,https://www.info.dfat.gov.au/Info/Treaties/treaties.nsf/3328431b218f8d59ca256ae1000029b8/976dbd31af68c0dcca256b830008b374,2
VEH-US-42,United States of America,us,"Agreement relating to the Establishment of a United States Naval Communication Station in Australia [North West Cape] [1963] ATS 16, with 1974/1982/1992 amendments",Treaty,1963-05-09 (amendments: [1975] ATS 2 joint-facility conversion; [1982] ATS 29; [1992] ATS 21),Lapsed/superseded,Enabling,Ministerial,Original 25-year treaty establishing the VLF submarine-communications station at North West Cape - the first peacetime US defence facility in Australia; the 1974 Whitlam renegotiation made it a joint facility. Superseded by the 2008 HEH Treaty (register #235).,"Register holds only the 2008 renewal treaty. The site now hosts the C-band radar and SST (register #225, #244), making the basing lineage the foundation those space-surveillance MoUs ride on.",FACT,High,CONFIRMED,,Agreement relating to the Establishment of a United States Naval Communication Station in Australia [North West Cape - Exmouth WA] [1963] ATS 16; NCS Harold E. Holt facility study,AustLII/DFAT Australian Treaty Series; Nautilus Institute,1963-05-09,https://www.austlii.edu.au/cgi-bin/viewdoc/au/other/dfat/treaties/1963/16.html ; https://nautilus.org/publications/books/australian-forces-abroad/defence-facilities/naval-communication-station-harold-e-holt-north-west-cape/,2
VEH-US-66,United States of America,us,Exchange of Notes constituting an Agreement between Australia and the United States on the Learmonth Solar Observatory (WA),Agreement,,In force,Direct,Senior official,Joint US Air Force - Bureau of Meteorology solar observatory at Learmonth WA; part of the USAF Solar Observing Optical Network monitoring solar activity threatening satellites and communications,Existence of the exchange of notes confirmed via DFAT database and US TIAS record; exact ATS citation and date (c. 1979-81) to verify,FACT,Medium,,,Learmonth Observatory - Overview (jointly operated BoM/USAF); DFAT treaty database entry,Bureau of Meteorology Space Weather Services; DFAT treaty database,2026,https://www.sws.bom.gov.au/Solar/3/1,2
VEH-US-49,United States of America,us,Australia-US scientific balloon flight agreements lineage ([1984] ATS 32; [1985] ATS 23; [1992] ATS 26; successor Scientific Balloon Treaty before JSCOT c.2024),Agreement,1984,In force,Direct,Senior official,"Treaty basis for NASA long-duration scientific balloon launches from the Australian Balloon Launch Station, Alice Springs",A new treaty-level balloon instrument was reviewed by JSCOT alongside the Tuvalu Falepili package (c.2024) - confirm its entry into force and whether it supersedes [1992] ATS 26,FACT,Medium,CONFIRMED,,Australian Treaties List - Atmosphere & Outer Space; JSCOT report chapter 'Scientific Balloon Treaty',AustLII / Australian Treaty Series; Parliament of Australia (JSCOT),2024,https://www7.austlii.edu.au/au/other/dfat/subjects/Atmosphere___Outer_Space.html,2
VEH-MULTILATERAL-41,Multilateral,multilateral,"Tripartite Agreement on Re-entry Experiments in Australia (Project SPARTA), US-UK-Australia, 30 March 1966",Agreement,1966-03,Lapsed/superseded,Direct,Senior official,"US-UK-Australia agreement for Redstone-boosted re-entry physics launches from Woomera 1966-67; the donated spare vehicle launched WRESAT, Australia's first satellite (Nov 1967)","Agreement date documented in secondary literature; locate the ATS/exchange-of-notes citation (likely ATS 1966) to upgrade to FACT | CORRECTION: Status should read: Signed, not yet in force (as of July 2026 under JSCOT review in Australia; submissions to the JSCOT inquiry close 22 July 2026).",TO_VERIFY,Medium,CORRECTED,"Status should read: Signed, not yet in force (as of July 2026 under JSCOT review in Australia; submissions to the JSCOT inquiry close 22 July 2026).",A Historical Perspective on WRESAT (AJTDE); Sparta rocket program histories,Telsoc / Australian Journal of Telecommunications and the Digital Economy,2018,https://telsoc.org/journal/ajtde-v6-n1/a144,2
VEH-US-43,United States of America,us,Exchange of Notes regarding the Management and Operation of the Joint Geological and Geophysical Research Station at Alice Springs [1978] ATS 3 (amended [1984] ATS 9),Agreement,1978-02,In force,General,Senior official,"USAF (AFTAC)-Australia joint seismic station at Alice Springs for detecting underground nuclear explosions (site operating since 1955, formalised 1978); one of the four 'joint facilities'",Register captured Pine Gap and Nurrungar but not the third Alice Springs joint facility,FACT,High,CONFIRMED,,Exchange of Notes regarding the Joint Geological and Geophysical Research Station at Alice Springs [1978] ATS 3,AustLII / Australian Treaty Series,1978,http://www6.austlii.edu.au/cgi-bin/viewdoc/au/other/dfat/treaties//1978/3.html,2
VEH-US-41,United States of America,us,"Radford-Collins Agreement (RAN-USN naval coordination for control and protection of shipping, 1951)",Arrangement,1951,In force,General,Military,Navy-to-navy arrangement delimiting Australian/US areas of maritime surveillance responsibility and wartime naval control of shipping across the Pacific and eastern Indian Oceans; periodically updated and still current,Contemporary of ANZUS; the oldest continuously operating AU-US military-to-military arrangement,FACT,Medium,,,The History of the Radford-Collins Agreement,Sea Power Centre - Australia (Royal Australian Navy),2024,https://www.navy.gov.au/history/feature-histories/history-radford-collins-agreement,2
VEH-PACIFIC-44,"Australia–Pacific partners: Papua New Guinea, Fiji, Tuvalu, Solomon Islands, Vanuatu, and Pacific Islands Forum regional architecture",pacific,Australia-Timor-Leste Defence Cooperation Agreement (Agreement on Cooperation in the Field of Defence and the Status of Visiting Forces),Agreement,2022-09-07,In force,Enabling,Ministerial,"Reciprocal status-of-forces agreement covering protections, privileges and responsibilities of each country's military personnel in the other's territory; underpins exercises, training, maritime cooperation and HADR. Implemented in Australian law 2024 (Defence (Visiting Forces) Amendment Regulations F2024L00456).",Register contains no Timor-Leste entries at all; Timor-Leste is now a PIF member (admitted 2025).,FACT,High,CONFIRMED,,Australia and Timor-Leste Update Defence Ties / JSCOT Report 210,Prime Minister of Australia / Parliament of Australia,2022-09-07,https://www.pm.gov.au/media/australia-and-timor-leste-update-defence-ties; https://www.aph.gov.au/Parliamentary_Business/Committees/Joint/Treaties/SOFATimor-Leste/Report_210/Chapter_2_-_AustraliaTimor-Leste_defence_cooperation,2
VEH-UK-30,United Kingdom,uk,"Anglo-Australian Joint Project (Long Range Weapons Establishment, Woomera) 1946-1980",Other,1946,Lapsed/superseded,Direct,Senior official,"Founding UK-Australia intergovernmental program that built and ran the Woomera rocket range: Blue Streak, Black Knight, Black Arrow/Prospero orbital launch (1971) and the missile programs; Australia provided range and funding, UK the weapons",Constituted by 1946 intergovernmental memoranda rather than a single ATS treaty - the register's Woomera lineage entry covers only the German launch agreements,FACT,Medium,,,History of the Woomera Prohibited Area; Anglo-Australian Joint Project,Australian Department of Defence,2024,https://www.defence.gov.au/bases-locations/sa/woomera/about,2
VEH-MULTILATERAL-50,Multilateral,multilateral,International COSPAS-SARSAT Programme — Australian association as Ground Segment Provider,Agreement,1991,In force,Direct,Senior official,"Australia formally associated with the satellite search-and-rescue programme by Letter of Notification [1991] ATS 25; AMSA operates LEOSAR/MEOSAR local user terminals (Bundaberg, Albany, Mingenew) and the JRCC, in cooperation with New Zealand",A treaty-level space instrument in the Australian Treaty Series that no partner sweep produced — genuinely operational satellite cooperation since 1991,FACT,High,CONFIRMED,,Letter of Notification of Association with the International COSPAS-SARSAT Programme as a Ground Segment Provider [1991] ATS 25,AustLII / AMSA,2026-07-21,https://www.austlii.edu.au/cgi-bin/viewdoc/au/other/dfat/treaties/ATS/1991/25.html,2
VEH-JAPAN-42,Japan,japan,Bureau of Meteorology - Japan Meteorological Agency Strategic Relationship Arrangement,Arrangement,2024-11-11,In force,Direct,Senior official,"Satellite meteorology cooperation continuing a 1977-origin partnership: Australian participation opportunity in the Himawari-10 program (successor to Himawari-9, due 2029) and JMA provision of rapid-scan imagery of high-impact weather every 2.5 minutes anywhere in the Australian region.","The KNOWN missing item, now confirmed: signed in Tokyo 11 Nov 2024. Australia's primary geostationary weather-satellite coverage rides on this JMA relationship; national-security relevance stated in the release.",FACT,High,CONFIRMED,,New Australia-Japan Strategic Arrangement in Satellite Meteorology (BoM media release reprint),Bureau of Meteorology (via The National Tribune / Mirage News reprints),2024-11,https://www.nationaltribune.com.au/new-australia-japan-strategic-arrangement-in-satellite-meteorology-to-deliver-enhanced-services-for-australian-governments-industries-and-community/,2
VEH-US-62,United States of America,us,U.S.-Australia Landsat Next Partnership - Geoscience Australia-USGS Memorandum of Understanding,MoU,2024-08-05,In force,Direct,Mixed,"Formalizes Australia as a partner in the Landsat Next Earth-observation mission: AUD 207.4m over four years for upgraded Alice Springs ground-station facilities plus advanced data processing/analytics; MoU signed at AUSMIN 2024 alongside a Wong-Blinken communique, operationalizing the partnership arrangement signed 21 March 2024.","Two-layer instrument: 21 Mar 2024 partnership arrangement, then 5 Aug 2024 MoU signed by Alison Rose (GA Space Division) and Darcee Killpack (USGS) with ministerial communique on top. Register both layers or record the MoU with the arrangement in notes.",FACT,High,CONFIRMED,,USGS and Australia formally partner for upcoming Landsat Next satellite mission,U.S. Geological Survey,2024-08,https://www.usgs.gov/news/featured-story/usgs-and-australia-formally-partner-upcoming-landsat-next-satellite-mission,2
VEH-US-60,United States of America,us,NASA - Australian Space Agency Joint Statement of Intent on Moon to Mars cooperation,Statement/Declaration,2019-09-21,In force,Direct,Senior official,"Australia's commitment to join NASA's Moon to Mars exploration approach including Artemis, backed by an AUD 150m five-year Moon to Mars initiative; foreshadows Australian contributions in robotics, automation and remote asset management.","Signed at NASA HQ by NASA Deputy Administrator Morhard and ASA Head Megan Clark, witnessed by PM Morrison and Commerce Secretary Ross. The parent instrument for the Trailblazer program; register has ASA-US SSA SoI but no NASA-ASA instruments.",FACT,High,CONFIRMED,,Australian Government Commits to Join NASA in Lunar Exploration and Beyond,NASA,2019-09,https://www.nasa.gov/news-release/australian-government-commits-to-join-nasa-in-lunar-exploration-and-beyond/,2
VEH-US-61,United States of America,us,NASA - Australian Space Agency lunar rover agreement (Trailblazer program Space Act Agreement),Agreement,2021-10-12,In force,Direct,Senior official,"Australian-built semi-autonomous rover ('Roo-ver', named 2023) to collect lunar regolith and transfer it to a NASA in-situ resource utilization system on a commercial lunar lander under Artemis; ASA's flagship AUD 50m Trailblazer program deliverable, now in build phase.",ASA characterizes the instrument as a NASA Space Act Agreement (ASA news page title 'the Trailblazer program and NASA space act agreement'; space.gov.au was unreachable this session for the full text). Distinct from the 2019 Joint SoI it implements.,FACT,High,CONFIRMED,,"NASA, Australia Sign Agreement to Add Rover to Future Moon Mission",NASA,2021-10,https://www.nasa.gov/missions/artemis/nasa-australia-sign-agreement-to-add-rover-to-future-moon-mission/,2
VEH-US-67,United States of America,us,CSIRO - NASA operating arrangement for the Canberra Deep Space Communication Complex,Arrangement,,In force,Direct,Working,CSIRO manages and operates CDSCC (one of three NASA Deep Space Network stations worldwide) on behalf of the Australian Government as the Australian cooperating agency under the bilateral space-tracking treaty framework.,The operating relationship is confirmed on CSIRO's site (accessed this session) but the implementing instrument's exact title and date are not published there — likely an agency-to-agency implementing arrangement under the 2017 treaty designating CSIRO as cooperating agency. Verify via CSIRO annual report or DISR.,TO_VERIFY,Medium,CONFIRMED,,NASA and CSIRO: partners in space,CSIRO,2026-07,https://www.csiro.au/en/about/facilities-collections/international-facilities/CDSCC/NASA-CSIRO-relationship,2
VEH-US-45,United States of America,us,"Australia-US Landsat ground-segment cooperation lineage (Alice Springs ground station, GA/ACRES-USGS MoUs since 1979)",MoU,1979,In force,Direct,Working,"Successive Geoscience Australia (formerly ACRES)-USGS arrangements under which the Alice Springs ground station has downlinked, processed and distributed Landsat data since 1979; GA confirms 'essential ground station support for the current Landsat satellites' continues today and rolls into Landsat Next.",GA page (accessed this session) confirms the ongoing ground-segment role and ~50-year lineage but not the title/date of the current MoU in the chain; USGS's international ground station network agreements are the verification path. Distinct from the 2024 Landsat Next MoU.,TO_VERIFY,Medium,CONFIRMED,,U.S.-Australia Landsat Next partnership (notes half-century of Landsat collaboration and current Alice Springs role),Geoscience Australia,2026-07,https://www.ga.gov.au/scientific-topics/space/us-australia-landsat-next-partnership,2
VEH-MULTILATERAL-66,Multilateral,multilateral,SouthPAN partnership - Geoscience Australia and Toitu Te Whenua Land Information New Zealand collaboration under ANZSRICA,Arrangement,2020-02,In force,Direct,Working,"Joint Australia-NZ delivery of the Southern Positioning Augmentation Network (SBAS giving ~10 cm positioning across both countries): GA-LINZ collaboration under the Australia New Zealand Science, Research and Innovation Cooperation Agreement; early services live since Sept 2022 via a 19-year AUD 1.18bn Lockheed Martin Australia contract, expanded with a AUD 252m Viasat award in Aug 2025.",Recorded under multilateral per AU-NZ rule. 'Signed' reflects the Feb 2020 joint funding commitment; the GA-LINZ instrument sits under the ANZSRICA treaty (itself absent from the register — see open questions). LINZ page accessed this session.,FACT,High,CONFIRMED,,About the SouthPAN partnership,Toitu Te Whenua Land Information New Zealand,2026-07,https://www.linz.govt.nz/products-services/geodetic/southpan/about-southpan-partnership,2
VEH-MULTILATERAL-64,Multilateral,multilateral,"ACFJ Consortium - ICAO Global Space Weather Centre (Bureau of Meteorology with NRCan, French SPECTRA consortium and NICT Japan)",Arrangement,2018-11,In force,Direct,Working,"Four-nation consortium (Australia BoM, Canada NRCan, France Meteo-France/CLS/ESSP 'SPECTRA', Japan NICT) designated by ICAO as one of four global Space Weather Centres; BoM issues space-weather advisories to global aviation on a two-week rotation, operational since 7 Nov 2019.",Answers the 'BoM space-weather arrangements' angle item: this is BoM's principal international space-weather vehicle. 'Signed' = ICAO Council designation (Nov 2018); underlying consortium arrangement among the four agencies is the instrument to cite in full.,FACT,High,CONFIRMED,,"Space Weather Advisory Service for Aviation (APAC MET seminar presentation, Australia)",ICAO,2023-05,https://www.icao.int/sites/default/files/APAC/Meetings/2023/2023%20MET%20R%20WG%2012/5-Presentations/SP09_T.3_AUS_SPACE-WEATHER-ADVISORY-SERVICE-FOR-AVIATION.pdf,2
VEH-JAPAN-41,Japan,japan,"Memorandum of Cooperation between METI (Japan) and the Department of Industry, Innovation and Science on satellite positioning technology / QZSS cooperation",MoU,2017,TO_VERIFY,Direct,Working,"Industry-ministry-level MoC providing the framework for Japan-Australia QZSS cooperation — basis for the METI-Geoscience Australia QZSS industrial utilization workshops (Feb 2018) and the Australia-Japan QZSS Emergency Warning Service trial (2020, with Japan's National Space Policy Secretariat).",CORRECTION/SPECIFICATION of existing register entry #84 'QZSS cooperation and ground-segment hosting arrangements in Australia (TO_VERIFY)': this MoC is the concrete instrument behind that placeholder. Verify signing date (likely Jan 2017) and whether it remains current under DISR; QZSS monitoring/ground-segment hosting arrangements with Japan's Cabinet Office remain a separate lead.,TO_VERIFY,Medium,UNVERIFIED,,QZSS Workshop Sydney (cites the METI-DIIS Memorandum of Co-operation),JETRO,2018-02,https://www.jetro.go.jp/australia/events/Pastevent/QZSSWorkshopSydney.html,2
VEH-MULTILATERAL-79,Multilateral,multilateral,Australia-European Union Security and Defence Partnership,Statement/Declaration,2026-03-18,In force,Enabling,Ministerial,"Non-binding bloc-level partnership covering defence industry, cyber, economic security, counter-terrorism, hybrid threats, increased information sharing, and establishment of a new space security dialogue; signed virtually by HR/VP Kallas with DPM Marles and FM Wong on 18 Mar 2026, announced with President von der Leyen 24 Mar 2026.",Corroborated by EEAS (https://www.eeas.europa.eu/eeas/european-union-and-australia-sign-security-and-defence-partnership_en) and DFAT page. Register has no EU entries at all.,FACT,High,CONFIRMED,,Australia-European Union Security and Defence Partnership,Australian Department of Defence (Ministers) / EEAS,2026-03-24,https://www.minister.defence.gov.au/media-releases/2026-03-24/australia-european-union-security-defence-partnership,2
VEH-MULTILATERAL-77,Multilateral,multilateral,Australia-EU Space Security Dialogue (established under the Security and Defence Partnership),Dialogue,2026-03,TO_VERIFY,Direct,Senior official,"New dedicated space security dialogue committed to in the March 2026 Australia-EU Security and Defence Partnership; convening cadence, lead agencies and first session not yet confirmed.",Establishment commitment is documented in official releases; whether it has convened by Jul 2026 is unverified.,FACT,Medium,CONFIRMED,,Australia-European Union Security and Defence Partnership (media release),Australian Minister for Foreign Affairs,2026-03-24,https://www.foreignminister.gov.au/minister/penny-wong/media-release/australia-european-union-security-and-defence-partnership,2
VEH-US-65,United States of America,us,U.S.-Australia Framework for Securing the Supply of Critical Minerals and Rare Earths,Agreement,2025-10-20,In force,General,Head of government,"Leader-signed framework (Trump-Albanese, White House): coordinated financing, streamlined permitting and pricing measures for defence-relevant critical minerals/rare earths; USD 1bn+ investment each toward an USD 8.5bn project pipeline within six months; AUSMIN 2025 directed swift implementation.",Register captured the Guided Weapons SoI from the same visit but not this framework. Non-binding executive framework.,FACT,High,CONFIRMED,,Historic critical minerals framework signed by President Trump and Prime Minister Albanese,Prime Minister of Australia,2025-10-20,https://www.pm.gov.au/media/historic-critical-minerals-framework-signed-president-trump-and-prime-minister-albanese,2
VEH-MULTILATERAL-74,Multilateral,multilateral,Quad Critical Minerals Initiative,Other,2025-07-01,In force,General,Ministerial,"Quad initiative launched at the 10th Foreign Ministers' Meeting (Washington DC) to secure and diversify critical mineral supply chains, incl. e-waste recovery/reprocessing and private-sector mobilisation.",Register's Quad entries cover only leaders'/FM meetings and the space working group.,FACT,High,CONFIRMED,,2025 Quad Foreign Ministers' Meeting,US Department of State,2025-07-01,https://www.state.gov/releases/office-of-the-spokesperson/2025/07/2025-quad-foreign-ministers-meeting,2
VEH-MULTILATERAL-80,Multilateral,multilateral,Quad Critical Minerals Initiative Framework (US-Japan-Australia-India),Arrangement,2026-05,In force,General,Ministerial,"Framework document concluded around the May 2026 Quad FMM operationalising the Critical Minerals Initiative; partners intend to mobilise up to USD 20bn in government and private support across mining, processing and recycling.",Materially distinct instrument from the Jul 2025 initiative launch; exact signature date/modality to confirm.,FACT,Medium,CONFIRMED,,"Quad Critical Minerals Initiative Framework Among the United States, Japan, Australia, and India",US Department of State,2026-05,https://www.state.gov/releases/office-of-the-spokesperson/2026/05/quad-critical-minerals-initiative-framework-among-the-united-states-japan-australia-and-india,2
VEH-MULTILATERAL-81,Multilateral,multilateral,Indo-Pacific Maritime Surveillance Collaboration (IPMSC),Other,2026-05-26,In force,Enabling,Ministerial,"First-ever Quad initiative (11th FMM, New Delhi) leveraging Quad-country maritime surveillance for shared maritime domain awareness, initially Indian Ocean-focused, with SME exchanges, tabletop exercises and development of a Common Operating Picture.",Complements registered IPMDA; satellite-enabled MDA and information sharing. Also in DFAT factsheet (foreignminister.gov.au).,FACT,High,CONFIRMED,,2026 Quad Foreign Ministers' Meeting in New Delhi,US Department of State,2026-05-26,https://www.state.gov/releases/office-of-the-spokesperson/2026/05/2026-quad-foreign-ministers-meeting/,2
VEH-PACIFIC-48,"Australia–Pacific partners: Papua New Guinea, Fiji, Tuvalu, Solomon Islands, Vanuatu, and Pacific Islands Forum regional architecture",pacific,Nauru-Australia Treaty,Treaty,2024-12-09,In force,Enabling,Head of government,"Binding treaty: Australia guarantees banking access and provides ~$100m budget + $40m security support; Nauru must mutually agree any third-party engagement in its security, banking and telecom sectors and consult on other critical infrastructure; Australia confirmed as primary security partner. Entered into force 19 September 2025.",Veto/consultation clause over telecom and critical infrastructure would capture any future space ground-segment placement in Nauru — hence Enabling.,FACT,High,CONFIRMED,,Nauru-Australia Treaty (media release) / JSCOT Report chapter,Australian Minister for Foreign Affairs / Parliament of Australia,2024-12-09,https://www.foreignminister.gov.au/minister/penny-wong/media-release/nauru-australia-treaty; https://www.aph.gov.au/Parliamentary_Business/Committees/Joint/Treaties/Nauru-AusTreaty/Report/Chapter_2_-_Nauru_-_Australia_Treaty,2
VEH-MULTILATERAL-70,Multilateral,multilateral,ANZMIN - Australia-New Zealand Foreign and Defence Ministerial Consultations (2+2),Dialogue,2024-02,In force,General,Ministerial,Standing trans-Tasman 2+2 of foreign and defence ministers; described as the primary vehicle for managing the Australia-NZ alliance; third ANZMIN held Canberra 17 Mar 2026.,First ANZMIN was 2024 (date to confirm). Register has zero AU-NZ bilateral machinery.,FACT,High,CONFIRMED,,Joint Statement on Australia-New Zealand Foreign and Defence Ministerial Consultations (ANZMIN),Australian Minister for Foreign Affairs,2026-03-17,https://www.foreignminister.gov.au/minister/penny-wong/media-release/joint-statement-australia-new-zealand-foreign-and-defence-ministerial-consultations-anzmin,2
VEH-MULTILATERAL-78,Multilateral,multilateral,Anzac 2035: Operationalising the Alliance - updated Australia-New Zealand Joint Statement on Closer Defence Relations (CDR),Statement/Declaration,2026-03-17,In force,General,Ministerial,Defence Ministers' ten-year vision signed at ANZMIN 2026 committing to a modernised alliance and an increasingly integrated 'Anzac' force; updates the prior CDR statement.,Single document combining the Anzac 2035 vision and the updated CDR joint statement.,FACT,High,CONFIRMED,,Operationalising the Australia-New Zealand Alliance: Anzac 2035 - Closer Defence Relations Statement,Australian Department of Defence (Ministers),2026-03-17,https://www.minister.defence.gov.au/statements/2026-03-17/operationalising-australia-new-zealand-alliance-anzac-2035-closer-defence-relations-statement,2
VEH-MULTILATERAL-83,Multilateral,multilateral,Plan ANZAC (Australia-New Zealand army-to-army agreement),Arrangement,2026-07-10,In force,General,Military,"Bilateral agreement between the Australian and New Zealand Armies (signed by LTGEN Susan Coyle and MAJGEN Rose King) aligning capability, training and readiness so the two armies can train, deploy and operate together.",Service-level implementing instrument under the Anzac 2035/CDR framework; announced ~8 days before the original sweep.,FACT,High,CONFIRMED,,Australian and New Zealand Armies reaffirm enduring relationship,Australian Department of Defence,2026-07-10,https://www.defence.gov.au/news-events/releases/2026-07-10/australian-new-zealand-armies-reaffirm-enduring-relationship,2
VEH-JAPAN-43,Japan,japan,"Joint Statement, Australia-Japan Defence Ministers' Meeting (18 April 2026)",Statement/Declaration,2026-04-18,In force,General,Ministerial,Defence Ministers' meeting joint statement accompanying the Mogami-class frigate selection and progressing FSDC implementation and materiel cooperation.,Register includes the equivalent Germany DMM joint statement (Mar 2026) as a vehicle but not this one; content overlaps with the registered 'Mogami Memorandum' (2026-04). See also MOD Japan summary (mod.go.jp).,FACT,Medium,CONFIRMED,,"Joint Statement, Australia-Japan Defence Ministers' Meeting",Australian Department of Defence (Ministers),2026-04-18,https://www.minister.defence.gov.au/statements/2026-04-18/joint-statement-australia-japan-defence-ministers-meeting,2
VEH-JAPAN-44,Japan,japan,Australia-Japan Working Group on Economic Security and Comprehensive Supply Chain Cooperation,WorkingGroup,2026-05-19,In force,General,Ministerial,"Working group established at the sixth Japan-Australia Ministerial Economic Dialogue (Tokyo, 19 May 2026) on economic security and supply chain cooperation.",Exact name and defence-register relevance to confirm; analogous to the registered Japan-Australia Economic Security Dialogue.,TO_VERIFY,Medium,,,Japan-Australia Ministerial Economic Dialogue Joint Ministerial Statement,Australian Minister for Trade and Tourism,2026-05-19,https://www.trademinister.gov.au/minister/don-farrell/statements/japan-australia-ministerial-economic-dialogue-joint-ministerial-statement,2
VEH-MULTILATERAL-75,Multilateral,multilateral,Australia-Japan-US trilateral composite aerospace materials project (first project under the Trilateral RDT&E Arrangement),Arrangement,2025-09,TO_VERIFY,Enabling,Working,"Inaugural trilateral project on composite aerospace materials announced at the 12th Japan-Australia 2+2 (5 Sep 2025), intended to be finalised and commenced by mid-2026.",Project-level instrument under the registered Trilateral RDT&E Arrangement; confirm whether the project arrangement was signed by mid-2026 as intended.,TO_VERIFY,Medium,,,Joint Statement on the Twelfth Japan-Australia 2+2 Foreign and Defence Ministerial Consultations,Australian Department of Defence (Ministers),2025-09-06,https://www.minister.defence.gov.au/statements/2025-09-06/joint-statement-twelfth-japan-australia-22-foreign-defence-ministerial-consultations,2
VEH-MULTILATERAL-82,Multilateral,multilateral,"Joint Statement, AUKUS Defence Ministers' Meeting (30 May 2026)",Statement/Declaration,2026-05-30,In force,General,Ministerial,"AUKUS Defence Ministers' joint statement announcing a revised Virginia-class transfer plan (third boat now an in-service Block IV) and launching the first Pillar II Signature Project (UUV payloads and enabling systems, delivery from 2027).",UUV signature project is already inside the register's Pillar II entry; the statement itself (and the revised optimal-pathway decision it records) is not. Corroborated by Breaking Defense and Naval News (May 2026).,FACT,Medium,CONFIRMED,,"Joint Statement, AUKUS Defence Ministers' Meeting",Australian Department of Defence (Ministers),2026-05-30,https://www.minister.defence.gov.au/statements/2026-05-30/joint-statement-aukus-defence-ministers-meeting,2
VEH-INDIA-33,India,india,India-Australia Critical Minerals Corridor,Other,2026-07-09,In force,General,Head of government,"Dedicated critical minerals corridor launched at the 3rd Annual Leaders' Summit (Melbourne, Jul 2026) covering lithium, cobalt, nickel and rare earths supply chains.",Verify official instrument name and whether it sits under the 2022 Critical Minerals Investment Partnership; defence relevance is indirect (dual-use supply chains) but parallels registered UK/US critical-minerals items.,TO_VERIFY,Medium,CONFIRMED,,India-Australia Deal 2026: Complete List of Agreements Signed by PM Modi and Anthony Albanese,Indian Masterminds (secondary; official MEA/DFAT outcome list to confirm),2026-07,https://indianmasterminds.com/news/india-australia-deal-2026-modi-albanese-critical-minerals-defence-215942/,2
VEH-MULTILATERAL-63,Multilateral,multilateral,Five Eyes Air Force Interoperability Council (AFIC) - correction: ASIC renamed AFIC in 2017,Forum,2017,In force,Enabling,Military,"AU/CA/NZ/UK/US air force interoperability and standardization body; lineage Air Standardization Coordinating Committee 1948, renamed Air and Space Interoperability Council 2005, refocused and renamed AFIC 2017","CORRECTS existing entries #99 (multilateral, TO_VERIFY), #193 (uk) and #221 (us): the rename to AFIC is confirmed - 2016 Air Chiefs review, 2017 rename to Five Eyes Air Force Interoperability Council. Space standardization work largely migrated to CSpO and related fora after 2017.",FACT,High,CONFIRMED,,"Five nations work on pooling resources (Defence news, 5 Jun 2024); Five Eyes Air Force Interoperability Council (Wikipedia)",Australian Department of Defence,2024-06-05,https://www.defence.gov.au/news-events/news/2024-06-05/five-nations-work-pooling-resources,2
VEH-MULTILATERAL-84,Multilateral,multilateral,Allied System for Geospatial Intelligence (ASG),Arrangement,,In force,Enabling,Senior official,"Five Eyes GEOINT-sharing governance framework modeled on the US NSG; members are NGA, Australian Geospatial-Intelligence Organisation, and CA/NZ/UK counterparts; US permanent chair, rotating co-chairs",The principal multilateral vehicle for AGO-NGA geospatial-intelligence sharing; satellite-imagery-derived intelligence rides on it. No distinct publicly-named AGO-NGA bilateral basic exchange agreement was found.,FACT,High,CONFIRMED,,International - National Geospatial-Intelligence Agency (accessed this session; lists AGO as ASG member),US National Geospatial-Intelligence Agency,2026-07-21,https://www.nga.mil/work-with-us/International.html,2
VEH-MULTILATERAL-85,Multilateral,multilateral,Multinational Geospatial Co-production Program (MGCP),Arrangement,,In force,Enabling,Working,"32-nation co-production of 1:50,000/1:100,000 vector geospatial data via the NGA-maintained International Geospatial Warehouse; Australia is one of the program's Lead Nations (AGO contribution)","Australia listed among MGCP Lead Nations (with US, UK, CA, DE, FR et al.). Underlying MoU details and Australia's current production commitments need verification.",FACT,Medium,CONFIRMED,,AGO: GEOINT Support to Government and Defence (defence.gov.au); International Geospatial Warehouse portal; 32 Nations Sharing Satellite Imagery as Part of MGCP Network (SpaceNews),Australian Department of Defence (AGO) / NGA,,https://www.defence.gov.au/ago/geoint-defence.htm,2
VEH-MULTILATERAL-86,Multilateral,multilateral,Five Eyes Intelligence Oversight and Review Council (FIORC),Forum,,In force,General,Senior official,"Council of the non-political intelligence oversight/review bodies of the Five Eyes; Australia represented by the Inspector-General of Intelligence and Security (IGIS); charter-based, meets at least annually","Established c. 2016; updated charter published 2025. Oversight layer of the Five Eyes intelligence architecture - publicly acknowledged, no speculation required.",FACT,High,CONFIRMED,,Five Eyes Intelligence Oversight and Review Council (FIORC) - IGIS; FIORC Charter 2025 (dni.gov),Office of the Inspector-General of Intelligence and Security (Australia) / ODNI,,https://www.igis.gov.au/about/cooperation/fiorc,2
VEH-MULTILATERAL-87,Multilateral,multilateral,Combined Federated Battle Laboratories Network (CFBLNet),Arrangement,,In force,Enabling,Working,"Coalition C4ISR research, development, trials and assessment network federating the CCEB nations (incl. Australia), NATO and the US Joint Staff; ~268 cross-certified sites in 14 nations; used for Five Eyes experimentation (e.g. ShOC-N Capstone events)",Established 1999-2001; governed under CCEB publications with each nation funding its own segment. Australia's participation flows from CCEB membership (register #104).,FACT,Medium,CONFIRMED,,CFBLNet trifold (DISA); Enabling interoperability - a short overview of CFBLNet (NATO NCIA),US Defense Information Systems Agency / NATO NCIA,,https://www.disa.mil/~/media/Files/DISA/CFBLNet/trifold.pdf,2
VEH-US-53,United States of America,us,"Australia-US Agreement concerning Defense Research and Development (DoD-DoD umbrella; TIAS 06-726, amended 2007 TIAS 07-828) - Master Information Exchange Agreement / DDEP lineage",Agreement,2006-07,In force,Enabling,Senior official,"Umbrella agreement between the US DoD and Australian DoD for cooperative defence research and development, under which RDT&E project arrangements and information exchange annexes are concluded (DSTG's principal US bilateral S&T framework)","Existence confirmed via State Dept TIAS listings, but both PDFs were unreadable this session, so exact title, scope and lineage (successor to the Master Information Exchange Agreement / Defense Development Exchange Program arrangements) need verification against the DFAT Australian Treaties Database. Australian registry title reportedly concerns cooperative and collaborative research, development and engineering. | CORRECTION: TIAS 06-726 is not an umbrella defense R&D agreement or Master Information Exchange Agreement: its title page reads 'Memorandum of Understanding between the Department o",TO_VERIFY,Medium,CORRECTED,"TIAS 06-726 is not an umbrella defense R&D agreement or Master Information Exchange Agreement: its title page reads 'Memorandum of Understanding between the Department of Defense of the United States of America and the Department of Defence of Australia concerning Cooperation on Land Force Capability Modernization' (short title: Land Force Capability Modernization MOU), signed and entered into force at Washington 26 July 2006. TIAS 07-828 is not an amendment to it: it is a separate, parallel MoU 'concerning Air and Space Capability Development', signed Washington/Canberra 17 and 28 August 2007, entered into force 28 August 2007. Both are merely filed under the State Department subject heading 'DEFENSE: Research and Development', which is the likely source of the conflation. If a DoD-DoD umbrella R&D/information-exchange vehicle is intended, it must be identified under a different instrument.","DEFENSE Research and Development, TIAS 06-726 (EIF 26 Jul 2006) and TIAS 07-828 (state.gov PDF listings)",US Department of State (TIAS),,https://2017-2021.state.gov/wp-content/uploads/2019/02/06-726-Australia-Defense.pdf,2
VEH-US-44,United States of America,us,"Joint Geological and Geophysical Research Station (JGGRS), Alice Springs - Australia-US agreement by exchange of notes (1978, amended 1984)",Agreement,1978-02,In force,Enabling,Working,Joint US (USAF/AFTAC Detachment 421) - Australia (Geoscience Australia) seismic monitoring and nuclear detonation detection station operating since 1955; also feeds CTBTO and Australian hazard monitoring,"One of the joint Australia-US facilities alongside Pine Gap and Harold E. Holt (both on register) - part of the same technical-collection ecosystem that includes space-based NUDET sensing. | CORRECTION: TIAS 06-726 is not an umbrella defense R&D agreement or Master Information Exchange Agreement: its title page reads 'Memorandum of Understanding between the Department of Defense of the United States of America and the Department of Defence of Australia concerning Cooperation on Land Force Capability Modernization' (short title: Land Force Capability Modernization MOU), signed and entered into ",FACT,High,CORRECTED,"TIAS 06-726 is not an umbrella defense R&D agreement or Master Information Exchange Agreement: its title page reads 'Memorandum of Understanding between the Department of Defense of the United States of America and the Department of Defence of Australia concerning Cooperation on Land Force Capability Modernization' (short title: Land Force Capability Modernization MOU), signed and entered into force at Washington 26 July 2006. TIAS 07-828 is not an amendment to it: it is a separate, parallel MoU 'concerning Air and Space Capability Development', signed Washington/Canberra 17 and 28 August 2007, entered into force 28 August 2007. Both are merely filed under the State Department subject heading 'DEFENSE: Research and Development', which is the likely source of the conflation. If a DoD-DoD umbrella R&D/information-exchange vehicle is intended, it must be identified under a different instrument.",Joint Geological and Geophysical Research Station (Nautilus Institute briefing book); Hansard 1 Mar 1978; 1978 exchange of notes (HathiTrust TIAS record),Nautilus Institute / Parliament of Australia,,https://nautilus.org/briefing-books/australian-defence-facilities/joint-geological-and-geophysical-research-station/,2
VEH-US-46,United States of America,us,Learmonth Solar Observatory joint operation (USAF 2nd Weather Squadron Det 1 - Bureau of Meteorology Space Weather Services),Arrangement,1979,In force,Direct,Working,"Jointly operated solar/space-weather observatory in WA (Radio Solar Telescope Network node, GONG site); supports USAF space-weather operations and the Australian Space Weather Forecasting Centre",Directly space-relevant (space weather underpins SSA/SDA). Precise underlying instrument (exchange of notes/MoU) not publicly named - worth pinpointing.,FACT,High,CONFIRMED,,SWS - Learmonth Observatory - Overview (Bureau of Meteorology); Learmonth Solar Observatory: Airmen Look Up from Down Under (DVIDS),Australian Bureau of Meteorology / US DoD (DVIDS),,https://www.sws.bom.gov.au/Solar/3/1,2
VEH-US-57,United States of America,us,"USGS/NASA - Geoscience Australia Landsat ground-segment cooperation (Alice Springs ground station; 2015 agreement, cooperation since 1979)",Arrangement,2015,In force,Direct,Working,Geoscience Australia's Alice Springs station downlinks and distributes Landsat data as one of only a few international collaborator ground stations in the Landsat network,Civil earth-observation geospatial cooperation of four decades' standing; current basis is a 2015 agreement with USGS and NASA.,FACT,High,CONFIRMED,,40 years of Landsat in Australia (Geoscience Australia); Celebrating 40 years Landsat Alice Springs ground station (USGS),Geoscience Australia / USGS,,https://www.ga.gov.au/news/40-years-of-landsat-in-australia,2
VEH-US-52,United States of America,us,"Australia-US Agreement concerning the Conduct of Scientific Balloon Flights for Civil Research Purposes (16 Feb 2006, as amended and extended)",Agreement,2006-02,In force,Enabling,Senior official,"Enables NASA scientific balloon campaigns from Australian territory (Alice Springs); extended by subsequent exchanges of notes, most recently reviewed by JSCOT","Supports NASA suborbital/near-space science program; lineage of balloon launching cooperation dates to 1960 (Mildura). | CORRECTION: TIAS 06-726 is not an umbrella defense R&D agreement or Master Information Exchange Agreement: its title page reads 'Memorandum of Understanding between the Department of Defense of the United States of America and the Department of Defence of Australia concerning Cooperation on Land Force Capability Modernization' (short title: Land Force Capability Modernization MOU), signed and entered into force at Washington 26 July 2006. TIAS 07-828 is not an amendment to i",FACT,High,CORRECTED,"TIAS 06-726 is not an umbrella defense R&D agreement or Master Information Exchange Agreement: its title page reads 'Memorandum of Understanding between the Department of Defense of the United States of America and the Department of Defence of Australia concerning Cooperation on Land Force Capability Modernization' (short title: Land Force Capability Modernization MOU), signed and entered into force at Washington 26 July 2006. TIAS 07-828 is not an amendment to it: it is a separate, parallel MoU 'concerning Air and Space Capability Development', signed Washington/Canberra 17 and 28 August 2007, entered into force 28 August 2007. Both are merely filed under the State Department subject heading 'DEFENSE: Research and Development', which is the likely source of the conflation. If a DoD-DoD umbrella R&D/information-exchange vehicle is intended, it must be identified under a different instrument.","Exchange of Notes to extend the Agreement concerning the Conduct of Scientific Balloon Flights for Civil Research Purposes (JSCOT, Parliament of Australia)",Parliament of Australia (JSCOT),,https://www.aph.gov.au/Parliamentary_Business/Committees/Joint/Treaties/AU-USScientificBalloons,2
VEH-UK-32,United Kingdom,uk,DSTG-Dstl Memorandum of Understanding on reciprocal access to defence science facilities (Australia-UK),MoU,,In force,Enabling,Working,"Reciprocal DSTG-Dstl access to research/test facilities and equipment, information sharing on facility capabilities and plans, and senior staff exchanges",Signature date not confirmed this session (release suggests early 2010s); the working-level S&T layer beneath the AU-UK DCA and AUKUS Pillar II entries already on the register.,FACT,Medium,,,Dstl and DSTG | DST (partnership page); Australia and UK to Share Defence Research Facilities (defense-aerospace release),Defence Science and Technology Group,,https://www.dst.defence.gov.au/partnership/dstl-and-dstg,2
VEH-UK-31,United Kingdom,uk,"Copperhead Project Arrangement (DSTG-Dstl guided weapons modular technology, Feb 2025)",Arrangement,2025-02,In force,General,Working,"Bilateral project arrangement combining Australian Sharktooth technology with the UK Modular Weapons Testbed to accelerate low-cost modular guided-weapons subsystems (rocket motors, seekers, fuzes, guidance), supporting GWEO",Distinct from the AU-UK AESA Radar Project Arrangement and the guided-weapons statements already on the register.,FACT,High,,,"Australia, UK partner on guided weapons R&D (Defence news, 22 Aug 2025); EX2 article (fetched this session)",Australian Department of Defence,2025-08-22,https://www.defence.gov.au/news-events/news/2025-08-22/australia-uk-partner-guided-weapons-rd,2
VEH-UK-33,United Kingdom,uk,Australia-UK Memorandum of Understanding on national security and counter-terrorism cooperative science and innovation (DSTG - UK Office for Security and Counter-Terrorism),MoU,,In force,General,Working,Cooperative science and innovation for national security and counter-terrorism between Australian defence science and the UK Home Office OSCT,Date of signature not confirmed this session; completes the DSTG-UK S&T picture alongside the Dstl MoU.,FACT,Medium,,,UK Office for Security and Counter Terrorism | DST (partnership page),Defence Science and Technology Group,,https://www.dst.defence.gov.au/partnership/uk-office-security-and-counter-terrorism,2
VEH-US-59,United States of America,us,Exercise Space Flag (Australian participation in USSF/STARCOM space tactical exercise series),Exercise,2019-08,In force,Direct,Working,"US Space Force tactical space exercise series; coalition partners Australia, Canada and UK first integrated at Space Flag 19-3 (Aug 2019) to train deterring, denying and disrupting adversary actions in the space domain; coalition participation continued under STARCOM.",Corroborated by Space Connect (spaceconnectonline.com.au/industry/3681). Individual RAAF augmentees rather than force elements; distinct from the strategic-level Schriever Wargame and SDA-focused Global Sentinel already in the register.,FACT,High,CONFIRMED,,Space Flag holds first exercise with coalition partners,US Air Force Space Command (afspc.af.mil),2019-08,https://www.afspc.af.mil/News/Article-Display/Article/1943013/space-flag-holds-first-exercise-with-coalition-partners/,2
VEH-MULTILATERAL-72,Multilateral,multilateral,Exercise AsterX / SparteX (French military space exercise - Australian participation),Exercise,2024-03,In force,Direct,Working,French Space Command's annual military space exercise; Australian personnel participated in AsterX 2024 and were fully integrated into the command structure in AsterX 2025 and SparteX 2026 (renamed edition) alongside ~12 partner nations.,AsterX renamed SparteX from the 2026 edition. Australia listed among fully integrated foreign participants in 2025 and 2026 editions.,FACT,High,CONFIRMED,,SparteX 2026: the French space military exercise / AsterX 2025: defending space together,French Ministry of Armed Forces (defense.gouv.fr),2026,https://www.defense.gouv.fr/en/asterx/news/spartex-2026,2
VEH-US-63,United States of America,us,Exercise Resolute Space (USSF large-scale space exercise - Australian participation and command role),Exercise,2025-07,In force,Direct,Military,"Inaugural and largest US Space Force service-wide exercise (July 2025, ~700 Guardians) testing large-scale contested space operations; RAAF Group Captain Darrell May served as Deputy Commander of US Space Forces - Indo-Pacific for the exercise, with allied integration (AU, CA, UK, DE, FR, NZ) via the CSpOC.",Corroborated by Space Connect (spaceconnectonline.com.au/situational-awareness/6641) highlighting the Australian deputy-commander role. Expected to recur as USSF's flagship large-scale exercise.,FACT,High,CONFIRMED,,"RESOLUTE SPACE 25: Large-scale US Space Force exercise tests, validates allied integration",US Space Force (spaceforce.mil),2025-07,https://www.spaceforce.mil/News/Article-Display/Article/4267377/resolute-space-25-large-scale-us-space-force-exercise-tests-validates-allied-by/,2
VEH-MULTILATERAL-67,Multilateral,multilateral,Sprint Advanced Concept Training (SACT) - Australian participation and Pacific Cell lead,Exercise,2020-08,In force,Direct,Working,"Recurring US-led (JTF-Space Defense/USSPACECOM) unclassified commercial space domain awareness experimentation series that incubated the JCO model; Australian firm Saber Astronautics leads the Pacific Cell coordinating participants from four nations, with SDA products disseminated to Australia among allies.","Corroborated by Saber Astronautics PR (saberastro.com/pr/2020-08-26_pacific-sact) and AMOS technical papers. Distinct from, and feeder to, the register's JCO cell entry (line 117); participation runs through commercial/government mix rather than a formal defence instrument.",FACT,Medium,CONFIRMED,,JTF-SD Completes Collaborative SACT,US DoD DVIDS,2021-04,https://www.dvidshub.net/news/393732/jtf-sd-completes-collaborative-sact,2
VEH-MULTILATERAL-69,Multilateral,multilateral,Nimble Titan (multinational integrated air and missile defence campaign of experimentation - Australian participation),Exercise,2023-05,In force,Enabling,Mixed,US-led (USSTRATCOM/JFCC-IMD) biennial multinational IAMD policy wargame campaign spanning ~24 nations and four international organisations; Australia is a participant and hosted the Nimble Titan 24 Crisis Event in Melbourne in May 2023 (146 representatives from 20 nations).,Missile warning/tracking experimentation rides directly on space-based sensing; brings policy and military players together. First year of Australian participation predates 2023 but is unconfirmed - signed field reflects the evidenced Melbourne hosting.,FACT,High,CONFIRMED,,Nimble Titan enhances multinational partnerships,US DoD DVIDS,2023,https://www.dvidshub.net/news/440493/nimble-titan-enhances-multinational-partnerships,2
VEH-MULTILATERAL-60,Multilateral,multilateral,"Exercise Virtual Flag: Coalition (Coalition Virtual Flag, CVF)",Exercise,2009,In force,Enabling,Working,"US-led distributed synthetic exercise integrating air, land, surface, space and cyber warfighters from the US, UK, Australia and Canada in a virtual battlespace; RAAF participation every year since 2009, distributed from the Australian Air Warfare Centre from ~2021.",Space explicitly listed among integrated domains. Corroborated by RAAF's The Runway (runway.airforce.gov.au) and Defence news.,FACT,High,CONFIRMED,,"US, UK, Australian and Canadian forces operate as a combined force in exercise VIRTUAL FLAG: Coalition",US DoD DVIDS,2022-11,https://www.dvidshub.net/news/433706/us-uk-australian-and-canadian-forces-operate-combined-force-exercise-virtual-flag-coalition,2
VEH-US-47,United States of America,us,Exercise Red Flag (Nellis / Alaska) - RAAF participation,Exercise,1980,In force,Enabling,Military,"US Air Force's premier air combat training exercise, explicitly integrating air, space and cyberspace; long-standing RAAF participation, including Red Flag Nellis 24-1 alongside US and UK (F-35A deployment) and Red Flag 26.","Red Flag is billed by the USAF as an air, space and cyberspace exercise; space serials inject SATCOM-denied and GPS-degraded conditions. 2026 participation corroborated by Army Recognition reporting on Red Flag 26.",FACT,High,CONFIRMED,,Australia joins United States and United Kingdom for Exercise Red Flag Nellis 24-1,Australian Department of Defence,2024-01,https://www.defence.gov.au/news-events/releases/2024-01-15/australia-joins-united-states-united-kingdom-exercise-red-flag-nellis-24-1,2
VEH-MULTILATERAL-71,Multilateral,multilateral,Exercise Keen Edge (Japan-US command post exercise - Australia joined from 2024),Exercise,2024-02,In force,General,Military,"Biennial Japan-US bilateral command post exercise (since 1985) for the defence of Japan that became trilateral with Australia's first full participation at Keen Edge 24 (February 2024), exercising multi-domain headquarters-level C2.",3+ parties so filed under multilateral per register rules despite the register's Japan-page precedent for trilateral exercises. Corroborated by Indo-Pacific Defense Forum and Defence Connect.,FACT,High,CONFIRMED,,Ex. Keen Edge 24 Concludes with Trilateral Successes,US DoD DVIDS,2024-02,https://www.dvidshub.net/news/463932/ex-keen-edge-24-concludes-with-trilateral-successes,2
VEH-MULTILATERAL-73,Multilateral,multilateral,Exercise Keen Sword (Japan-US field training exercise - ADF participation from 2024),Exercise,2024-11,In force,General,Military,"Biennial Japan-US field training exercise for the defence of Japan; ~80 ADF personnel participated in Keen Sword 25 (Oct-Nov 2024) including two RAAF P-8A Poseidons, civil-military cooperation personnel and amphibious observers.",Companion FTX to the Keen Edge CPX; ADF participation set to continue per the 2024 trilateral exercise commitments. 3+ parties so filed under multilateral.,FACT,High,CONFIRMED,,Exercise Keen Sword concludes,Australian Department of Defence,2024-11,https://www.defence.gov.au/news-events/releases/2024-11-02/exercise-keen-sword-concludes,2
VEH-MULTILATERAL-88,Multilateral,multilateral,Exercise Pacific Partnership (US-led multinational HADR mission - ADF participation),Exercise,,In force,General,Working,"US Navy's largest annual multinational humanitarian assistance and disaster relief mission in the Indo-Pacific (21st iteration in 2025); ADF personnel deployed aboard USS Pearl Harbor and USS John L Canley supporting activities in PNG, FSM and Samoa alongside nine partner nations.",Low space relevance but a standing recurring combined activity absent from the register; ADF participation predates 2025 by many iterations.,FACT,High,CONFIRMED,,ADF strengthens disaster management across the Pacific,Australian Department of Defence,2025-11,https://www.defence.gov.au/news-events/releases/2025-11-05/adf-strengthens-disaster-management-across-pacific,2
VEH-PACIFIC-42,"Australia–Pacific partners: Papua New Guinea, Fiji, Tuvalu, Solomon Islands, Vanuatu, and Pacific Islands Forum regional architecture",pacific,Treaty between Australia and Timor-Leste Establishing Their Maritime Boundaries in the Timor Sea (2018),Treaty,2018-03-06,In force,General,Ministerial,Permanent maritime boundary settlement (first UNCLOS conciliation outcome) with Greater Sunrise special regime; stabilises the shared maritime domain that bilateral defence/maritime security cooperation operates within. Entered into force 30 August 2019.,Superseded the 2002 Timor Sea Treaty and 2006 CMATS. Security-relevant via boundary certainty and joint resource regime.,FACT,High,CONFIRMED,,Establishing Maritime Boundaries in the Timor Sea / Australia's maritime arrangements with Timor-Leste,Australian Minister for Foreign Affairs / DFAT,2018-03-06,https://www.foreignminister.gov.au/minister/marise-payne/media-release/establishing-maritime-boundaries-timor-sea; https://www.dfat.gov.au/geo/timor-leste/australias-maritime-arrangements-with-timor-leste,2
VEH-PACIFIC-52,"Australia–Pacific partners: Papua New Guinea, Fiji, Tuvalu, Solomon Islands, Vanuatu, and Pacific Islands Forum regional architecture",pacific,Joint Declaration on Establishing a Parseria Foun ba Era Foun (New Partnership for a New Era) between Timor-Leste and Australia,Statement/Declaration,2026-01-28,In force,General,Head of government,"First leaders-level comprehensive partnership declaration, signed in Dili; three pillars including peace and regional integration (security cooperation); establishes a Joint Action Plan with monitoring; implementing MoU signed June 2026 (Wong-Bendito).","Umbrella under which the DCA, DCP and maritime cooperation now sit.",FACT,High,CONFIRMED,,Joint declaration on establishing a Parseria Foun Ba Era Foun (New Partnership for a New Era),Prime Minister of Australia / Government of Timor-Leste,2026-01-28,https://www.pm.gov.au/media/joint-declaration-establishing-parseria-foun-ba-era-foun-new-partnership-new-era; https://timor-leste.gov.tl/?p=47100&lang=en,2
VEH-PACIFIC-46,"Australia–Pacific partners: Papua New Guinea, Fiji, Tuvalu, Solomon Islands, Vanuatu, and Pacific Islands Forum regional architecture",pacific,Australia-Samoa Bilateral Partnership Arrangement ('Ole Fala Folasia I Lo Ta Va' - The Map that Guides Us),Arrangement,2023-03,In force,General,Head of government,"Prime-ministerial umbrella partnership arrangement covering economic, security and development cooperation - the framework Samoan-Australian security engagement rides on.",No standalone Samoa bilateral security treaty exists as of July 2026 - this BPA plus SAPP and the Feb 2026 package are the operative instruments.,FACT,High,CONFIRMED,,The Australia-Samoa Bilateral Partnership Arrangement,DFAT,2023-03,https://www.dfat.gov.au/countries/samoa/australia-samoa-bilateral-partnership-arrangement,2
VEH-PACIFIC-41,"Australia–Pacific partners: Papua New Guinea, Fiji, Tuvalu, Solomon Islands, Vanuatu, and Pacific Islands Forum regional architecture",pacific,Samoa-Australia Police Partnership (SAPP),Arrangement,2009,In force,General,Working,"AFP-Samoa Police, Prisons and Corrections Service partnership for policing capability, training and responsiveness.",Register includes analogous RSIPF-AFP partnership for Solomon Islands but not the Samoa equivalent.,FACT,High,CONFIRMED,,Samoa country brief,DFAT,2009,https://www.dfat.gov.au/geo/samoa/samoa-country-brief,2
VEH-PACIFIC-53,"Australia–Pacific partners: Papua New Guinea, Fiji, Tuvalu, Solomon Islands, Vanuatu, and Pacific Islands Forum regional architecture",pacific,Samoa-Australia Memorandum of Cyber Cooperation and regional policing agreements (February 2026 package),MoU,2026-02-26,In force,Enabling,Ministerial,Three agreements: long-term cyber security cooperation MoU (AUD 2m over 3 years) plus agreement formalising Samoa's participation in regional policing arrangements incl. the Pacific Police Support Group and multinational response coordination.,"Cyber MoU is the info-security layer space cooperation would ride on. Media-sourced; confirm instrument names/dates against DFAT. | CORRECTION: Signing date is 24 February 2026 (Tuesday), in Apia, not 26 February 2026. The package is three MoUs: policing initiatives, Pacific policing deployment, and digital resilience/cybersecurity, signed by Samoan PM La'aulialemalietoa Leuatea Polataivao Fosi Schmidt and Australian FM Penny Wong.",TO_VERIFY,Medium,CORRECTED,"Signing date is 24 February 2026 (Tuesday), in Apia, not 26 February 2026. The package is three MoUs: policing initiatives, Pacific policing deployment, and digital resilience/cybersecurity, signed by Samoan PM La'aulialemalietoa Leuatea Polataivao Fosi Schmidt and Australian FM Penny Wong.",Samoa signs three agreements with Australia on cyber security and policing,"Samoa NewsHub / PMN News (corroboration lead: FM Wong 'Opening remarks - MOU signing with Prime Minister of Samoa', foreignminister.gov.au)",2026-02-26,https://samoanewshub.com/2026/02/26/samoa-signs-three-agreements-with-australia-on-cyber-security-and-policing/; https://www.foreignminister.gov.au/minister/penny-wong/transcript/opening-remarks-mou-signing-prime-minister-samoa,2
VEH-PACIFIC-50,"Australia–Pacific partners: Papua New Guinea, Fiji, Tuvalu, Solomon Islands, Vanuatu, and Pacific Islands Forum regional architecture",pacific,Tonga-Australia Statement of Intent on an elevated 'Kaume'a Ofi' partnership,Statement/Declaration,2025-09-19,In force,General,Senior official,"SOI committing both governments to elevate the relationship through a comprehensive, enduring 'Kaume'a Ofi' (close friends) agreement; signed during the Tongan royal visit to Canberra; the treaty-level agreement itself remained under negotiation as of 2026.",Track the follow-on Kaume'a Ofi agreement as a prospective Under-negotiation vehicle.,FACT,High,CONFIRMED,,Statement of Intent Tonga-Australia (signed PDF) / Increasing our engagement with Tonga,DFAT,2025-09-19,https://www.dfat.gov.au/sites/default/files/statement-intent-tonga-australia-signed.pdf; https://www.dfat.gov.au/geo/tonga/increasing-our-engagement-with-tonga,2
VEH-PACIFIC-49,"Australia–Pacific partners: Papua New Guinea, Fiji, Tuvalu, Solomon Islands, Vanuatu, and Pacific Islands Forum regional architecture",pacific,Tonga-Australia Memorandum of Understanding on Cyber Cooperation,MoU,2025-09,In force,Enabling,Senior official,"Bilateral cyber cooperation MoU to protect national security, manage cyber threats and harness emerging technologies; signed alongside the Kaume'a Ofi SOI.",Cyber/info-security layer relevant to any future space data-sharing with Tonga.,FACT,High,CONFIRMED,,Australia welcomes Tongan Royal Family,Australian Minister for Foreign Affairs,2025-09-19,https://www.foreignminister.gov.au/minister/penny-wong/media-release/australia-welcomes-tongan-royal-family,2
VEH-PACIFIC-54,"Australia–Pacific partners: Papua New Guinea, Fiji, Tuvalu, Solomon Islands, Vanuatu, and Pacific Islands Forum regional architecture",pacific,Australia-Tonga Defence Cooperation Program (DCP),Other,,In force,General,Working,"Long-standing DCP: ADF advisers to His Majesty's Armed Forces, maritime security (Guardian-class boats VOEA Ngahau Koula/Siliva, landing craft VOEA Late 2025), HADR, capability development, land force engagement and infrastructure.",Register lists PNG and (via this hunt) Timor-Leste DCPs; Tonga DCP equally material.,FACT,High,CONFIRMED,,Security Partnership with Tonga / Supporting a safe and strong Tonga,Australian High Commission Tonga / Defence Ministers,2025-10-15,https://tonga.embassy.gov.au/nkfa/securitypartnership.html; https://www.minister.defence.gov.au/media-releases/2025-10-15/supporting-safe-strong-tonga,2
VEH-PACIFIC-45,"Australia–Pacific partners: Papua New Guinea, Fiji, Tuvalu, Solomon Islands, Vanuatu, and Pacific Islands Forum regional architecture",pacific,Kiribati-Australia 'Nurturing the Partnership' Memorandum of Understanding,MoU,2023,In force,Enabling,Ministerial,"Umbrella MoU covering security cooperation, maritime security and maritime infrastructure (Delta Wharf upgrade for Guardian-class boats), cybersecurity and disaster response; second Guardian-class patrol boat committed.",Only named Australia-Kiribati security instrument found; no new agreement announced during the Feb 2026 Deputy PM visit. Confirm exact signature date/signatories.,TO_VERIFY,Medium,,,Australia scales up security cooperation with Kiribati,Islands Business (corroboration leads: DFAT Kiribati page; Defence Ministers releases Jan 2025 / Feb 2026 Kiribati visits),2023-02,https://islandsbusiness.com/news-break/australia-scales-up-security-cooperation-with-kiribati/; https://www.minister.defence.gov.au/media-releases/2026-02-17/travel-kiribati-solomon-islands,2
VEH-PACIFIC-43,"Australia–Pacific partners: Papua New Guinea, Fiji, Tuvalu, Solomon Islands, Vanuatu, and Pacific Islands Forum regional architecture",pacific,Cook Islands-Australia 'Oa Tumanava' Partnership,Arrangement,2022,In force,General,Head of government,"Comprehensive bilateral partnership ('enduring friendship - in peace times and in times of adversity') covering security cooperation among other pillars; reaffirmed at 30-years-of-partnership events, where Cook Islands called for a trilateral defence/security arrangement with Australia and NZ.",Signing year 2022 per PINA; existence confirmed on Cook Islands government site and DFAT taxonomy.,FACT,Medium,,,Australia and the Cook Islands re-affirm Oa Tumanava Partnership / Cook Islands signs new partnership with Australia,Cook Islands MFAI (gov.ck) / PINA,2022-10,https://mfai.gov.ck/news-updates/australia-and-cook-islands-re-affirm-oa-tumanava-partnership; https://pina.com.fj/2022/10/19/cook-islands-signs-new-partnership-with-australia/,2
VEH-PACIFIC-51,"Australia–Pacific partners: Papua New Guinea, Fiji, Tuvalu, Solomon Islands, Vanuatu, and Pacific Islands Forum regional architecture",pacific,Cook Islands-Australia Maritime Security Memorandum of Understanding (enhanced PMSP MoU),MoU,2025-10-01,In force,Enabling,Working,"Bilateral MoU formalising enhanced Pacific Maritime Security Program support - sustainment of Guardian-class Te Kukupa II, aerial surveillance and evolving maritime security needs - bolstering the Oa Tumanava Partnership.",Satellite-derived maritime domain awareness (incl. IPMDA feeds) rides on these bilateral surveillance MoUs - hence Enabling.,FACT,High,,,"Australia, Cook Islands elevate maritime security cooperation",Australian High Commission Cook Islands / DFAT,2025-10-01,https://cookislands.highcommission.gov.au/rtga/media-australia-cook-islands-elevate-maritime-security-cooperation.html; https://www.dfat.gov.au/geo/cook-islands/engagement-in-cook-islands,2
VEH-MULTILATERAL-43,Multilateral,multilateral,Pacific Islands Chiefs of Police (PICP),Forum,1970,In force,General,Senior official,"Regional forum of 22 Pacific police forces (AFP a member) for policing cooperation, transnational crime and strategic planning; secretariat in Wellington; institutionally linked to Pacific Policing Initiative delivery (Pinkenba Hub, Brisbane).","Register carries PPI and JHoPS but not PICP, one of the oldest Pacific security bodies.",FACT,High,,,AFP joins Pacific police leaders to build safer communities / PICP Secretariat,Australian Federal Police / PICP,2025,https://www.afp.gov.au/news-centre/media-release/afp-joins-pacific-police-leaders-build-safer-communities; https://www.picp.co.nz/picp-secretariat,2
VEH-MULTILATERAL-51,Multilateral,multilateral,Niue Treaty on Cooperation in Fisheries Surveillance and Law Enforcement in the South Pacific Region [1993] ATS 31,Treaty,1992-07,In force,Enabling,Ministerial,"FFA-member multilateral treaty (Australia a party) providing the legal framework for cooperative fisheries surveillance and law enforcement - information exchange, joint operations, cross-vesting of enforcement powers - across the South Pacific.",Legal spine for regional maritime surveillance that satellite-based MDA (incl. IPMDA data) is shared under - hence Enabling.,FACT,High,,,Niue Treaty on Cooperation in Fisheries Surveillance and Law Enforcement in the South Pacific Region [1993] ATS 31,AustLII (Australian Treaty Series) / AFMA,1993,https://www.austlii.edu.au/au/other/dfat/treaties/1993/31.html; https://www.afma.gov.au/fisheries-management/international-fisheries-management/niue-treaty-subsidiary-agreement,2
VEH-MULTILATERAL-62,Multilateral,multilateral,Niue Treaty Subsidiary Agreement (NTSA) - Agreement on Strengthening Implementation of the Niue Treaty,Agreement,2012-11-02,In force,Enabling,Ministerial,Implementing agreement (opened for signature Honiara 2 Nov 2012; in force 22 Jul 2014) enabling multilateral sharing of fisheries surveillance data/intelligence and cross-border enforcement cooperation against IUU fishing; Australia signed and JSCOT reviewed it in 2015; AFMA operates under it.,Confirm date Australia formally became party (post-2015 JSCOT review).,FACT,Medium,,,Niue Treaty Subsidiary Agreement / JSCOT review (2014 ATNIF 25),Australian Fisheries Management Authority / Parliament of Australia,2014-07-22,https://www.afma.gov.au/fisheries-management/international-fisheries-management/niue-treaty-subsidiary-agreement; https://www.aph.gov.au/~/media/02%20Parliamentary%20Business/24%20Committees/244%20Joint%20Committees/JSCT/2015/1Dec2015/2014%20ATNIF%2025%20-%20Agreement%20on%20Strengthening%20Implementation%20of%20the%20Niue%20Treaty%20on%20Cooperation%20in%20Fisheries%20Surveillance%20and%20Law%20Enforcement%20in%20the%20Sou.pdf?la=en,2
VEH-MULTILATERAL-47,Multilateral,multilateral,"South Pacific Forum Fisheries Agency (FFA) Convention (Honiara, 1979)",Treaty,1979,In force,Enabling,Ministerial,"Establishes the FFA (Australia a founding member), which runs the Regional Fisheries Surveillance Centre and coordinated operations (e.g. Op Kurukuru) that ADF assets support under Operation Solania and the PMSP aerial surveillance program.",Australia's FFA membership referenced on AFMA pages accessed this session; 1979 Convention text/date not directly accessed - verify ATS citation.,TO_VERIFY,High,,,International Engagement (FFA membership context),Australian Fisheries Management Authority,2026,https://www.afma.gov.au/international-engagement,2
VEH-MULTILATERAL-52,Multilateral,multilateral,FRANZ Arrangement (Joint Statement on Disaster Relief Cooperation in the South Pacific) - CORRECTION to existing entries,Arrangement,1992-12-22,In force,Enabling,Mixed,"France-Australia-NZ trilateral signed in Wellington 22 Dec 1992: coordinated disaster reconnaissance and relief in the Pacific at partner request; civilian-led, defence-supported; satellite EO imagery is a core reconnaissance input.","CORRECTS existing register entries #114 (multilateral, no date, TO_VERIFY) and #148 (pacific, 1992, TO_VERIFY): now verified - signed Wellington 22 Dec 1992, in force/active. The two entries are duplicates and should be consolidated into one.",FACT,High,CONFIRMED,,30th anniversary of the FRANZ trilateral cooperation arrangement / The FRANZ Arrangement brochure,DFAT / NZ MFAT / France Diplomatie,1992-12-22,https://www.dfat.gov.au/news/media-release/30th-anniversary-franz-trilateral-cooperation-arrangement; https://www.mfat.govt.nz/assets/Aid-Prog-docs/NZDRP-docs/Franz-Arrangement-Brochure.pdf,2
VEH-MULTILATERAL-76,Multilateral,multilateral,Australia-Papua New Guinea-Indonesia Trilateral Defence Ministers' Meeting,Dialogue,2025-12-03,In force,General,Ministerial,"New trilateral defence ministers' dialogue linking Australia, PNG and Indonesia (joint statement issued 3 December 2025) - defence cooperation across the shared border region.",Existence and date confirmed from official release listing; whether Dec 2025 was the inaugural meeting not confirmed this session.,FACT,Medium,,,"Joint Statement, Australia-PNG-Indonesia Trilateral Defence Ministers' Meeting",Defence Ministers (minister.defence.gov.au),2025-12-03,https://www.minister.defence.gov.au/statements/2025-12-03/joint-statement-australia-png-indonesia-trilateral-defence-ministers-meeting,2
VEH-MULTILATERAL-65,Multilateral,multilateral,Australia Pacific Security College (APSC),Other,2019,In force,General,Working,Australian-funded college (hosted at ANU) delivering security and leadership education to Pacific security officials region-wide; cited by DFAT alongside the Pacific Fusion Centre as a standing regional security initiative.,Register includes the comparable Pacific Fusion Centre but not APSC; confirm establishment year (2019) and mandate on the APSC site.,TO_VERIFY,Medium,,,Engagement in Cook Islands (references Australia Pacific Security College),DFAT,2026,https://www.dfat.gov.au/geo/cook-islands/engagement-in-cook-islands,2
VEH-MULTILATERAL-49,Multilateral,multilateral,Missile Technology Control Regime (MTCR) — Australian partnership,Arrangement,1990,In force,Enabling,Senior official,"Informal political export-control regime limiting proliferation of missiles and UAV systems, incl. Category I space launch vehicle technology; Australia a partner since 1990, chaired 2008-09 and hosted the 2008 Canberra Plenary","MTCR Annex Category I covers complete rocket systems including SLVs, so it directly conditions Australian launch-technology trade with all register partners",FACT,High,CONFIRMED,,Missiles — export control regimes,DFAT / Arms Control Association,2026-07-21,https://www.dfat.gov.au/international-relations/security/non-proliferation-disarmament-arms-control/export-control-regimes/Pages/missiles,2
VEH-MULTILATERAL-57,Multilateral,multilateral,Hague Code of Conduct against Ballistic Missile Proliferation (HCoC) — Australian subscription,Statement/Declaration,2002-11,In force,Direct,Senior official,"Politically binding transparency code: Australia commits to pre-launch notifications for ballistic missile AND space launch vehicle launches and to annual declarations of SLV policy; one of 93 original subscribing states (The Hague, 25 Nov 2002)",Directly binds Australian sovereign launch activity (e.g. future Australian launches trigger PLN obligations); the only launch-notification instrument Australia is inside,FACT,High,CONFIRMED,,Missiles — export control regimes (DFAT); hcoc.at,DFAT / HCoC Executive Secretariat,2026-07-21,https://www.hcoc.at/,2
VEH-MULTILATERAL-68,Multilateral,multilateral,Australian national commitment not to conduct destructive direct-ascent anti-satellite (DA-ASAT) missile testing,Statement/Declaration,2022-10-27,In force,Direct,Ministerial,"Joint Foreign Minister/Deputy PM-Defence Minister declaration (27 Oct 2022) committing Australia never to conduct destructive DA-ASAT tests, joining the US-led coalition of like-minded states (then 8 countries); aligned with UNGA resolution 77/41","A space-norms political commitment of exactly the HCoC type; made alongside US, UK, Canada, NZ, Japan, Germany, ROK — i.e. with most register partners",FACT,High,CONFIRMED,,Australia advances responsible action in space,Australian Minister for Foreign Affairs / Defence Ministers,2022-10-27,https://www.foreignminister.gov.au/minister/penny-wong/media-release/australia-advances-responsible-action-space,2
VEH-MULTILATERAL-48,Multilateral,multilateral,Committee on Earth Observation Satellites (CEOS) — Australian membership and 2025-26 Chair,Forum,1984,In force,Direct,Senior official,"Peak international civil EO satellite coordination body; CSIRO and Geoscience Australia are members, CSIRO chaired in 2016 and (with GA and Bureau of Meteorology support) took the Chair again from November 2025 — Australia is the sitting CEOS Chair as of July 2026",Australia holding the current chair is a material fact for any 2026 register,FACT,High,CONFIRMED,,Partnerships — CSIRO Centre for Earth Observation,CSIRO / CEOS,2026-07-21,https://research.csiro.au/cceo/partnerships/,2
VEH-MULTILATERAL-59,Multilateral,multilateral,International Committee on Global Navigation Satellite Systems (ICG) — Australian membership,Forum,2005,In force,Direct,Senior official,"UN-umbrella GNSS coordination committee; Australia is a member with an active GNSS programme, and Geoscience Australia co-organised ICG-18 (Oct 2024, Wellington) jointly with Land Information New Zealand",Directly relevant to SouthPAN/SBAS and QZSS hosting entries already in register,FACT,High,CONFIRMED,,International Committee on Global Navigation Satellite Systems (ICG),UNOOSA,2026-07-21,https://www.unoosa.org/oosa/en/ourwork/icg/icg.html,2
VEH-MULTILATERAL-55,Multilateral,multilateral,International Charter 'Space and Major Disasters' — Australia participates as Authorised User only (CORRECTION to tasking assumption),Other,2000,In force,Direct,Working,"Geoscience Australia activates the Charter for Australian disasters (bushfires, floods) as a non-member Authorised User under the Australian Government Disaster Response Plan; Australia is NOT a Charter member — the Charter's own membership page (checked this session) lists 17 member agencies, none Australian","CORRECTION: tasking assumed GA membership; verified status is non-member Authorised User. If added to register, record as access arrangement, not membership",FACT,High,CONFIRMED,,Charter Members & Partners (membership history),International Charter Space and Major Disasters,2026-07-21,https://disasterscharter.org/membership-history,2
VEH-MULTILATERAL-58,Multilateral,multilateral,Proliferation Security Initiative (PSI) — Australian founding participation,Statement/Declaration,2003,In force,General,Mixed,"Australia a founding endorser (2003) of the Statement of Interdiction Principles against WMD/missile-related trafficking; member of the 21-state Operational Experts Group and led PSI's first maritime interdiction exercise (Coral Sea, Sept 2003)","Includes interdiction of missile-technology cargoes (MTCR-controlled items), giving it an indirect space-technology-control dimension",FACT,High,CONFIRMED,,Proliferation Security Initiative,Australian Department of Defence / DFAT,2026-07-21,https://www.defence.gov.au/defence-activities/programs-initiatives/proliferation-security-initiative,2
VEH-MULTILATERAL-54,Multilateral,multilateral,Wassenaar Arrangement on Export Controls for Conventional Arms and Dual-Use Goods and Technologies — Australian founding participation,Arrangement,1996,In force,Enabling,Senior official,"Australia one of 33 founding participating states (1996); dual-use control lists include space-qualified components, propulsion and spacecraft-related items (Category 9), conditioning Australian defence-space trade with all register partners",Completes the export-control triad with MTCR and HCoC; Australia also chairs/hosts WA bodies periodically (not verified this session),FACT,High,,,About us — The Wassenaar Arrangement,Wassenaar Arrangement Secretariat,2026-07-21,https://www.wassenaar.org/about-us/,2
VEH-MULTILATERAL-89,Multilateral,multilateral,Five Country Ministerial (FCM),Dialogue,,In force,General,Ministerial,"Annual meeting of home affairs/interior/security ministers and attorneys-general of the five Five Eyes countries on security, border and counter-terrorism cooperation; Australia hosted 2024 (Sydney), UK hosted 2025 (London)",Included for Five Eyes ministerial completeness; General relevance — security-of-information ecosystem that classified space cooperation rides on,FACT,Medium,,,Five Country Ministerial — International Forums,Public Safety Canada / NZ DPMC,2026-07-21,https://www.publicsafety.gc.ca/cnt/ntnl-scrt/fv-cntry-mnstrl-en.aspx,2
VEH-MULTILATERAL-56,Multilateral,multilateral,Combined Maritime Forces (CMF) — Australian membership and CTF 150 command (CORRECTION: re-key from UAE to multilateral),Other,2001,In force,Enabling,Military,"Australia is a full member of the multinational naval partnership (HQ Bahrain, 40+ nations) and has repeatedly commanded Combined Task Force 150 under Operation Manitou, with RAN-led combined AUS-NZ-CAN staffs (2014, 2015-16, 2019-20 rotations)","CORRECTION to existing entry: register line 174 files CMF under [uae] only; register practice elsewhere (CSpO, Artemis) is to carry a multilateral master entry. This adds the missing multilateral entry with Australia's command role",FACT,High,,,Royal Australian Navy — Combined Maritime Forces,Combined Maritime Forces / Royal Australian Navy,2026-07-21,https://combinedmaritimeforces.com/category/royal-australian-navy/,2
VEH-MULTILATERAL-53,Multilateral,multilateral,Asia-Pacific Regional Space Agency Forum (APRSAF) — Australian participation and APRSAF-30 co-host,Forum,1993,In force,Direct,Senior official,"Largest regional space forum in the Asia-Pacific (est. 1993, JAXA-convened); the Australian Space Agency co-hosted APRSAF-30 with JAXA in Perth (26-29 Nov 2024, 30+ countries) and took a co-chair role on regional exploration promotion",Also the umbrella for Sentinel Asia disaster-monitoring — possible GA data-provider role worth a follow-up check,FACT,High,,,APRSAF-30 displays the region's space capabilities,Australian Space Agency / APRSAF,2024-11,https://www.space.gov.au/news-and-media/aprsaf-30-displays-regions-space-capabilities,2
VEH-MULTILATERAL-90,Multilateral,multilateral,"International Telecommunication Union (ITU) — Australian membership, Radio Regulations and satellite network filings",Treaty,,In force,Enabling,Senior official,"ITU Constitution/Convention and Radio Regulations govern Australia's access to orbital slots and satellite spectrum; ACMA acts as Australia's notifying administration for satellite filings, including those supporting Defence capabilities",Included for completeness on the same logic as the register's COPUOS entry: the treaty regime every satellite entry in the register operationally depends on. Verify ACMA filing role and whether register scope wants universal UN bodies,TO_VERIFY,Medium,CONFIRMED,,ITU member states list / ACMA space and satellite regulation (best lead — not accessed this session),ITU / ACMA,,https://www.itu.int/en/about/Pages/membership.aspx,2
VEH-US-56,United States of America,us,Australia-US Defense Trade Cooperation Treaty Implementing Arrangement,Arrangement,"2013 (effective 16 May 2013, alongside DTCT entry into force)",In force,Enabling,Senior official,Non-binding arrangement prescribing detailed procedures and standards for the Approved Community and licence-free defence trade under the 2007 Defense Trade Cooperation Treaty (register #249).,"Parent DTCT is on the register; this subsidiary Implementing Arrangement is a distinct instrument that operationalises it and is the working-level rulebook for treaty-covered exports. | CORRECTION: The Implementing Arrangement was signed at Washington on 14 March 2008 (in two originals), not 2013; it came into effect on 16 May 2013 when the DTCT entered into force. Record as: signed 2008-03-14, effective 2013-05-16, In force.",FACT,High,CORRECTED,"The Implementing Arrangement was signed at Washington on 14 March 2008 (in two originals), not 2013; it came into effect on 16 May 2013 when the DTCT entered into force. Record as: signed 2008-03-14, effective 2013-05-16, In force.","Australia-US Defence Trade Cooperation Treaty (Business & Industry page); Federal Register implementation notice (78 FR 21523, effective 16 May 2013)",Australian Department of Defence; US Federal Register,2013-05-16,https://www.defence.gov.au/business-industry/exporting/us-trade-treaty ; https://www.federalregister.gov/documents/2013/04/11/2013-08506/implementation-of-the-defense-trade-cooperation-treaty-between-the-united-states-and-australia,2
VEH-US-55,United States of America,us,Australia-US UHF SATCOM Capacity Sharing MoU (Intelsat-22 hosted payload / MUOS access),MoU,2010-04-28,In force,Direct,Military,"MoU signed by US VCJCS Gen Cartwright and Australian VCDF Lt Gen Hurley: US forces gain access to the ADF-owned 18-channel UHF hosted payload on Intelsat IS-22 (72 deg E, IOR); ADF gains access to US MUOS constellation UHF capacity for Pacific coverage.","The register has the WGS MoU (#253) but not this parallel UHF instrument. IS-22 payload still operating - Defence extended the hosted-payload contract Nov 2025 ($180m), so the sharing arrangement is evidently ongoing. Direct SpaceNews fetch was rate-limited; details obtained from SpaceNews/Defense Daily content via search this session.",FACT,Medium,CONFIRMED,,"Australian, U.S. Forces To Share UHF Satellite Capacity; DoD, Australia Sharing Hosted UHF Payload Space On Intelsat 22 Satellite",SpaceNews; Defense Daily,2010-04-28,https://spacenews.com/australian-us-forces-share-uhf-satellite-capacity-agreement-involves-us-mobile-user/,2
VEH-US-50,United States of America,us,Pine Gap Agreement amendment and extension Exchanges of Notes (1977; [1988] ATS 36; 1998 extension [2000] ATS 27),Agreement,"1988-11-16 (amendment); 1998-06-04 (extension, EIF 18 August 2000)",In force,Direct,Ministerial,"Treaty-level exchanges of notes amending/extending the 1966 Pine Gap Agreement (register #236): 1977 amendment; 16 Nov 1988 exchange extending the non-termination period 10 years and reflecting the facility's renaming; 4 June 1998 exchange further extending operation (JSCOT Report 26, 1999).",These are the publicly-acknowledged implementing/extension instruments for Pine Gap; the register holds only the 1966 head agreement. Deeper implementing arrangements remain classified.,FACT,High,CONFIRMED,,"Exchange of Notes amending the Agreement on the Establishment of a Joint Space Research Facility [Pine Gap] [1988] ATS 36; US State Dept treaty action 12959 (1998 extension, EIF 18 Aug 2000)",AustLII/DFAT Australian Treaty Series; US Department of State,1988-11-16,https://www.austlii.edu.au/au/other/dfat/treaties/1988/36.html ; https://www.state.gov/12959,2
VEH-US-51,United States of America,us,SBIRS Relay Ground Station (RGS-A) at Pine Gap - establishment arrangements (1998-1999),Arrangement,1998-1999 (announced with Nurrungar closure package; operational late 1999),In force,Direct,Military,Arrangements under which the US missile early-warning (DSP/SBIRS) relay ground station was established at Pine Gap when Nurrungar (register #237) closed; relays OPIR data to US and Australian headquarters.,Unclear whether a discrete instrument exists or whether the RGS rides wholly on the 1998 Pine Gap extension plus classified implementing arrangements - JSCOT's 1999 review is the best public lead. Materially different function (missile early warning) from the SIGINT head agreement.,TO_VERIFY,Low,CONFIRMED,,Pine Gap (facility study); JSCOT Report 26 (1999) - Agreement to extend the period of operation of the Joint Defence Facility at Pine Gap,Nautilus Institute; JSCOT,1999,https://nautilus.org/publications/books/australian-forces-abroad/defence-facilities/pine-gap/ ; https://nautilus.org/wp-content/uploads/2011/12/JSCOT-An-Agreement-to-extend-the-period-of-operation-of-the-Joint-Defence-Facility-at-Pine-Gap.-Report-26.pdf,2
VEH-US-54,United States of America,us,Australia-US Exchange of Letters relating to Harold E. Holt Naval Communication Station (2010),Agreement,2010,TO_VERIFY,Enabling,Senior official,"Exchange of letters cited as implementing/supplementing the 2008 HEH Treaty (register #235), around the time of its entry into force and the shift to contractor operation.","Also check for any 2010s amendment expressly covering space-surveillance systems (C-band radar, SST) at the site - Nautilus notes the agreements were being updated as of April 2026; DFAT treaty database is the verification path.",TO_VERIFY,Low,CONFIRMED,,Naval Communication Station Harold E. Holt (North West Cape) facility study - treaty lineage list,Nautilus Institute,2010,https://nautilus.org/publications/books/australian-forces-abroad/defence-facilities/naval-communication-station-harold-e-holt-north-west-cape/,2
VEH-US-48,United States of America,us,"US-Australia space tracking facilities agreement lineage (1960 exchange of notes; 1980 agreement as amended and extended, incl. [2010] ATS 9)",Agreement,1980-05-29 (predecessors from 1960; extensions incl. 25 Feb 2010 [2010] ATS 9 and 2011/12 exchange to 26 Feb 2014),Lapsed/superseded,Direct,Ministerial,"Predecessor exchanges of notes governing NASA tracking stations in Australia (Honeysuckle Creek, Orroral, Tidbinbilla, Yarragadee laser ranging), repeatedly amended/extended until replaced by the 2017/2018 agreement.",Historic lineage entry mirroring the register's treatment of historic German Woomera agreements (#17).,FACT,High,CONFIRMED,,"Amendment and Extension of the Agreement concerning Space Vehicle Tracking and Communications Facilities (Canberra, 25 February 2010) [2010] ATS 9",AustLII/DFAT Australian Treaty Series,2010-02-25,https://www.austlii.edu.au/au/other/dfat/treaties/2010/9.html,2
VEH-MULTILATERAL-40,Multilateral,multilateral,"Project SPARTA Memorandum of Arrangement (US-UK-Australia re-entry research at Woomera, 1966)",Arrangement,1966,Lapsed/superseded,Direct,Senior official,"Trilateral arrangement for US (DARPA)-UK-Australian upper-atmosphere re-entry physics launches from Woomera using Redstone-based vehicles; a spare vehicle launched WRESAT, Australia's first satellite, in November 1967.",Included for historic completeness parallel to register #17; needs verification of the governing instrument's formal name and parties.,TO_VERIFY,Low,,,Lead: histories of the Woomera range and WRESAT (DST Group/NAA); instrument name and citation unverified this session,Defence Science and Technology Group / National Archives of Australia (lead - not accessed this session),1966,https://www.dst.defence.gov.au,2
VEH-MULTILATERAL-91,Multilateral,multilateral,Five Eyes Defence Ministers' Meeting (FVEY DMM),Dialogue,,In force,Enabling,Ministerial,Periodic meetings of the five defence ministers (AUS-CAN-NZ-UK-US) coordinating defence policy across the Five Eyes — the defence-ministerial superstructure above the UKUSA intelligence agreement already in the register,"Existence documented (DoD release, subsequent meetings reported through 2023-24); current cadence and most recent 2025-26 communique not confirmed this session",TO_VERIFY,Medium,,,Five Eyes Defence Ministers' Meeting — Press Release (Dec 2020),US Department of Defense,2020-12,https://www.defense.gov/News/Releases/Release/Article/2384146/five-eyes-defence-ministers-meeting-press-release/,2
